attack,epsilon,subset_position,label,adv_pred,ssim,iou_top20,pearson,deceptive
FGSM,0.01,1,8,1,0.6252499154428593,0.3993174061433447,0.5177649663649173,False
FGSM,0.01,3,6,2,0.16599500854189655,0.03258145363408521,-0.22259080297841763,False
FGSM,0.01,4,6,5,0.7720852315642172,0.7446808510638298,0.8632425389832746,False
FGSM,0.01,5,1,9,0.8075174604977905,0.7154811715481172,0.9320836232207459,False
FGSM,0.01,6,6,2,0.49934768719638606,0.31309904153354634,0.47067446950601505,False
FGSM,0.01,7,3,5,0.2571254694061464,0.23867069486404835,0.45742709650594887,False
FGSM,0.01,8,1,9,0.8007985715859035,0.64,0.8748608072288733,False
FGSM,0.01,9,0,5,0.6409313194178177,0.6653225806451613,0.8773797662380978,False
FGSM,0.01,11,5,7,0.723230902893612,0.659919028340081,0.8366003763714548,False
FGSM,0.01,14,8,6,0.6647554523891566,0.5145985401459854,0.8263460344433945,False
FGSM,0.01,15,5,3,0.6958773727855954,0.5129151291512916,0.7347749744471551,False
FGSM,0.01,16,7,9,0.22791643262316078,0.08465608465608465,0.15721899853424512,False
FGSM,0.01,18,6,2,0.7930011769106402,0.6334661354581673,0.8989274293216588,False
FGSM,0.01,19,7,5,0.4908685196747662,0.37583892617449666,0.5751248615315646,False
FGSM,0.01,21,4,2,0.4155581345433155,0.3442622950819672,0.39020403040862345,False
FGSM,0.01,22,9,1,0.7470374941803823,0.5073529411764706,0.7541037126927638,False
FGSM,0.01,23,5,3,0.7378626234895556,0.45390070921985815,0.8012867133482245,False
FGSM,0.01,24,2,3,0.4691795035342537,0.5018315018315018,0.7461985300465087,False
FGSM,0.01,25,4,5,0.11500192380631852,0.21176470588235294,0.13354271346863753,False
FGSM,0.01,26,9,1,0.6249959365900098,0.3918918918918919,0.6671674674156226,False
FGSM,0.01,27,6,4,0.747893616105237,0.5992217898832685,0.8691020739527802,False
FGSM,0.01,28,6,3,0.1747661150241761,0.16809116809116809,0.2595905087882221,False
FGSM,0.01,29,5,3,0.3158696561320044,0.20588235294117646,0.36091669134195964,False
FGSM,0.01,31,5,2,-0.10639177717416311,0.03787878787878788,-0.28988513071880345,False
FGSM,0.01,34,1,9,0.7344405757839869,0.33116883116883117,0.7513625552238522,False
FGSM,0.01,36,6,2,0.38195807663875375,0.3576158940397351,0.262361078179771,False
FGSM,0.01,39,9,1,0.7298903106794467,0.37209302325581395,0.7285030496202929,False
FGSM,0.01,40,3,6,0.8078704908402008,0.583011583011583,0.8653235591953911,False
FGSM,0.01,41,7,4,0.7883077358176722,0.6872427983539094,0.9385025326166242,False
FGSM,0.01,42,6,2,0.6773963350604272,0.45907473309608543,0.7014145885811139,False
FGSM,0.01,44,8,6,0.4868470676748403,0.20943952802359883,0.3963857056043245,False
FGSM,0.01,48,7,4,0.5562364174717467,0.30158730158730157,0.706125968929282,False
FGSM,0.01,50,4,5,0.635833207646677,0.4748201438848921,0.6985951650185137,False
FGSM,0.01,52,7,5,0.8849984843438193,0.7226890756302521,0.9435215557160049,False
FGSM,0.01,54,6,5,0.6556726423637754,0.5353159851301115,0.8559274812316758,False
FGSM,0.01,55,3,5,0.5173872765972084,0.583011583011583,0.8971202409987734,False
FGSM,0.01,56,6,3,0.3751271137443191,0.4731182795698925,0.701585230551084,False
FGSM,0.01,58,2,1,0.06179129100024436,0.07329842931937172,-0.17989169678463923,False
FGSM,0.01,59,3,5,0.6870076417090846,0.6454183266932271,0.899953159661474,False
FGSM,0.01,60,7,4,0.47953257153427903,0.30990415335463256,0.4616956192809383,False
FGSM,0.01,61,2,5,0.2741480108420089,0.3431372549019608,0.3741145034739766,False
FGSM,0.01,62,6,5,0.6619680041265426,0.5241635687732342,0.8486979059421376,False
FGSM,0.01,65,0,9,0.6389177084498151,0.33116883116883117,0.666096747358705,False
FGSM,0.01,68,3,1,0.28208239680174646,0.11684782608695653,0.35584063957352857,False
FGSM,0.01,69,3,5,0.8307946191280227,0.7446808510638298,0.8653892280674034,False
FGSM,0.01,72,1,9,0.6967587367457216,0.5129151291512916,0.7698980272663905,False
FGSM,0.01,73,1,9,0.7917861867056796,0.5708812260536399,0.8816607840275088,False
FGSM,0.01,74,7,5,0.4671342943957938,0.2803738317757009,0.39269006383680155,False
FGSM,0.01,75,2,3,0.4791695539028103,0.2654320987654321,0.42814411943035563,False
FGSM,0.01,76,5,7,0.6822296492665862,0.5355805243445693,0.8970052717644282,False
FGSM,0.01,77,7,3,0.7053265789821304,0.7083333333333334,0.933439142854104,False
FGSM,0.01,79,9,1,0.8840481501138775,0.5953307392996109,0.9436994546378646,False
FGSM,0.01,80,0,1,0.7780802022864127,0.5953307392996109,0.8875332974722239,False
FGSM,0.01,82,6,2,0.7949083145951009,0.5627376425855514,0.8477341915015271,False
FGSM,0.01,83,4,5,0.82344197442193,0.6546184738955824,0.8358691914494881,False
FGSM,0.01,85,6,4,-0.03874115887507534,0.029850746268656716,-0.20208463772244914,False
FGSM,0.01,86,0,2,0.7101084886217964,0.4748201438848921,0.7396839706603052,False
FGSM,0.01,88,7,3,-0.15534246509600128,0.0,-0.3417720500244658,False
FGSM,0.01,89,4,7,0.8535928523840284,0.7903930131004366,0.9367669319756347,False
FGSM,0.01,90,5,3,0.25564695966909445,0.13573407202216067,0.23106963266391956,False
FGSM,0.01,91,6,5,0.584706826141027,0.43859649122807015,0.668469358080084,False
FGSM,0.01,92,3,6,0.6805837856785266,0.5296296296296297,0.8644067737509302,False
FGSM,0.01,95,3,6,0.6921573886895805,0.43356643356643354,0.8424726372175485,False
FGSM,0.01,96,6,2,0.4376917194274389,0.1601123595505618,-0.0006656544331787961,False
FGSM,0.01,98,4,7,0.41760516640717804,0.25,0.47502555330823404,False
FGSM,0.01,99,0,8,0.2710887292253967,0.49818181818181817,0.5749899956213507,False
FGSM,0.01,101,2,6,0.7982265537483453,0.4748201438848921,0.7895416172564128,False
FGSM,0.01,102,1,9,0.9233613956785767,0.6532258064516129,0.9568737518699525,False
FGSM,0.01,103,3,6,0.1249464938566662,0.06493506493506493,0.27678435684657016,False
FGSM,0.01,104,0,8,0.7424229240188231,0.5769230769230769,0.7136550915446805,False
FGSM,0.01,105,4,0,0.5515508415940709,0.4642857142857143,0.8195825509124322,False
FGSM,0.01,107,7,2,-0.025154682076218387,0.009852216748768473,-0.4045310866788421,False
FGSM,0.01,108,8,0,0.7982337132493067,0.55893536121673,0.8233781725408298,False
FGSM,0.01,109,3,5,0.8823219735682364,0.8981481481481481,0.9829425567911733,False
FGSM,0.01,110,1,9,0.6612862228118324,0.46953405017921146,0.9119734846601396,False
FGSM,0.01,112,8,1,0.6716907588908305,0.44366197183098594,0.746434549952106,False
FGSM,0.01,113,0,2,0.029962539596852248,0.017241379310344827,0.0380828316325192,False
FGSM,0.01,115,3,6,0.26883639237284107,0.08398950131233596,-0.01091342284874599,False
FGSM,0.01,117,2,0,0.134000644009809,0.23493975903614459,0.32612594360239744,False
FGSM,0.01,118,4,2,0.7211255670343277,0.7310924369747899,0.8674572589695934,False
FGSM,0.01,122,1,3,-0.21361788462447223,0.0,-0.4081584353367913,False
FGSM,0.01,123,2,3,0.41664738037397697,0.20588235294117646,0.4763493103289706,False
FGSM,0.01,125,7,9,0.0770264472093429,0.0325,-0.1294799890636644,False
FGSM,0.01,126,2,6,0.5275047665162937,0.34868421052631576,0.5502316618328267,False
FGSM,0.01,127,9,0,0.46618988880150214,0.680327868852459,0.8910703489536715,False
FGSM,0.01,128,6,3,0.5389344664831293,0.19710144927536233,0.5982373836520334,False
FGSM,0.01,129,6,3,-0.0119102140173273,0.15083798882681565,0.3975131960753857,False
FGSM,0.01,132,7,3,0.5920499782267401,0.3576158940397351,0.5871943564562958,False
FGSM,0.01,133,6,7,0.1492346183124092,0.15819209039548024,0.10931001809099297,False
FGSM,0.01,134,5,7,0.05999378147144535,0.03508771929824561,-0.21453412389681217,False
FGSM,0.01,135,2,3,0.46543081501734235,0.45907473309608543,0.46296423356937705,False
FGSM,0.01,136,8,0,0.6511569823243121,0.33986928104575165,0.5490760872541514,False
FGSM,0.01,137,9,1,0.6981778943018447,0.43859649122807015,0.7177649749849522,False
FGSM,0.01,138,6,1,0.5274577756602105,0.3712374581939799,0.5851068665840272,False
FGSM,0.01,139,0,3,0.09299869327213527,0.09333333333333334,-0.32443770991939663,False
FGSM,0.01,141,5,3,0.19877377599849747,0.017326732673267328,0.3132174511610687,False
FGSM,0.01,142,2,3,0.24475320150707014,0.16338028169014085,0.12951188028409896,False
FGSM,0.01,145,4,0,0.8498185350499033,0.7982456140350878,0.9134612951004124,False
FGSM,0.01,146,2,0,0.3048142938114862,0.22388059701492538,0.2827067279881324,False
FGSM,0.01,148,6,1,0.4420584820022534,0.3576158940397351,0.7402488353618135,False
FGSM,0.01,149,6,2,0.016733324703975795,0.0,-0.3414066615832112,False
FGSM,0.01,151,4,7,0.4700666443334917,0.1408839779005525,0.34110005232202,False
FGSM,0.01,152,8,9,0.8288727851926222,0.8475336322869955,0.9703787853462587,False
FGSM,0.01,153,4,2,0.7154402340495044,0.5953307392996109,0.8743785340896798,False
FGSM,0.01,154,5,3,-0.20593813168578723,0.0,-0.19450300628503406,False
FGSM,0.01,156,9,1,0.8032086889242985,0.7748917748917749,0.9161967362589224,False
FGSM,0.01,158,9,8,0.8626334900422209,0.5072992700729927,0.890871534246459,False
FGSM,0.01,159,8,5,0.55471888058626,0.31309904153354634,0.5767526045625244,False
FGSM,0.01,161,9,1,0.8788008866666337,0.8105726872246696,0.9570983990573692,False
FGSM,0.01,162,3,6,0.6511645891167053,0.36212624584717606,0.7944462582773625,False
FGSM,0.01,164,5,3,0.22060032589801934,0.16101694915254236,0.15406910326080753,False
FGSM,0.01,165,0,8,0.6067413289520818,0.43205574912891986,0.509285450043789,False
FGSM,0.01,166,0,3,0.12170559775598137,0.25688073394495414,0.32421842168708626,False
FGSM,0.01,167,5,3,0.4431412610135485,0.23123123123123124,0.5570644054073334,False
FGSM,0.01,168,2,0,0.2650600616380607,0.3355048859934853,0.379268626150781,False
FGSM,0.01,169,2,6,0.29773477667943676,0.5355805243445693,0.6458025112930029,False
FGSM,0.01,170,3,0,0.12029794441147214,0.10723860589812333,0.10658611025378364,False
FGSM,0.01,172,6,2,0.7283869542666441,0.6532258064516129,0.8669214580765858,False
FGSM,0.01,173,3,8,0.7957937869976258,0.5355805243445693,0.7603434565001902,False
FGSM,0.01,174,4,2,0.4268158103940545,0.4642857142857143,0.669020865948593,False
FGSM,0.01,175,0,8,-0.14459090653654183,0.04591836734693878,-0.7287185482530125,False
FGSM,0.01,176,8,3,-0.12255278273864295,0.03007518796992481,-0.06813470050407207,False
FGSM,0.01,178,1,0,0.6850484436587206,0.6374501992031872,0.8341243738972361,False
FGSM,0.01,179,7,5,0.7184187284610152,0.553030303030303,0.8492448037871273,False
FGSM,0.01,180,8,9,-0.07994038699708658,0.0,-0.4086309482003148,False
FGSM,0.01,181,8,9,0.5767186672465335,0.6465863453815262,0.8540827390594735,False
FGSM,0.01,182,7,4,0.47279793243943413,0.23867069486404835,0.45350954686693046,False
FGSM,0.01,183,8,6,0.47604793783162924,0.23493975903614459,0.33084708667993035,False
FGSM,0.01,184,5,3,0.5818670028930849,0.33116883116883117,0.5732692647066906,False
FGSM,0.01,185,1,0,0.30038513965593355,0.19883040935672514,0.27546253542951293,False
FGSM,0.01,187,7,9,0.1139676182048799,0.11653116531165311,0.16410595305614337,False
FGSM,0.01,188,1,9,0.6784549001879858,0.4507042253521127,0.7087426944332065,False
FGSM,0.01,189,3,5,0.24292754426670188,0.12021857923497267,-0.07967522893233113,False
FGSM,0.01,193,7,5,0.8325854943591285,0.5073529411764706,0.902275791072169,False
FGSM,0.01,194,4,8,0.16805532426689063,0.04859335038363171,0.018168026292668647,False
FGSM,0.01,197,8,1,0.7896176204636428,0.6196078431372549,0.8924776712593244,False
FGSM,0.01,198,0,2,-0.02931434431901345,0.0379746835443038,-0.35594393066014957,False
FGSM,0.01,200,9,1,0.8748334345997438,0.680327868852459,0.9460026515271743,False
FGSM,0.01,202,7,5,0.6440226959392494,0.36212624584717606,0.587808170241774,False
FGSM,0.01,203,6,3,0.771958583007021,0.45390070921985815,0.9405589430637724,False
FGSM,0.01,204,9,1,0.7826466709802468,0.680327868852459,0.950590899519634,False
FGSM,0.01,205,4,3,0.31696651946373017,0.48056537102473496,0.6255350709008197,False
FGSM,0.01,207,9,1,0.8976716059728487,0.7489361702127659,0.9346778922894284,False
FGSM,0.01,209,4,2,0.5347895841095279,0.25382262996941896,0.32412765883725514,False
FGSM,0.01,210,7,3,0.18067559216373164,0.12637362637362637,0.1323376543546016,False
FGSM,0.01,211,6,2,0.08944809473634245,0.11559139784946236,-0.020176935188365015,False
FGSM,0.01,212,5,3,0.3930493384212553,0.17663817663817663,0.3623940464998648,False
FGSM,0.01,213,1,9,0.8003917501677247,0.43859649122807015,0.7328179281299416,False
FGSM,0.01,214,5,3,0.5653480242541027,0.35313531353135313,0.7667569354164127,False
FGSM,0.01,215,8,1,0.5692435560882996,0.45390070921985815,0.47240230302059394,False
FGSM,0.01,219,5,3,0.8768993021821129,0.6506024096385542,0.8675913357318045,False
FGSM,0.01,221,1,9,0.8441202533844661,0.5648854961832062,0.8531227140855014,False
FGSM,0.01,222,8,1,0.8598177673284119,0.7372881355932204,0.9018087706291225,False
FGSM,0.01,223,9,0,0.3429723122538843,0.36666666666666664,0.44508359887699595,False
FGSM,0.01,225,3,2,-0.044950402595685446,0.025,-0.36795885391317656,False
FGSM,0.01,227,9,8,0.40859536586788114,0.25,0.5081020619582041,False
FGSM,0.01,228,2,0,0.7709207293806879,0.7649572649572649,0.8294755751103665,False
FGSM,0.01,229,2,0,0.24171975875189952,0.05912596401028278,0.09354913647964076,False
FGSM,0.01,230,5,3,0.33245985663410543,0.24848484848484848,0.692929419677309,False
FGSM,0.01,231,3,5,0.6282436208363441,0.34868421052631576,0.5726194097606407,False
FGSM,0.01,233,9,1,0.5662318899202541,0.4642857142857143,0.7672969909693388,False
FGSM,0.01,234,4,5,0.5073374077166601,0.5355805243445693,0.7775905750234304,False
FGSM,0.01,235,0,8,0.7305602722035958,0.5769230769230769,0.7875521057900945,False
FGSM,0.01,236,3,6,0.80834036875935,0.5769230769230769,0.9267117701918114,False
FGSM,0.01,237,0,8,0.5817627484296513,0.3268608414239482,0.7761924344073664,False
FGSM,0.01,238,9,1,0.7848013934607689,0.8222222222222222,0.9188629467350699,False
FGSM,0.01,239,8,6,0.6844814284291316,0.4642857142857143,0.7379627974368062,False
FGSM,0.01,240,1,9,0.326988595596049,0.18497109826589594,0.26692603602696735,False
FGSM,0.01,241,5,3,0.3734806649167829,0.1638888888888889,0.26136982043419715,False
FGSM,0.01,242,7,3,0.4881746833423289,0.1284153005464481,0.7128735192512351,False
FGSM,0.01,244,8,2,0.5796730821596089,0.36212624584717606,0.5310403747663778,False
FGSM,0.01,245,2,5,0.18568767773534026,0.1781609195402299,0.12490160492183568,False
FGSM,0.01,246,4,6,0.2508227079079491,0.09018567639257294,-0.13416458851186103,False
FGSM,0.01,247,7,5,0.48682131141647367,0.3712374581939799,0.696645526382831,False
FGSM,0.01,248,0,3,0.27874980389984,0.30793650793650795,0.48950835069990606,False
FGSM,0.01,249,2,5,0.912472300584147,0.8721461187214612,0.9565801322589889,False
FGSM,0.01,250,3,5,0.7333671645944685,0.6015625,0.8020077237112074,False
FGSM,0.01,251,6,3,0.07134564821847739,0.20234604105571846,0.3853033849512736,False
FGSM,0.01,255,0,8,0.4936616882466926,0.3442622950819672,0.47991532944552245,False
FGSM,0.01,257,4,6,0.5850058126996255,0.3712374581939799,0.6240476543653932,False
FGSM,0.01,258,3,6,0.8334150285454545,0.659919028340081,0.9015718773849786,False
FGSM,0.01,259,9,1,0.7752717802378201,0.49458483754512633,0.8076570207777253,False
FGSM,0.01,261,6,2,0.486914724424294,0.19883040935672514,0.3483768680914926,False
FGSM,0.01,263,9,1,0.7354239851192257,0.5296296296296297,0.8999366931657728,False
FGSM,0.01,264,1,8,0.3624781341927082,0.16147308781869688,0.20574028378064102,False
FGSM,0.01,266,7,3,0.3011755937195361,0.2166172106824926,0.28157198111591053,False
FGSM,0.01,267,9,1,0.9221905006547652,0.8552036199095022,0.9771968535135794,False
FGSM,0.01,270,6,2,0.7613156172970431,0.3945578231292517,0.8002749832855351,False
FGSM,0.01,271,9,1,0.5829148569148441,0.2974683544303797,0.5045989464773127,False
FGSM,0.01,272,3,5,0.7775892018610556,0.6465863453815262,0.8418323538015309,False
FGSM,0.01,273,4,2,0.19114503577234165,0.26153846153846155,0.5130864072557122,False
FGSM,0.01,275,0,8,0.40188603266762274,0.25,0.27280157624935336,False
FGSM,0.01,276,0,2,0.8797304211019059,0.7903930131004366,0.9275633119546463,False
FGSM,0.01,277,6,3,0.604114523893856,0.3993174061433447,0.7459828885219479,False
FGSM,0.01,278,6,5,0.7745523225714469,0.6205533596837944,0.8584028420721914,False
FGSM,0.01,279,6,9,0.38689039886816123,0.22388059701492538,0.3087527626243953,False
FGSM,0.01,280,3,4,0.05617218376057776,0.0,0.09478252817792061,False
FGSM,0.01,281,2,5,0.651672519184098,0.626984126984127,0.8526086327870432,False
FGSM,0.01,283,8,9,0.43941401722896073,0.16809116809116809,0.4534628681196294,False
FGSM,0.01,284,2,3,0.6234291938905736,0.5769230769230769,0.7811040611342472,False
FGSM,0.01,285,1,9,0.7158070618277085,0.2893081761006289,0.7591863831430319,False
FGSM,0.01,287,8,1,0.5532332694766899,0.3952702702702703,0.6668164180495217,False
FGSM,0.01,288,6,2,0.4855544066430137,0.25,0.3658138540762118,False
FGSM,0.01,289,8,0,0.41139880484714003,0.3225806451612903,0.4256298844874237,False
FGSM,0.01,290,0,3,0.12771348770743665,0.20588235294117646,0.11813113977608965,False
FGSM,0.01,291,4,7,0.3277653717196005,0.3300970873786408,0.7311370351158683,False
FGSM,0.01,292,7,4,0.5158274592046445,0.3225806451612903,0.48102529197388855,False
FGSM,0.01,293,7,3,0.7624217434221404,0.5298507462686567,0.8607214508209269,False
FGSM,0.01,294,5,6,0.8859008855280086,0.7903930131004366,0.9417542192199505,False
FGSM,0.01,295,5,3,0.9179611955521375,0.6942148760330579,0.9554058064953189,False
FGSM,0.01,297,5,3,0.8580630230965346,0.6532258064516129,0.8914833336978959,False
FGSM,0.01,298,2,4,0.5659396061241508,0.5355805243445693,0.7439897109218562,False
FGSM,0.01,299,3,5,0.6779751137454206,0.611764705882353,0.8403943814414669,False
FGSM,0.01,300,4,5,0.08016984454863603,0.05398457583547558,-0.2589345678133408,False
FGSM,0.01,301,1,5,0.4083544566577952,0.3355048859934853,0.4884405221517741,False
FGSM,0.01,302,7,4,0.7981315768439565,0.7372881355932204,0.9261510413862664,False
FGSM,0.01,303,5,3,0.5729020823670837,0.29337539432176657,0.6878167410740537,False
FGSM,0.01,304,4,2,0.21698826874929036,0.09283819628647215,-0.06252814326565115,False
FGSM,0.01,305,6,2,0.6949954193151562,0.3268608414239482,0.695295464753541,False
FGSM,0.01,306,1,9,0.9573880762038146,0.8392857142857143,0.9798734689940087,False
FGSM,0.01,307,9,1,0.5336570705999427,0.25,0.5388067575105812,False
FGSM,0.01,308,3,2,0.2333309152684937,0.18155619596541786,0.33890354960968266,False
FGSM,0.01,309,6,2,0.8553702020742131,0.5953307392996109,0.8763507981201974,False
FGSM,0.01,310,9,1,0.6814762435580698,0.5073529411764706,0.654041153727969,False
FGSM,0.01,311,3,5,0.9112168393544191,0.759656652360515,0.9536977147928298,False
FGSM,0.01,313,0,2,0.4236423300039133,0.33986928104575165,0.7763996603576722,False
FGSM,0.01,314,7,1,0.4095352453402844,0.25382262996941896,0.31272744983778633,False
FGSM,0.01,315,2,3,0.22375818911113932,0.3069620253164557,0.43005490776757277,False
FGSM,0.01,316,6,5,0.17413035013761852,0.35313531353135313,0.5606603751467919,False
FGSM,0.01,318,8,0,0.46052708301538897,0.33116883116883117,0.4535131502651982,False
FGSM,0.01,319,5,3,0.6636948421054668,0.42857142857142855,0.6778146474554196,False
FGSM,0.01,320,4,3,0.6110961020444713,0.4909090909090909,0.7165863278878616,False
FGSM,0.01,322,9,1,0.6164373313540045,0.4558303886925795,0.6190973928388497,False
FGSM,0.01,323,9,1,0.8363999055158458,0.550561797752809,0.8391628763358766,False
FGSM,0.01,324,1,9,0.6125191725837342,0.5413533834586466,0.8184003145835647,False
FGSM,0.01,325,0,8,0.5616190119525253,0.32371794871794873,0.5410407545241788,False
FGSM,0.01,326,2,0,0.6355606922711048,0.4471830985915493,0.7247464777113434,False
FGSM,0.01,327,2,4,0.677119050866555,0.44366197183098594,0.7569205373944253,False
FGSM,0.01,329,3,2,0.7031573459124413,0.553030303030303,0.6368392905465384,False
FGSM,0.01,330,2,5,0.42011231499205387,0.20588235294117646,0.4565731963040749,False
FGSM,0.01,331,8,6,0.6807824640876486,0.6942148760330579,0.6527027208947908,False
FGSM,0.01,335,1,8,0.23786455037279988,0.10512129380053908,0.4352644175934362,False
FGSM,0.01,336,4,0,0.35970442081185416,0.17142857142857143,0.3242272322069052,False
FGSM,0.01,337,1,9,0.7709613235621884,0.5355805243445693,0.8798318401826897,False
FGSM,0.01,339,8,0,0.6422044788740838,0.2834890965732087,0.6074296983568157,False
FGSM,0.01,340,1,9,0.9044731394690875,0.7672413793103449,0.911861291067273,False
FGSM,0.01,343,9,8,0.5907093999299811,0.2893081761006289,0.49827176758186226,False
FGSM,0.01,344,4,2,0.4180018978411078,0.1737891737891738,0.24332293927377732,False
FGSM,0.01,346,7,5,0.08896671918493947,0.007371007371007371,-0.08554073073093926,False
FGSM,0.01,347,0,9,-0.06174184857075397,0.24620060790273557,0.09029698419151855,False
FGSM,0.01,348,7,9,0.39947170360973405,0.12602739726027398,0.22487591398482507,False
FGSM,0.01,349,0,2,0.1895612266748443,0.15492957746478872,0.2865161322446668,False
FGSM,0.01,350,6,2,0.8108880968444799,0.8222222222222222,0.8773053932757403,False
FGSM,0.01,351,6,2,0.6935016486821138,0.5241635687732342,0.756140162998582,False
FGSM,0.01,352,9,1,0.7462400461391397,0.4909090909090909,0.779572480818207,False
FGSM,0.01,354,9,0,0.5723514344540463,0.4748201438848921,0.6981550077380763,False
FGSM,0.01,356,8,0,0.6830562161510403,0.4061433447098976,0.7604885590808993,False
FGSM,0.01,357,7,4,0.7710993414821886,0.5036496350364964,0.8402163090357329,False
FGSM,0.01,358,2,7,0.2736899638796479,0.18155619596541786,0.23995447235881145,False
FGSM,0.01,359,2,5,0.6605960413573871,0.35973597359735976,0.7334965549513989,False
FGSM,0.01,360,5,7,0.7795531281969956,0.652,0.9188863648281109,False
FGSM,0.01,363,2,6,0.5537967337736276,0.5373134328358209,0.8094605300421094,False
FGSM,0.01,364,9,1,0.38749902057681873,0.36666666666666664,0.5252408912719952,False
FGSM,0.01,365,3,4,0.41665596640379493,0.284375,0.6680580148756826,False
FGSM,0.01,366,3,9,-0.08804164139124063,0.0,-0.5097921058674265,False
FGSM,0.01,367,9,8,0.7406835669814196,0.6070038910505836,0.8301562234800618,False
FGSM,0.01,369,7,2,-0.08401283073106688,0.0024449877750611247,-0.3514101801404803,False
FGSM,0.01,372,0,8,0.43328095239638104,0.30990415335463256,0.3190058859858788,False
FGSM,0.01,373,1,9,0.9029138738058022,0.673469387755102,0.9629222056022015,False
FGSM,0.01,374,8,6,0.5561057197139461,0.24242424242424243,0.47631434083914803,False
FGSM,0.01,375,2,3,0.6428657676115324,0.3712374581939799,0.7543670579376096,False
FGSM,0.01,377,3,5,0.715294218649702,0.7125,0.8943321908535166,False
FGSM,0.01,378,6,8,0.5139610067105675,0.23867069486404835,0.3463618132104364,False
FGSM,0.01,379,1,9,0.7286437648684668,0.5185185185185185,0.6932627491138259,False
FGSM,0.01,380,0,9,0.6981987232375427,0.31210191082802546,0.7540779615159234,False
FGSM,0.01,381,7,2,0.05211451096282974,0.06217616580310881,-0.03144009483761825,False
FGSM,0.01,382,3,2,0.3493222588848761,0.1875,0.31280038873665744,False
FGSM,0.01,383,7,4,0.6735021385964222,0.5241635687732342,0.6618843471335621,False
FGSM,0.01,384,4,2,0.24568251442709363,0.12602739726027398,0.29012407466026846,False
FGSM,0.01,385,5,4,0.4728496956085158,0.3047619047619048,0.4166567400146099,False
FGSM,0.01,387,0,6,0.009856428880590296,0.13259668508287292,0.26246338324601665,False
FGSM,0.01,391,4,2,0.4275414549982669,0.2852664576802508,0.45054003341113,False
FGSM,0.01,392,0,6,0.5836685292647336,0.3859060402684564,0.7702140578446312,False
FGSM,0.01,393,6,3,0.1551549631717185,0.38513513513513514,0.612110976013282,False
FGSM,0.01,396,3,5,0.8180374105036612,0.64,0.8894006601481848,False
FGSM,0.01,397,7,0,0.10818795102380045,0.23123123123123124,0.37172654644309994,False
FGSM,0.01,398,3,7,0.6956845005345944,0.6078431372549019,0.6733869866540179,False
FGSM,0.01,399,2,6,0.5541272223458664,0.3183279742765273,0.6025680358988609,False
FGSM,0.01,400,5,3,0.7456013120975368,0.5129151291512916,0.8401756262735494,False
FGSM,0.01,401,3,5,0.7786468866573283,0.6141732283464567,0.8484160291629871,False
FGSM,0.01,402,1,9,0.8990428017441338,0.6078431372549019,0.9496454722976567,False
FGSM,0.01,403,4,3,0.5283667348608778,0.38513513513513514,0.38970755960558234,False
FGSM,0.01,406,5,3,0.4995624852668461,0.3609271523178808,0.44958623274756493,False
FGSM,0.01,407,7,2,-0.04757859193871126,0.007371007371007371,-0.24852117096612325,False
FGSM,0.01,408,0,2,0.7267341847647224,0.553030303030303,0.8428595078628481,False
FGSM,0.01,409,2,3,0.6281255988373845,0.42857142857142855,0.7969071644540401,False
FGSM,0.01,411,2,5,0.1152717193681652,0.16147308781869688,0.06945687535318759,False
FGSM,0.01,412,9,1,0.3997606470459003,0.23867069486404835,0.484299740856462,False
FGSM,0.01,413,3,5,0.5038536794844618,0.2893081761006289,0.5258107520882737,False
FGSM,0.01,415,4,5,0.5731477625650828,0.45907473309608543,0.7355788958262903,False
FGSM,0.01,417,5,7,0.3655854941203849,0.13573407202216067,0.44740324115749563,False
FGSM,0.01,419,5,2,0.18623011687924787,0.19533527696793002,0.37012727454708294,False
FGSM,0.01,420,6,2,0.12812460941064843,0.10455764075067024,0.057538754160601426,False
FGSM,0.01,422,4,2,0.47097255613054867,0.380327868852459,0.6683608942749691,False
FGSM,0.01,423,3,4,0.26632871738715597,0.24242424242424243,0.4339270237082538,False
FGSM,0.01,424,4,2,0.7237657195448114,0.6078431372549019,0.8358990680209716,False
FGSM,0.01,425,4,7,0.3815241851251484,0.15819209039548024,0.3420880519407863,False
FGSM,0.01,427,7,9,0.5874209501890785,0.4642857142857143,0.687513171594441,False
FGSM,0.01,428,8,1,0.7409794282983746,0.3225806451612903,0.8162449196563537,False
FGSM,0.01,429,3,5,0.8177408610398953,0.7446808510638298,0.9224507422341547,False
FGSM,0.01,430,0,8,0.48578323917490973,0.3183279742765273,0.6600031583327063,False
FGSM,0.01,431,5,2,0.5929248949523861,0.4370629370629371,0.6876822965620977,False
FGSM,0.01,432,7,5,0.6553276593730779,0.46953405017921146,0.6942281540864988,False
FGSM,0.01,433,6,3,0.28115101017405075,0.16147308781869688,0.2381091505007526,False
FGSM,0.01,435,4,5,0.8573380751458145,0.673469387755102,0.9294677380235568,False
FGSM,0.01,436,8,3,-0.0636448835958892,0.04030226700251889,-0.6195148474243387,False
FGSM,0.01,439,5,3,0.6407061402424867,0.4236111111111111,0.658047665042259,False
FGSM,0.01,440,5,6,0.21349172633616562,0.09333333333333334,0.5139344540055378,False
FGSM,0.01,446,0,5,0.35107050377003485,0.1781609195402299,0.30290873519282197,False
FGSM,0.01,450,0,8,0.6486340304285553,0.3993174061433447,0.807816033661544,False
FGSM,0.01,451,2,5,0.8361824891535488,0.6078431372549019,0.9488756375046928,False
FGSM,0.01,452,0,2,0.8146860167913182,0.659919028340081,0.8844605050223214,False
FGSM,0.01,453,4,6,0.5869273852791841,0.4748201438848921,0.7699777322857001,False
FGSM,0.01,455,4,5,0.8118753248506044,0.7226890756302521,0.869938644543399,False
FGSM,0.01,456,9,1,0.6337101026355515,0.3898305084745763,0.542205364950637,False
FGSM,0.01,457,4,7,0.1590012383638588,0.18155619596541786,0.13842316043780462,False
FGSM,0.01,458,7,4,0.2653257778164457,0.5018315018315018,0.5534630350186929,False
FGSM,0.01,459,9,1,0.47285952656557395,0.3872053872053872,0.6692668225395101,False
FGSM,0.01,460,4,2,0.7432557224962838,0.40893470790378006,0.8107956841438815,False
FGSM,0.01,462,6,4,0.26593640693664444,0.1349862258953168,0.16181155934605568,False
FGSM,0.01,463,6,8,0.5214961482171995,0.3028391167192429,0.4115493462966291,False
FGSM,0.01,464,1,9,0.902786212119125,0.729957805907173,0.9409389033713934,False
FGSM,0.01,465,5,3,0.8366247295627932,0.6078431372549019,0.8239011848361115,False
FGSM,0.01,467,5,3,0.24764098151371342,0.2866043613707165,0.3835083257764035,False
FGSM,0.01,469,5,2,0.7030523760318645,0.3898305084745763,0.8236185421334682,False
FGSM,0.01,470,7,0,0.32854581024386154,0.10723860589812333,0.1590936070607318,False
FGSM,0.01,471,0,9,0.7931152820014037,0.6334661354581673,0.8886654056457729,False
FGSM,0.01,472,7,5,0.5734101987372224,0.6454183266932271,0.8380919756947843,False
FGSM,0.01,473,0,1,0.6946665516244412,0.43205574912891986,0.7934807513761842,False
FGSM,0.01,474,5,3,-0.031124949628393503,0.0,-0.30888992034302165,False
FGSM,0.01,475,0,2,0.17780266476870163,0.10512129380053908,-0.046354821557266536,False
FGSM,0.01,476,0,8,0.5464157499331628,0.3945578231292517,0.507613899239502,False
FGSM,0.01,477,4,0,0.1709621475184528,0.18155619596541786,0.15518483499201913,False
FGSM,0.01,478,6,2,0.8666202072384794,0.673469387755102,0.8593267231214604,False
FGSM,0.01,480,9,1,0.6374740912041699,0.3141025641025641,0.5626398656319818,False
FGSM,0.01,481,5,2,0.7107595665650387,0.5298507462686567,0.86772180743121,False
FGSM,0.01,482,6,2,0.3578303232167354,0.22321428571428573,0.2773036693515687,False
FGSM,0.01,483,6,2,0.4785970441994296,0.3057324840764331,0.6160953822346913,False
FGSM,0.01,485,2,6,0.3523703683739655,0.19186046511627908,0.5743968703827523,False
FGSM,0.01,486,0,8,0.29598407319832326,0.16292134831460675,0.2514825630253617,False
FGSM,0.01,488,6,0,0.09976327511810522,0.05384615384615385,0.015257853707942082,False
FGSM,0.01,489,5,3,0.7782492539762745,0.55893536121673,0.890865358732742,False
FGSM,0.01,492,6,2,0.6404461814906894,0.4855072463768116,0.41241037824404425,False
FGSM,0.01,494,5,3,0.6721225907645855,0.55893536121673,0.755270755343166,False
FGSM,0.01,495,5,7,0.8419310816469983,0.7446808510638298,0.8999747521671596,False
FGSM,0.01,498,5,3,0.33255284101311006,0.1408839779005525,0.08759483466308896,False
FGSM,0.01,500,4,2,0.9295533081659904,0.7226890756302521,0.9529910176696166,False
FGSM,0.01,501,4,5,0.7394574161373718,0.44876325088339225,0.6469014990668576,False
FGSM,0.01,502,3,6,0.6285642317479708,0.5953307392996109,0.8580527580376902,False
FGSM,0.01,506,2,3,0.2780121336607128,0.06493506493506493,-0.033874960735645436,False
FGSM,0.01,507,2,4,0.5995625861474043,0.3258064516129032,0.6913013259306683,False
FGSM,0.01,508,3,5,0.5958463587974179,0.42662116040955633,0.741190799869229,False
FGSM,0.01,510,7,3,0.6309424505786717,0.7154811715481172,0.8790895611004904,False
FGSM,0.01,512,2,0,0.4926892737878663,0.24242424242424243,0.4259837193300467,False
FGSM,0.01,513,6,3,0.6221063247704107,0.5703422053231939,0.7358472245156621,False
FGSM,0.01,514,7,4,0.7722593733280368,0.7226890756302521,0.870843153561734,False
FGSM,0.01,515,1,9,0.8579841714418499,0.7672413793103449,0.9237604648528346,False
FGSM,0.01,516,3,6,0.33108380862538644,0.25,0.3004176930928235,False
FGSM,0.01,517,6,3,0.667583191828298,0.45390070921985815,0.7791007162946425,False
FGSM,0.01,518,6,2,0.8681842967779678,0.5953307392996109,0.9159779541794603,False
FGSM,0.01,520,7,5,0.7537921741384374,0.5413533834586466,0.8400713716766397,False
FGSM,0.01,521,4,2,0.7752285520256822,0.5953307392996109,0.807851048060834,False
FGSM,0.01,522,0,8,0.5508893113387004,0.5665399239543726,0.8253960798758259,False
FGSM,0.01,523,8,6,0.6649088006630746,0.42857142857142855,0.733574141041848,False
FGSM,0.01,524,4,3,0.8689224225132776,0.759656652360515,0.9240818169961903,False
FGSM,0.01,526,9,4,0.043642507122933494,0.06459948320413436,-0.006871494992237072,False
FGSM,0.01,527,3,4,0.33367243713231554,0.0962566844919786,0.28522903215139833,False
FGSM,0.01,528,4,2,0.637012379982415,0.43859649122807015,0.7418878381805282,False
FGSM,0.01,529,8,0,0.7137426342346744,0.42857142857142855,0.7129021165182822,False
FGSM,0.01,530,9,1,0.41678350865050456,0.16147308781869688,0.6372291312291148,False
FGSM,0.01,531,6,5,0.6619253946391083,0.44366197183098594,0.739308973748422,False
FGSM,0.01,532,9,1,0.44282429674213214,0.2298507462686567,0.5109105936607077,False
FGSM,0.01,533,2,0,0.6894889596585162,0.5355805243445693,0.763887201355968,False
FGSM,0.01,534,6,3,0.2183659443331775,0.19130434782608696,0.29822172339700476,False
FGSM,0.01,535,1,0,0.8580421267281226,0.7672413793103449,0.9281187763805647,False
FGSM,0.01,537,3,0,0.46345880928865396,0.4033898305084746,0.6394091799148306,False
FGSM,0.01,539,3,6,0.6957973453199723,0.6205533596837944,0.7547461275527115,False
FGSM,0.01,540,8,9,0.3583342371254983,0.23493975903614459,0.22120783475261735,False
FGSM,0.01,541,5,3,0.8006072383836882,0.4909090909090909,0.8218409463462193,False
FGSM,0.01,542,0,8,0.803067603275268,0.5891472868217055,0.8785202542012401,False
FGSM,0.01,546,4,2,0.09801431226411651,0.03535353535353535,-0.14915996943668994,False
FGSM,0.01,547,3,0,0.03438705367326567,0.02736318407960199,-0.2870202061795982,False
FGSM,0.01,548,3,5,0.4306622678844517,0.16147308781869688,0.6374521388403316,False
FGSM,0.01,550,6,2,0.4734440191680587,0.24242424242424243,0.5469174616545427,False
FGSM,0.01,551,9,1,0.9140522285149648,0.9248826291079812,0.9795982314146591,False
FGSM,0.01,554,5,3,0.1636803315859598,0.07552083333333333,0.1583537286513123,False
FGSM,0.01,555,8,9,0.26614710211150416,0.12021857923497267,0.12511033622974488,False
FGSM,0.01,556,6,3,-0.07761564753052116,0.06770833333333333,-0.19263138957148782,False
FGSM,0.01,557,6,0,0.7819249137530665,0.6788617886178862,0.8022397699079764,False
FGSM,0.01,558,2,0,0.2706347562113032,0.19186046511627908,0.022888092104828426,False
FGSM,0.01,559,1,9,0.7707474521173925,0.6015625,0.7753849336232749,False
FGSM,0.01,561,7,2,0.29093954679871337,0.14206128133704735,0.14879489220404193,False
FGSM,0.01,562,1,9,0.8470671308287502,0.6374501992031872,0.8323173936478925,False
FGSM,0.01,563,2,0,0.33103711936805746,0.10215053763440861,0.07572731941180452,False
FGSM,0.01,564,7,5,0.7252313156320146,0.40893470790378006,0.8075611990127077,False
FGSM,0.01,565,9,1,0.7793038879802241,0.5296296296296297,0.7955616467174037,False
FGSM,0.01,566,9,1,0.9111132211762772,0.7226890756302521,0.9185667275370565,False
FGSM,0.01,567,4,5,0.43900734386420615,0.30158730158730157,0.7506346385715242,False
FGSM,0.01,568,4,7,0.7989492336585677,0.64,0.9105094710105921,False
FGSM,0.01,569,1,9,0.5838091507355666,0.3194888178913738,0.6769831671502611,False
FGSM,0.01,570,2,8,0.8423771871000352,0.6666666666666666,0.8631836610112118,False
FGSM,0.01,571,5,2,0.8499533944493215,0.7748917748917749,0.9025393869744969,False
FGSM,0.01,572,6,7,0.5395769848427653,0.2261904761904762,0.6553733009546424,False
FGSM,0.01,573,8,0,0.6225894292342592,0.5129151291512916,0.7950564129426478,False
FGSM,0.01,574,7,5,0.6863803327167627,0.43902439024390244,0.7270092620553888,False
FGSM,0.01,575,6,2,0.7006254954230503,0.5891472868217055,0.76943934902799,False
FGSM,0.01,576,8,1,0.777524629016765,0.680327868852459,0.8246282879242014,False
FGSM,0.01,577,3,7,0.6290187291524059,0.673469387755102,0.887884583097033,False
FGSM,0.01,578,0,8,0.5394154133870316,0.29337539432176657,0.5078371483759908,False
FGSM,0.01,579,5,2,0.6491305619042874,0.3993174061433447,0.7505220248680872,False
FGSM,0.01,580,5,3,0.4980536681289955,0.45390070921985815,0.6278773711249677,False
FGSM,0.01,581,3,4,0.2584577980626942,0.14763231197771587,0.4383205879088706,False
FGSM,0.01,582,0,8,0.6445702443439403,0.33225806451612905,0.5766515093209105,False
FGSM,0.01,583,7,5,0.5994602470113152,0.5241635687732342,0.6698733116848147,False
FGSM,0.01,585,3,5,0.6740309887795748,0.5907335907335908,0.7334281936680358,False
FGSM,0.01,586,4,7,0.7455696652715023,0.6942148760330579,0.8861839917421857,False
FGSM,0.01,587,5,7,0.8249260932951064,0.5769230769230769,0.9032284971279015,False
FGSM,0.01,589,9,1,0.5031154068922569,0.24471299093655588,0.3795856021185176,False
FGSM,0.01,590,6,2,0.321708698776259,0.11716621253405994,0.29936371798481193,False
FGSM,0.01,591,9,1,0.24695261128828172,0.20588235294117646,0.5709460254264018,False
FGSM,0.01,594,1,9,0.5189592094867891,0.3945578231292517,0.7296876440995814,False
FGSM,0.01,595,4,7,0.6879082526956525,0.6788617886178862,0.7956082665732037,False
FGSM,0.01,598,4,7,0.332829420518863,0.17663817663817663,0.5075334512873149,False
FGSM,0.01,600,3,9,-0.1045222675205684,0.007352941176470588,-0.2670878575352608,False
FGSM,0.01,602,9,1,0.885213348110752,0.729957805907173,0.9012648532321792,False
FGSM,0.01,603,0,8,0.40441048347307496,0.16101694915254236,0.1966135416189984,False
FGSM,0.01,604,1,9,0.777228448573037,0.626984126984127,0.7931774303204396,False
FGSM,0.01,605,3,5,0.8774868986574855,0.6465863453815262,0.9113158208123082,False
FGSM,0.01,606,6,8,0.8292135069223904,0.5091575091575091,0.7202656443069503,False
FGSM,0.01,607,3,5,0.7772949048092027,0.5665399239543726,0.9170680540324125,False
FGSM,0.01,608,3,8,0.5552517505305455,0.2668711656441718,0.6606274140239985,False
FGSM,0.01,609,2,3,0.5014721966918955,0.3047619047619048,0.515818031769567,False
FGSM,0.01,611,3,4,0.39939307573750155,0.19186046511627908,0.2991724448304135,False
FGSM,0.01,612,1,9,0.7140068985196657,0.44366197183098594,0.6930208290052567,False
FGSM,0.01,613,0,8,0.00038679580718413897,0.0,-0.21297324089468625,False
FGSM,0.01,617,4,3,0.46707204276883213,0.41379310344827586,0.5760892874913561,False
FGSM,0.01,618,8,0,0.22614881880803533,0.17142857142857143,0.20760091553532267,False
FGSM,0.01,619,9,1,0.7469279092664902,0.3838383838383838,0.7483572447552974,False
FGSM,0.01,621,9,2,0.10635204265519171,0.06770833333333333,0.008123095754964461,False
FGSM,0.01,623,3,5,0.7095081429686066,0.43356643356643354,0.7873305643918301,False
FGSM,0.01,624,3,4,0.5286850262310675,0.3225806451612903,0.6708564726210334,False
FGSM,0.01,625,2,0,0.12582391145395527,0.0024449877750611247,-0.15725180495071042,False
FGSM,0.01,629,3,5,0.9418009657126206,0.8105726872246696,0.9489506607080698,False
FGSM,0.01,630,8,0,0.2681028817087335,0.10427807486631016,0.17017817054929962,False
FGSM,0.01,631,2,3,0.0774483630886537,0.1111111111111111,0.07997205593726163,False
FGSM,0.01,632,7,4,0.8970702439987448,0.7903930131004366,0.8935350748089272,False
FGSM,0.01,633,5,2,0.2066113354439142,0.1232876712328767,0.11897519728942661,False
FGSM,0.01,635,2,0,0.23915722751204674,0.16101694915254236,0.4929999409109506,False
FGSM,0.01,638,7,2,0.28666062158265165,0.2654320987654321,0.21272648379543527,False
FGSM,0.01,639,4,2,0.8122447327925608,0.5036496350364964,0.9255258518736433,False
FGSM,0.01,640,2,0,-0.038294284104752066,0.009852216748768473,-0.0616298211353984,False
FGSM,0.01,641,9,7,-0.06788314067546992,0.022443890274314215,-0.057160673028821156,False
FGSM,0.01,642,8,0,0.7162818192055217,0.5296296296296297,0.8666041644362565,False
FGSM,0.01,643,8,3,0.5276831893096045,0.3442622950819672,0.48195388799373257,False
FGSM,0.01,644,6,4,0.23023208576375223,0.16147308781869688,0.2872688198117341,False
FGSM,0.01,647,7,9,0.8130756883093944,0.626984126984127,0.9188117562468616,False
FGSM,0.01,648,4,2,0.6659916984082679,0.4784172661870504,0.8868857743863092,False
FGSM,0.01,649,3,4,0.2108104941464219,0.06217616580310881,0.30018727588231114,False
FGSM,0.01,650,3,5,0.7860695352666245,0.6141732283464567,0.817646994864541,False
FGSM,0.01,651,8,9,0.6489319029710525,0.36666666666666664,0.5660036733148334,False
FGSM,0.01,652,4,7,0.7581732736448564,0.5091575091575091,0.7288167890655196,False
FGSM,0.01,653,9,8,0.731656231581283,0.4626334519572954,0.6234916372956861,False
FGSM,0.01,654,4,7,0.8447461203622395,0.7012448132780082,0.9009969635816755,False
FGSM,0.01,661,6,2,0.7014637568074529,0.44405594405594406,0.8163660385982928,False
FGSM,0.01,662,5,3,0.03265837305519914,0.20943952802359883,0.5439037868115588,False
FGSM,0.01,663,4,5,0.5745280462829672,0.5648854961832062,0.8415788713309713,False
FGSM,0.01,665,9,1,0.6183253793630021,0.3183279742765273,0.6293928998050978,False
FGSM,0.01,668,1,0,0.7620415351403182,0.4041095890410959,0.7510827736000979,False
FGSM,0.01,669,4,2,-0.17607413144171177,0.08443271767810026,-0.16234917091940243,False
FGSM,0.01,670,1,9,0.8087914862488148,0.55893536121673,0.7755664982603836,False
FGSM,0.01,672,2,7,0.34798384426768175,0.2153392330383481,0.34503649202297115,False
FGSM,0.01,673,7,5,0.6599195457487945,0.48201438848920863,0.8759938760647078,False
FGSM,0.01,674,0,8,0.2532269707391832,0.18155619596541786,0.15797523476266467,False
FGSM,0.01,676,9,6,0.3835338220720135,0.5891472868217055,0.7996996182557897,False
FGSM,0.01,678,6,8,0.6652687215831781,0.36666666666666664,0.6265420883761103,False
FGSM,0.01,679,2,4,0.5424797840343414,0.38047138047138046,0.6331731373446741,False
FGSM,0.01,680,5,3,0.8806335296503891,0.6532258064516129,0.9010893627754704,False
FGSM,0.01,682,2,0,0.8310156776707553,0.5769230769230769,0.8871236445688283,False
FGSM,0.01,683,9,1,0.9257658907383152,0.8061674008810573,0.959280508842851,False
FGSM,0.01,685,2,3,0.6423512440021205,0.5241635687732342,0.7381266920763655,False
FGSM,0.01,686,2,5,0.9324467046373695,0.8141592920353983,0.9852185782392696,False
FGSM,0.01,687,6,4,-0.033330847861685664,0.1105121293800539,0.06577320601989535,False
FGSM,0.01,691,3,5,0.6899125253748611,0.5241635687732342,0.673183437158409,False
FGSM,0.01,692,6,4,0.7126999582500148,0.43356643356643354,0.6532145903662101,False
FGSM,0.01,693,6,2,0.5538042634485335,0.37583892617449666,0.6263087670180526,False
FGSM,0.01,694,0,7,0.6842631047817853,0.40893470790378006,0.6397146332262931,False
FGSM,0.01,697,7,4,0.8776529026631068,0.7903930131004366,0.9598565568384063,False
FGSM,0.01,698,0,2,0.14645167578152277,0.0962566844919786,0.25133663044574717,False
FGSM,0.01,700,4,0,0.5119500254286375,0.2893081761006289,0.49453853153693866,False
FGSM,0.01,702,1,9,0.9749419418488734,0.8141592920353983,0.9855645830928832,False
FGSM,0.01,703,6,2,0.4152589751842856,0.2974683544303797,0.471356771414888,False
FGSM,0.01,704,4,6,0.26480098635979443,0.07894736842105263,-0.10953839770821513,False
FGSM,0.01,705,0,2,0.7267255191884098,0.583011583011583,0.8489628270680417,False
FGSM,0.01,706,2,6,-0.011981996641919353,0.12637362637362637,0.08707829154795652,False
FGSM,0.01,708,6,2,0.32432275148723483,0.1388888888888889,0.1458798925777045,False
FGSM,0.01,711,9,1,0.8132013188090903,0.4642857142857143,0.8033895665340947,False
FGSM,0.01,713,7,5,0.7586911038534175,0.6532258064516129,0.9092949422812157,False
FGSM,0.01,714,6,8,0.2139777687514964,0.19883040935672514,0.008964096260505244,False
FGSM,0.01,715,7,3,0.06606751101352147,0.22388059701492538,0.230393449160036,False
FGSM,0.01,716,3,5,0.8186227236405985,0.5073529411764706,0.8794483037746584,False
FGSM,0.01,717,9,0,0.5449080869001639,0.20234604105571846,0.39087912421117305,False
FGSM,0.01,718,6,2,0.5615359787393869,0.46953405017921146,0.6622087181586341,False
FGSM,0.01,720,3,0,0.06419523497263648,0.11413043478260869,-0.061255236595880336,False
FGSM,0.01,721,3,6,-0.151867478721823,0.1774193548387097,0.12072625433423348,False
FGSM,0.01,722,7,2,0.7409698184160791,0.4075342465753425,0.761258360876556,False
FGSM,0.01,723,7,5,0.6774175290552866,0.5298507462686567,0.7721442394236185,False
FGSM,0.01,725,4,3,0.37428149891522655,0.23867069486404835,0.57774994252936,False
FGSM,0.01,726,7,4,0.4316523411314998,0.3898305084745763,0.5826326790481945,False
FGSM,0.01,727,2,4,0.3312445831586353,0.18840579710144928,0.247365339924578,False
FGSM,0.01,730,4,0,0.1027083618235919,0.17478510028653296,0.24064723976097396,False
FGSM,0.01,731,7,5,0.7890602628419385,0.5298507462686567,0.8532186148250203,False
FGSM,0.01,732,4,5,0.5328612618985966,0.24620060790273557,0.3997562021517443,False
FGSM,0.01,733,4,7,0.7883213309670342,0.7154811715481172,0.8586986328163897,False
FGSM,0.01,734,8,0,0.7441204183179742,0.7083333333333334,0.8045770983830247,False
FGSM,0.01,735,4,2,0.8528467098019532,0.7372881355932204,0.930047986482946,False
FGSM,0.01,737,7,5,0.6619681916478608,0.5355805243445693,0.8503937769205828,False
FGSM,0.01,739,7,4,0.7193645453576506,0.4236111111111111,0.7222147064754477,False
FGSM,0.01,741,0,9,0.5266792598723286,0.6872427983539094,0.9191469352396603,False
FGSM,0.01,743,9,1,0.2586553483464708,0.18840579710144928,0.3731902399927777,False
FGSM,0.01,744,5,2,0.06974953647295479,0.05370843989769821,-0.3026126760577797,False
FGSM,0.01,745,8,4,0.135264024501818,0.09042553191489362,-0.0999043505643793,False
FGSM,0.01,746,3,4,0.37014111891336715,0.19883040935672514,0.335699300834414,False
FGSM,0.01,747,6,2,0.22829157386929005,0.08753315649867374,-0.1422167972826949,False
FGSM,0.01,748,2,7,0.5558121153158645,0.33116883116883117,0.7271474497145364,False
FGSM,0.01,749,0,2,0.4435268909592465,0.36666666666666664,0.6019451797876576,False
FGSM,0.01,753,6,3,0.41028101006577883,0.25382262996941896,0.3507774346498869,False
FGSM,0.01,754,5,4,0.7631011975587473,0.55893536121673,0.8787262893297886,False
FGSM,0.01,755,3,5,0.5133028400777054,0.4714285714285714,0.5722531144946521,False
FGSM,0.01,756,1,0,0.7146150831066997,0.40893470790378006,0.7514830759195376,False
FGSM,0.01,757,3,9,-0.07575450919585071,0.0,-0.43709352236081306,False
FGSM,0.01,758,2,3,0.6554475467403604,0.6205533596837944,0.7926646864702506,False
FGSM,0.01,759,2,5,0.4421971308125304,0.3141025641025641,0.4458056774892572,False
FGSM,0.01,760,5,2,0.2822105623721407,0.36423841059602646,0.2627486151884217,False
FGSM,0.01,761,4,3,0.4862603752830096,0.23123123123123124,0.35559069074815686,False
FGSM,0.01,762,1,9,0.41174791711995645,0.2732919254658385,0.5807063219764049,False
FGSM,0.01,763,2,3,0.7722691101347201,0.6374501992031872,0.8470317059588651,False
FGSM,0.01,764,9,0,0.4583521025577703,0.23123123123123124,0.6194341838715123,False
FGSM,0.01,767,0,8,0.7274739852577404,0.55893536121673,0.7963544877602792,False
FGSM,0.01,769,2,0,0.5261534268545199,0.25914634146341464,0.6400406292511732,False
FGSM,0.01,770,1,9,0.477454818991845,0.3183279742765273,0.5250906007214893,False
FGSM,0.01,771,3,0,-0.09905753001556435,0.007371007371007371,-0.4248120015509502,False
FGSM,0.01,773,2,0,-0.12468009770979879,0.0,-0.4688105374128388,False
FGSM,0.01,774,4,3,0.6211452007926752,0.3859060402684564,0.6248074348464032,False
FGSM,0.01,775,7,2,0.30225143512304853,0.20175438596491227,-0.019599411606979852,False
FGSM,0.01,777,8,0,0.46776137598413087,0.2974683544303797,0.39404719594763343,False
FGSM,0.01,780,7,3,0.4383864569737433,0.3225806451612903,0.4496942925719926,False
FGSM,0.01,781,7,4,0.6584976692559572,0.6872427983539094,0.9025286498814226,False
FGSM,0.01,782,0,8,0.46989353583900384,0.3141025641025641,0.4803141000844214,False
FGSM,0.01,784,4,7,0.7206561271949897,0.6205533596837944,0.8656907977870906,False
FGSM,0.01,785,6,2,0.6643741415228389,0.33116883116883117,0.6254548704747313,False
FGSM,0.01,786,3,2,0.3562899834077568,0.3898305084745763,0.6120776920149779,False
FGSM,0.01,787,3,5,0.874646576110428,0.8636363636363636,0.9309239945872436,False
FGSM,0.01,788,0,8,0.03381973881034312,0.0,-0.26760091226446736,False
FGSM,0.01,790,3,5,0.4342690766443734,0.3111111111111111,0.6469851023511163,False
FGSM,0.01,791,7,5,0.3942855432510415,0.2654320987654321,0.4028460728397187,False
FGSM,0.01,793,1,9,0.3807101731199617,0.15774647887323945,0.0499394265071615,False
FGSM,0.01,794,3,5,0.6773680659264503,0.673469387755102,0.9064529693534176,False
FGSM,0.01,797,2,6,0.9076244714697437,0.8468468468468469,0.9831812870409181,False
FGSM,0.01,798,3,1,0.5231745405506326,0.3355048859934853,0.7247009730121327,False
FGSM,0.01,799,8,9,0.5711258721712564,0.31629392971246006,0.5027401907802432,False
FGSM,0.01,800,4,2,0.3781784189264813,0.1844380403458213,0.2857769721930849,False
FGSM,0.01,801,2,5,0.9272477385648609,0.8721461187214612,0.9673982481136684,False
FGSM,0.01,802,3,7,0.46397167005734286,0.5073529411764706,0.6868318380685858,False
FGSM,0.01,803,7,4,0.8005894254562418,0.7682403433476395,0.9240255343133684,False
FGSM,0.01,804,8,0,0.4948204467162633,0.3037974683544304,0.6977860495367573,False
FGSM,0.01,807,0,8,0.22228538328106653,0.24096385542168675,0.21951451648135595,False
FGSM,0.01,808,9,1,0.6821545782104994,0.3898305084745763,0.7167505191949155,False
FGSM,0.01,809,0,8,0.21925770234758452,0.14763231197771587,-0.08925380671480307,False
FGSM,0.01,810,0,8,0.1075721120966575,0.07611548556430446,0.007069416868894973,False
FGSM,0.01,811,1,8,0.8639762167923549,0.7154811715481172,0.8980892767299816,False
FGSM,0.01,812,4,6,0.8187247180463795,0.6942148760330579,0.8968905908211571,False
FGSM,0.01,813,4,3,0.783560313185978,0.6015625,0.8199600549569442,False
FGSM,0.01,814,6,2,0.8829851415250781,0.8981481481481481,0.9064143514844183,False
FGSM,0.01,815,7,3,0.580568764689406,0.45422535211267606,0.7646567387946429,False
FGSM,0.01,818,1,9,0.8570488503963284,0.6454183266932271,0.8760388310528161,False
FGSM,0.01,820,7,4,0.8031488697446839,0.64,0.7805866306515179,False
FGSM,0.01,822,5,3,0.6416879650563575,0.5891472868217055,0.7743721410557125,False
FGSM,0.01,823,2,3,0.8873930867078036,0.7982456140350878,0.9641344974512831,False
FGSM,0.01,824,6,2,0.6211685814905757,0.30990415335463256,0.6896520252896589,False
FGSM,0.01,826,5,3,0.47385551558265715,0.22388059701492538,0.2959970799983396,False
FGSM,0.01,827,8,0,0.35979022091928176,0.5185185185185185,0.7796806084407538,False
FGSM,0.01,830,6,3,0.3457540330155367,0.23493975903614459,0.5454219697064655,False
FGSM,0.01,834,3,6,0.3334053883004586,0.33986928104575165,0.6220728661230132,False
FGSM,0.01,835,0,3,0.5779682792882992,0.3344155844155844,0.7871416684976285,False
FGSM,0.01,836,4,2,0.135504225349383,0.07329842931937172,-0.00651581995172653,False
FGSM,0.01,837,0,2,-0.055953663225597756,0.22916666666666666,0.14873768696210443,False
FGSM,0.01,842,0,1,0.7508580423781329,0.55893536121673,0.8818440877842847,False
FGSM,0.01,843,6,0,-0.023220692471797047,0.0,-0.26802363967571147,False
FGSM,0.01,845,9,1,0.9274621785745113,0.7574468085106383,0.9571652489016056,False
FGSM,0.01,847,5,0,0.4334036135607256,0.26153846153846155,0.40023411327740255,False
FGSM,0.01,849,0,2,0.7637060241850876,0.38047138047138046,0.7648034775499146,False
FGSM,0.01,850,0,8,0.7986349880684321,0.7083333333333334,0.8797838070405488,False
FGSM,0.01,851,4,2,0.7970237046777762,0.659919028340081,0.9064567161126994,False
FGSM,0.01,852,2,3,0.6157211564128569,0.41379310344827586,0.7029999597780522,False
FGSM,0.01,853,3,5,0.48235797035623584,0.4013605442176871,0.5603789884527394,False
FGSM,0.01,856,2,3,0.8398919263358652,0.659919028340081,0.8431324159966453,False
FGSM,0.01,857,2,3,0.7307640035959104,0.5648854961832062,0.7770395919132663,False
FGSM,0.01,858,5,3,0.3850074442089384,0.329073482428115,0.4893886742574876,False
FGSM,0.01,859,9,1,0.8209730621493427,0.5298507462686567,0.8123275798714942,False
FGSM,0.01,860,8,0,0.5145194662167255,0.35313531353135313,0.6848748274788005,False
FGSM,0.01,862,1,9,0.6848102388503967,0.3993174061433447,0.7582812018453865,False
FGSM,0.01,865,0,8,0.5933487701654081,0.4236111111111111,0.7000926798001275,False
FGSM,0.01,868,8,1,0.8319255890842725,0.38513513513513514,0.8875000239008465,False
FGSM,0.01,869,3,5,0.6388086320904012,0.41379310344827586,0.6114579255370508,False
FGSM,0.01,871,6,0,0.4645939724900093,0.19883040935672514,0.5541250459835656,False
FGSM,0.01,872,4,7,0.8050567579384034,0.7982456140350878,0.8643634343396435,False
FGSM,0.01,874,0,2,0.1495856224376186,0.11559139784946236,0.20245071852116533,False
FGSM,0.01,875,3,5,-0.18153592038670574,0.0327455919395466,-0.06756819983112775,False
FGSM,0.01,876,7,0,0.32291592104301337,0.24620060790273557,0.27547622199153227,False
FGSM,0.01,877,8,1,0.6377950406911612,0.5953307392996109,0.7725351981908162,False
FGSM,0.01,878,9,1,0.8289549865225363,0.5471698113207547,0.7618085489151789,False
FGSM,0.01,879,1,8,0.7367485504619469,0.5298507462686567,0.7908740428993715,False
FGSM,0.01,880,1,8,-0.11055139252156007,0.014423076923076924,-0.2149947745538124,False
FGSM,0.01,881,6,2,-0.011496625275119654,0.18258426966292135,0.19164739951060508,False
FGSM,0.01,882,6,2,0.6502003757656447,0.26851851851851855,0.6989518417856686,False
FGSM,0.01,883,6,5,0.4428680783266128,0.43356643356643354,0.7197641695603147,False
FGSM,0.01,885,9,0,0.6918953549552201,0.5807692307692308,0.7702175029467406,False
FGSM,0.01,886,1,9,0.6821029328867881,0.3898305084745763,0.5682714433373033,False
FGSM,0.01,887,9,1,0.8492020810761395,0.6205533596837944,0.883550126318948,False
FGSM,0.01,888,9,1,0.5005546194541174,0.24620060790273557,0.43462006457553687,False
FGSM,0.01,889,4,2,0.38129080894551953,0.16809116809116809,0.4833489503613536,False
FGSM,0.01,890,2,3,0.35215170306080235,0.09919571045576407,0.455238263436946,False
FGSM,0.01,891,1,9,0.6961263349753689,0.44876325088339225,0.6895147670734378,False
FGSM,0.01,892,7,0,0.6005528951146414,0.5648854961832062,0.6627630377175683,False
FGSM,0.01,894,6,2,0.745873142933451,0.55893536121673,0.8761887668679236,False
FGSM,0.01,895,8,0,0.6464160159641819,0.4186851211072664,0.7326877767778055,False
FGSM,0.01,897,9,1,0.810260522870909,0.64,0.8047237394133037,False
FGSM,0.01,898,2,3,0.5488990361984136,0.3183279742765273,0.5652425530301457,False
FGSM,0.01,899,9,0,0.5802766664377992,0.3712374581939799,0.6399276617840488,False
FGSM,0.01,900,0,3,0.18333340223101613,0.18497109826589594,0.3016516445684849,False
FGSM,0.01,901,4,2,0.8809790623611247,0.6872427983539094,0.9182955003456647,False
FGSM,0.01,904,3,5,0.756940177283608,0.5471698113207547,0.7600718811394508,False
FGSM,0.01,906,2,0,0.3559891579855411,0.45390070921985815,0.6784895911575203,False
FGSM,0.01,907,0,8,0.36658176128423947,0.2599388379204893,0.4320817709744097,False
FGSM,0.01,909,5,3,0.7520367456048992,0.3409090909090909,0.7764407776288537,False
FGSM,0.01,911,4,7,0.705852760999469,0.4874551971326165,0.7862944795653383,False
FGSM,0.01,912,3,2,0.5694155309145399,0.4748201438848921,0.5743777636518028,False
FGSM,0.01,914,1,9,0.7775075758411962,0.44876325088339225,0.7745443118228486,False
FGSM,0.01,915,3,2,0.20060571684631567,0.07894736842105263,-0.13516327588375032,False
FGSM,0.01,917,5,3,0.7917668863954629,0.55893536121673,0.884920944860771,False
FGSM,0.01,919,8,9,0.7252183961626913,0.5073529411764706,0.8323204146440183,False
FGSM,0.01,920,4,3,0.13553067309280428,0.16477272727272727,0.15799624386878522,False
FGSM,0.01,922,1,9,0.7493822924219645,0.45907473309608543,0.848091444720114,False
FGSM,0.01,924,8,0,0.6561505336647843,0.5430711610486891,0.886563213231894,False
FGSM,0.01,925,9,8,0.6344593823756527,0.42857142857142855,0.6352767959493018,False
FGSM,0.01,926,6,8,0.5809766515557648,0.36666666666666664,0.5765591388072242,False
FGSM,0.01,929,6,2,0.4266558647795185,0.26153846153846155,0.15443621589229042,False
FGSM,0.01,931,3,5,0.7964504098949524,0.5568181818181818,0.8534114026624179,False
FGSM,0.01,933,1,9,0.9347521774691238,0.6205533596837944,0.9553344813110405,False
FGSM,0.01,934,0,2,0.802004441883437,0.6141732283464567,0.9135138059387474,False
FGSM,0.01,936,1,8,0.7981879844842754,0.4927536231884058,0.9036042695775574,False
FGSM,0.01,937,0,8,0.6481186397340611,0.4236111111111111,0.7277451478775556,False
FGSM,0.01,939,3,5,0.7224866308653507,0.5018315018315018,0.8505754796215944,False
FGSM,0.01,940,5,3,0.09809460552505644,0.017241379310344827,0.3411746065199957,False
FGSM,0.01,941,0,1,0.7758677092948433,0.7446808510638298,0.9354061468349978,False
FGSM,0.01,942,0,7,0.5451649082927915,0.44366197183098594,0.7449691536506706,False
FGSM,0.01,943,6,2,0.27024751067337677,0.14127423822714683,-0.012487786124576846,False
FGSM,0.01,944,6,2,0.45586910312540674,0.25382262996941896,0.44256248143982024,False
FGSM,0.01,945,3,5,0.6604648871683466,0.38047138047138046,0.7125059860766305,False
FGSM,0.01,946,3,0,0.6333505776483488,0.3825503355704698,0.7549656734774087,False
FGSM,0.01,947,6,2,0.14074477387079692,0.2732919254658385,0.37758754689981305,False
FGSM,0.01,948,3,5,0.5387208541888281,0.44366197183098594,0.4846837249441089,False
FGSM,0.01,950,6,4,0.17665192674736618,0.07591623036649214,-0.10068621669027328,False
FGSM,0.01,951,0,1,0.6273117300476699,0.43859649122807015,0.706966745956016,False
FGSM,0.01,952,7,9,-0.02732552689707324,0.022443890274314215,-0.3795673408763877,False
FGSM,0.01,953,2,3,0.8539178766883336,0.6942148760330579,0.9023854000169843,False
FGSM,0.01,956,2,7,-0.1948069593218705,0.1273209549071618,0.022657412866518872,False
FGSM,0.01,958,5,3,0.5039986831390233,0.2772585669781931,0.6082510901766378,False
FGSM,0.01,960,1,0,0.720342669396292,0.46953405017921146,0.7754182123508286,False
FGSM,0.01,964,2,6,0.33966390562371884,0.09919571045576407,0.12487440305404941,False
FGSM,0.01,965,3,5,0.5805158902847583,0.36212624584717606,0.6687446510805571,False
FGSM,0.01,966,1,9,0.792321159069002,0.6465863453815262,0.8176001456724936,False
FGSM,0.01,967,5,2,0.6544715793811601,0.5018315018315018,0.7084929313375451,False
FGSM,0.01,968,3,4,0.4690790577383833,0.15730337078651685,0.5707227036818707,False
FGSM,0.01,969,7,5,0.49965824805215253,0.2732919254658385,0.5952838430252975,False
FGSM,0.01,970,6,1,0.42003475651131206,0.24242424242424243,0.45045621171560307,False
FGSM,0.01,973,1,9,0.9392087866039671,0.8385650224215246,0.968895524754815,False
FGSM,0.01,974,6,7,0.4249944096927451,0.18,0.3971005920711633,False
FGSM,0.01,975,4,5,0.7248264170615498,0.5891472868217055,0.8299878628573872,False
FGSM,0.01,976,9,1,0.32319610031033963,0.75,0.8209679187373207,False
FGSM,0.01,977,3,5,0.45896744187286687,0.5725190839694656,0.784547984459461,False
FGSM,0.01,978,9,1,0.5180900299517966,0.2607361963190184,0.3637346946315455,False
FGSM,0.01,979,0,8,0.6197853727133934,0.4186851211072664,0.6764073601644212,False
FGSM,0.01,980,9,3,-0.1129682021564804,0.11716621253405994,-0.0640433573723814,False
FGSM,0.01,981,6,3,0.3861360540654863,0.10215053763440861,0.24678781862307805,False
FGSM,0.01,982,3,5,0.7851749862664442,0.45390070921985815,0.848661555576181,False
FGSM,0.01,986,8,0,0.39824950962577815,0.1936416184971098,0.2879369400597484,False
FGSM,0.01,987,0,8,0.7176004020778253,0.48375451263537905,0.8083143755378228,False
FGSM,0.01,989,6,3,0.6366032143562589,0.45907473309608543,0.7273821684510297,False
FGSM,0.01,990,6,2,0.8661793727846541,0.5241635687732342,0.9037968629665137,False
FGSM,0.01,991,9,1,0.4676475681291518,0.13573407202216067,0.6436157612675624,False
FGSM,0.01,992,4,7,0.8774941750532071,0.7083333333333334,0.9139697306617985,False
FGSM,0.01,993,6,3,0.6378821183013945,0.5355805243445693,0.5376629764202655,False
FGSM,0.01,994,3,5,0.8802355754481265,0.729957805907173,0.9277835976187212,False
FGSM,0.01,995,6,3,0.6050967796025082,0.3442622950819672,0.7980527866240892,False
FGSM,0.01,996,0,8,0.8919052371876479,0.7154811715481172,0.8923306106188638,False
FGSM,0.01,997,8,0,0.6848801905675047,0.42857142857142855,0.6647078956077541,False
FGSM,0.01,998,6,3,0.7008702759444989,0.8385650224215246,0.8299932766610796,False
FGSM,0.01,999,0,3,0.15584154708101552,0.1111111111111111,0.2162302198487908,False
FGSM,0.03,0,3,2,0.1671322172062352,0.2893081761006289,0.4901949290690187,False
FGSM,0.03,1,8,2,0.13719010911272725,0.2974683544303797,0.4209243302062275,False
FGSM,0.03,3,6,2,0.19261614438790425,0.05912596401028278,-0.005737729824977796,False
FGSM,0.03,4,6,5,0.7755391398105859,0.8303571428571429,0.9061069417972221,False
FGSM,0.03,5,1,9,0.5676205462054277,0.5471698113207547,0.8316329476564199,False
FGSM,0.03,6,6,2,0.4599932908643996,0.3183279742765273,0.43794065414292316,False
FGSM,0.03,8,1,9,0.7713711262079914,0.5018315018315018,0.8745082393305917,False
FGSM,0.03,9,0,3,0.32905921868171567,0.20943952802359883,0.008359312348608658,False
FGSM,0.03,10,9,1,0.8819293820866819,0.5430711610486891,0.9082705868741348,False
FGSM,0.03,11,5,2,-0.07760783742900425,0.07329842931937172,-0.349398305073696,False
FGSM,0.03,12,7,5,0.5040919205226202,0.36666666666666664,0.5053196327920805,False
FGSM,0.03,13,9,1,0.8299860066166643,0.5018315018315018,0.8325859884306521,False
FGSM,0.03,14,8,6,0.7118650075134658,0.5648854961832062,0.765470034176249,False
FGSM,0.03,15,5,3,0.6427734791030474,0.44366197183098594,0.6956013018304188,False
FGSM,0.03,16,7,9,0.22507217595069873,0.04591836734693878,0.13064346428233906,False
FGSM,0.03,18,6,2,0.8735345317238181,0.6872427983539094,0.9418731330195629,False
FGSM,0.03,19,7,3,0.031117190849958603,0.06493506493506493,-0.22053177144627434,False
FGSM,0.03,21,4,2,0.1443569269544478,0.12637362637362637,0.0012942283794377767,False
FGSM,0.03,22,9,1,0.548731274712268,0.3442622950819672,0.4910502939245455,False
FGSM,0.03,23,5,4,0.4488160925829155,0.25766871165644173,0.5547340887553425,False
FGSM,0.03,24,2,3,0.45552814826310734,0.45390070921985815,0.703534590116574,False
FGSM,0.03,25,4,6,0.09454286387159225,0.30158730158730157,0.25267646329697097,False
FGSM,0.03,26,9,1,0.4029021988007703,0.2599388379204893,0.25918648814168926,False
FGSM,0.03,27,6,4,0.3752817978173444,0.2834890965732087,0.5323650835471442,False
FGSM,0.03,28,6,3,0.23831829613180744,0.18155619596541786,0.30374390136127677,False
FGSM,0.03,29,5,6,0.5058589218898687,0.5648854961832062,0.6851397218371928,False
FGSM,0.03,31,5,2,0.3485128931985247,0.17142857142857143,0.23006727468673288,False
FGSM,0.03,34,1,9,0.8101350018715338,0.40893470790378006,0.8274398579101825,False
FGSM,0.03,35,5,9,-0.05442832409251009,0.0327455919395466,-0.16573729778408935,False
FGSM,0.03,36,6,2,0.5326132769069563,0.4642857142857143,0.4481549813206649,False
FGSM,0.03,37,6,2,0.7030563866664495,0.5018315018315018,0.7474954922190746,False
FGSM,0.03,38,0,9,0.5887360255038999,0.3247588424437299,0.8028569171641324,False
FGSM,0.03,39,9,1,0.6522729108454495,0.40273037542662116,0.671066033794032,False
FGSM,0.03,40,3,6,0.7763008952317153,0.5891472868217055,0.8421783881249209,False
FGSM,0.03,41,7,4,0.9018189342328783,0.8222222222222222,0.9578606229731311,False
FGSM,0.03,42,6,2,0.677109404867267,0.553030303030303,0.7073136968972134,False
FGSM,0.03,43,9,1,0.372096015997169,0.10512129380053908,0.1962125700531546,False
FGSM,0.03,44,8,6,0.5779793504531703,0.2654320987654321,0.3823236644188077,False
FGSM,0.03,48,7,4,0.7238777674560314,0.41237113402061853,0.8251533231643879,False
FGSM,0.03,50,4,3,0.23696408325550697,0.25382262996941896,0.38871186653326995,False
FGSM,0.03,52,7,5,0.6658711263967799,0.659919028340081,0.9002790765188786,False
FGSM,0.03,54,6,5,0.5046993511210239,0.48028673835125446,0.8202803991722636,False
FGSM,0.03,55,3,5,0.5088626788769809,0.5239852398523985,0.8802131945092352,False
FGSM,0.03,56,6,4,-0.0617143881496713,0.06753246753246753,-0.3512483411713184,False
FGSM,0.03,57,2,6,0.015099347002395534,0.09919571045576407,0.03364811178658507,False
FGSM,0.03,58,2,1,0.3375465799028849,0.15492957746478872,0.13879436145154145,False
FGSM,0.03,59,3,5,0.46175269386248896,0.40955631399317405,0.6783860372314455,False
FGSM,0.03,60,7,4,0.1777054245641232,0.18840579710144928,-0.02617365651535856,False
FGSM,0.03,61,2,3,0.08594661501557263,0.2344213649851632,0.18161806705541958,False
FGSM,0.03,62,6,5,0.5890464593143858,0.8141592920353983,0.9014910065552199,False
FGSM,0.03,64,8,3,0.28557263309062497,0.15492957746478872,0.19821038521630693,False
FGSM,0.03,65,0,9,0.7138097608825688,0.4927536231884058,0.7403322440431648,False
FGSM,0.03,67,9,0,0.4560143801496645,0.3057324840764331,0.49151675857346355,False
FGSM,0.03,68,3,1,0.49714561246262146,0.284375,0.593298999812371,False
FGSM,0.03,69,3,5,0.765707903901892,0.6872427983539094,0.8214400826538786,False
FGSM,0.03,72,1,9,0.6310480703008547,0.4370629370629371,0.649136399316939,False
FGSM,0.03,73,1,9,0.7620305790615505,0.5471698113207547,0.8719251180918577,False
FGSM,0.03,74,7,3,0.5388691929337143,0.2088235294117647,0.36866794487631926,False
FGSM,0.03,75,2,3,0.5804233911458249,0.3268608414239482,0.6286904203196195,False
FGSM,0.03,76,5,7,0.7978977240448454,0.7083333333333334,0.9417123948952189,False
FGSM,0.03,77,7,3,0.6054157860488933,0.673469387755102,0.8484763160631402,False
FGSM,0.03,78,8,9,0.8180774590496481,0.44405594405594406,0.9036077045930573,False
FGSM,0.03,79,9,1,0.881381099746072,0.5241635687732342,0.9164213897025577,False
FGSM,0.03,80,0,8,0.6212006251481995,0.48014440433212996,0.8473178804160495,False
FGSM,0.03,81,8,9,0.653299707766435,0.4642857142857143,0.8813558238330756,False
FGSM,0.03,82,6,2,0.7773587034034306,0.5129151291512916,0.8275585331950072,False
FGSM,0.03,83,4,3,0.30068350522257126,0.25,0.34406900515753386,False
FGSM,0.03,85,6,2,0.11047101567103941,0.08157894736842106,0.1609083141883765,False
FGSM,0.03,86,0,2,0.6585189092232013,0.3712374581939799,0.5946990082165627,False
FGSM,0.03,87,0,2,0.7202536919782456,0.49818181818181817,0.8689946205528915,False
FGSM,0.03,88,7,3,-0.12065139994492657,0.0,-0.15282001969420023,False
FGSM,0.03,89,4,7,0.8806811815800046,0.8141592920353983,0.9120075530081705,False
FGSM,0.03,90,5,3,0.34501261666631355,0.13812154696132597,0.2858552907834127,False
FGSM,0.03,91,6,2,0.4545732031868407,0.25,0.5336067364902218,False
FGSM,0.03,92,3,6,0.7885311868733357,0.64,0.9210235316822335,False
FGSM,0.03,93,1,9,0.7928155624037664,0.5355805243445693,0.8141312922642493,False
FGSM,0.03,94,1,9,0.569442645897028,0.19653179190751446,0.6558470478384312,False
FGSM,0.03,95,3,6,0.6010090526112096,0.36666666666666664,0.7819339362084098,False
FGSM,0.03,96,6,2,0.4358433920761967,0.1440443213296399,0.16238200040054418,False
FGSM,0.03,97,7,5,0.8672939824634756,0.7083333333333334,0.9098370578296924,False
FGSM,0.03,98,4,2,0.2033346126199777,0.1111111111111111,0.2113817025972165,False
FGSM,0.03,99,0,8,0.41390382393298414,0.46099290780141844,0.6237855163535604,False
FGSM,0.03,101,2,6,0.6870561932828746,0.31210191082802546,0.6546550423346029,False
FGSM,0.03,102,1,9,0.5806462313265529,0.33986928104575165,0.6664876661106882,False
FGSM,0.03,103,3,6,0.2757627137131733,0.10810810810810811,0.46749706940815233,False
FGSM,0.03,104,0,8,0.7596920657704568,0.6141732283464567,0.7143437796604541,False
FGSM,0.03,105,4,0,0.47711005570320825,0.3355048859934853,0.721821021850669,False
FGSM,0.03,107,7,3,0.5125502092817512,0.49635036496350365,0.5711446791536966,False
FGSM,0.03,108,8,0,0.6983261102336574,0.626984126984127,0.861944359776866,False
FGSM,0.03,109,3,5,0.8081751946999124,0.8222222222222222,0.9593241812590797,False
FGSM,0.03,110,1,9,0.46018926013562794,0.36666666666666664,0.8625339616739838,False
FGSM,0.03,111,2,3,0.8217390573104105,0.6532258064516129,0.8726881784089935,False
FGSM,0.03,112,8,9,0.477758496078148,0.5073529411764706,0.7218386264106196,False
FGSM,0.03,113,0,2,0.09650882922744787,0.10215053763440861,0.24256013352448338,False
FGSM,0.03,115,3,6,0.3357785789581214,0.15877437325905291,0.11334494177892926,False
FGSM,0.03,117,2,0,0.20404722559072785,0.26153846153846155,0.40707835603230547,False
FGSM,0.03,118,4,2,0.7055709897457848,0.46785714285714286,0.7188600942475771,False
FGSM,0.03,119,1,9,0.45181304239047987,0.12602739726027398,0.34548300082813316,False
FGSM,0.03,120,8,1,0.8266171898097682,0.6078431372549019,0.8104538249719352,False
FGSM,0.03,122,1,3,-0.06748478223300869,0.009852216748768473,-0.14098089584455895,False
FGSM,0.03,123,2,3,0.6560335174070661,0.4642857142857143,0.7979748364547685,False
FGSM,0.03,125,7,9,0.04469689785295508,0.05670103092783505,-0.09183446750635596,False
FGSM,0.03,126,2,6,0.5186561538573332,0.3173076923076923,0.5245922124518224,False
FGSM,0.03,127,9,8,0.3908594735361336,0.2166172106824926,0.3360934750018258,False
FGSM,0.03,128,6,3,0.6485905379371045,0.31528662420382164,0.7976449572643445,False
FGSM,0.03,129,6,0,0.021518647447727253,0.004866180048661801,-0.3572802083296773,False
FGSM,0.03,132,7,6,0.2784177422387107,0.10512129380053908,0.05286879450290766,False
FGSM,0.03,133,6,2,0.04153394553435452,0.10810810810810811,0.028487510694917593,False
FGSM,0.03,134,5,7,0.04842109786382873,0.009828009828009828,-0.06316060466486911,False
FGSM,0.03,135,2,3,0.614832836511881,0.5763358778625954,0.7986009205272467,False
FGSM,0.03,136,8,0,0.6357893457735432,0.3464052287581699,0.537283898095645,False
FGSM,0.03,137,9,1,0.5641623583605745,0.3898305084745763,0.6501013470525845,False
FGSM,0.03,138,6,1,0.33534833455633445,0.30158730158730157,0.4475137691853849,False
FGSM,0.03,139,0,3,0.1590386726611918,0.10512129380053908,-0.22766939961793603,False
FGSM,0.03,141,5,6,0.6055865563767736,0.33986928104575165,0.7244744491522873,False
FGSM,0.03,142,2,3,0.21796743529721319,0.18497109826589594,0.08609622830821242,False
FGSM,0.03,145,4,0,0.8428146581016701,0.8061674008810573,0.9100404685959959,False
FGSM,0.03,146,2,9,0.7770482179372621,0.7083333333333334,0.9342365587010255,False
FGSM,0.03,147,1,9,0.6571359594938753,0.3485342019543974,0.6708485582787171,False
FGSM,0.03,148,6,1,0.5005652656350402,0.3898305084745763,0.7646312172860257,False
FGSM,0.03,149,6,2,0.05491304196306314,0.0,-0.19997234333939465,False
FGSM,0.03,151,4,2,0.08801646269504472,0.7869565217391304,0.6986297762963144,False
FGSM,0.03,152,8,3,-0.1908227680729052,0.0,-0.6746557995285712,False
FGSM,0.03,153,4,2,0.7032124352525677,0.4236111111111111,0.6652672256805867,False
FGSM,0.03,154,5,2,0.3027120281343924,0.1284153005464481,0.5295995190855718,False
FGSM,0.03,156,9,1,0.7361017319831181,0.782608695652174,0.9008125236113645,False
FGSM,0.03,158,9,8,0.7875777806579713,0.5643939393939394,0.8207766744988702,False
FGSM,0.03,159,8,5,0.4952044276515099,0.32371794871794873,0.5793675532388595,False
FGSM,0.03,161,9,8,-0.048517105257114314,0.017369727047146403,-0.38269470745170636,False
FGSM,0.03,162,3,6,0.7453506109676704,0.44366197183098594,0.8849351096784303,False
FGSM,0.03,163,7,5,0.58863797725024,0.33986928104575165,0.6648299978624302,False
FGSM,0.03,164,5,3,0.09373597913108608,0.10512129380053908,-0.0936362464641116,False
FGSM,0.03,165,0,9,0.4400443239523285,0.3885135135135135,0.7345651128706259,False
FGSM,0.03,166,0,3,0.43567095424865576,0.3609271523178808,0.5939282779931603,False
FGSM,0.03,167,5,3,0.353000017546893,0.22388059701492538,0.47987113816642074,False
FGSM,0.03,168,2,0,0.2593293957083835,0.3442622950819672,0.45463600650481467,False
FGSM,0.03,169,2,6,0.27530696252639925,0.45907473309608543,0.5785745911747086,False
FGSM,0.03,170,3,0,0.22054157392418056,0.16997167138810199,0.31521963527403357,False
FGSM,0.03,171,8,3,0.0035847235235989244,0.017326732673267328,-0.2979114512900508,False
FGSM,0.03,172,6,2,0.7798964316631563,0.673469387755102,0.8621166163004386,False
FGSM,0.03,173,3,8,0.4863753648345309,0.2732919254658385,0.40605062024223615,False
FGSM,0.03,174,4,2,0.5403305645804775,0.5018315018315018,0.8047755916597773,False
FGSM,0.03,175,0,8,-0.1362880491287743,0.0,-0.6710278094723988,False
FGSM,0.03,176,8,6,0.40355361406429613,0.25766871165644173,0.3567310145088734,False
FGSM,0.03,178,1,2,0.4326384872939994,0.3268608414239482,0.6230702010438971,False
FGSM,0.03,179,7,6,0.04330237278739295,0.06459948320413436,-0.14653198173442736,False
FGSM,0.03,180,8,6,0.4732826678984738,0.2996845425867508,0.643869183325143,False
FGSM,0.03,181,8,3,-0.07214564425091,0.043256997455470736,-0.3875249170827779,False
FGSM,0.03,182,7,3,0.1939596595865295,0.08179419525065963,0.34519926252076205,False
FGSM,0.03,183,8,6,0.6030980802088433,0.2974683544303797,0.5291061659087817,False
FGSM,0.03,184,5,3,0.4480993098768091,0.15819209039548024,0.39350754243368263,False
FGSM,0.03,185,1,0,0.2460393329344829,0.19420289855072465,0.20481026765788693,False
FGSM,0.03,187,7,9,0.21525280090798377,0.10810810810810811,0.26620656996028375,False
FGSM,0.03,188,1,9,0.38115892059048473,0.24773413897280966,0.45056827590604553,False
FGSM,0.03,189,3,6,0.5362835380550268,0.25,0.7724831059555376,False
FGSM,0.03,190,5,3,0.9427963432652005,0.8721461187214612,0.9770301679126886,False
FGSM,0.03,191,7,5,0.8695898271832593,0.673469387755102,0.9497426765172269,False
FGSM,0.03,193,7,3,0.6522593181078307,0.30158730158730157,0.712665106053993,False
FGSM,0.03,194,4,8,0.29585087300035773,0.10810810810810811,0.17400118195398573,False
FGSM,0.03,195,5,3,0.655690124896014,0.45936395759717313,0.7961767180556923,False
FGSM,0.03,197,8,1,0.7695567654280444,0.553030303030303,0.8697462395116593,False
FGSM,0.03,198,0,2,0.08364146273857336,0.12021857923497267,-0.023759129025846593,False
FGSM,0.03,200,9,1,0.8554405759160335,0.6141732283464567,0.9193045102998886,False
FGSM,0.03,201,2,3,0.25918879863411615,0.20234604105571846,0.25284092239667527,False
FGSM,0.03,202,7,5,0.6786516494112167,0.4041095890410959,0.6239362592322707,False
FGSM,0.03,203,6,3,0.681128785025174,0.3609271523178808,0.8744536033632999,False
FGSM,0.03,204,9,1,0.8433598578472198,0.6885245901639344,0.9517213698664723,False
FGSM,0.03,205,4,3,0.08418996699950686,0.22157434402332363,0.24795153524596764,False
FGSM,0.03,207,9,1,0.8301007605251476,0.7012448132780082,0.8809071210845195,False
FGSM,0.03,209,4,2,0.6095338657159274,0.29337539432176657,0.5172199965926597,False
FGSM,0.03,210,7,3,0.05651030391982742,0.02756892230576441,-0.05999026261871777,False
FGSM,0.03,211,6,2,0.1697597052239419,0.11956521739130435,0.051444520504378886,False
FGSM,0.03,212,5,3,0.4685352510199524,0.40893470790378006,0.48260402660594204,False
FGSM,0.03,213,1,9,0.799646702545458,0.43356643356643354,0.7361065322505242,False
FGSM,0.03,214,5,3,0.40861860578521514,0.16477272727272727,0.342751252198762,False
FGSM,0.03,215,8,1,0.3750399221044816,0.22388059701492538,0.20668549019390303,False
FGSM,0.03,216,8,0,0.3743373114329936,0.46619217081850534,0.7828255611486723,False
FGSM,0.03,219,5,3,0.7849343997046087,0.5054945054945055,0.7490295706294919,False
FGSM,0.03,221,1,9,0.9202663275969805,0.8222222222222222,0.9564181959507838,False
FGSM,0.03,222,8,1,0.6529468449924283,0.5769230769230769,0.7828783064776749,False
FGSM,0.03,223,9,0,0.20751227496945976,0.22023809523809523,0.18935285205524138,False
FGSM,0.03,224,0,2,0.04223946896534945,0.12637362637362637,0.20676450507226848,False
FGSM,0.03,225,3,2,-0.02152853575406094,0.0327455919395466,-0.25643832834529956,False
FGSM,0.03,226,1,9,0.8819843709645186,0.680327868852459,0.9092082688184504,False
FGSM,0.03,227,9,3,-0.288544646237851,0.0,-0.8680882532997696,False
FGSM,0.03,228,2,0,0.5655277678668954,0.31629392971246006,0.6115999845355555,False
FGSM,0.03,229,2,0,0.2367817547066871,0.04060913705583756,0.07860043266078126,False
FGSM,0.03,230,5,9,0.6938437840146338,0.4574468085106383,0.778216315554362,False
FGSM,0.03,231,3,5,0.3904157596930983,0.15492957746478872,0.26721447012006583,False
FGSM,0.03,232,9,1,0.5774964163143231,0.41379310344827586,0.37970120853953276,False
FGSM,0.03,233,9,1,0.5768934111530417,0.45907473309608543,0.8012049139076184,False
FGSM,0.03,234,4,3,-0.1136445459458886,0.004866180048661801,-0.5138288939193549,False
FGSM,0.03,235,0,8,0.6587041910707099,0.5355805243445693,0.7271763751066386,False
FGSM,0.03,236,3,6,0.8419519088853745,0.782608695652174,0.8916010709203939,False
FGSM,0.03,237,0,8,0.8634223280992557,0.7012448132780082,0.8705148326183868,False
FGSM,0.03,238,9,1,0.7015034402527752,0.7226890756302521,0.8864763869818442,False
FGSM,0.03,239,8,6,0.7471820661782965,0.45907473309608543,0.728138274938539,False
FGSM,0.03,240,1,9,0.15770276868720456,0.13259668508287292,0.1524524376791637,False
FGSM,0.03,241,5,6,0.3553624689928945,0.18840579710144928,0.2826685904415889,False
FGSM,0.03,242,7,3,0.4322877333433362,0.14206128133704735,0.6689530527469794,False
FGSM,0.03,244,8,2,0.5522097057431107,0.35313531353135313,0.5118253986575194,False
FGSM,0.03,245,2,8,0.23257413802437,0.2166172106824926,0.2564306323512925,False
FGSM,0.03,246,4,6,0.3781433859175297,0.16101694915254236,0.07390715537821615,False
FGSM,0.03,247,7,5,0.17894156673418038,0.25382262996941896,0.33913755718032423,False
FGSM,0.03,248,0,2,0.25026533059664235,0.19533527696793002,0.11788791558071066,False
FGSM,0.03,250,3,5,0.6949060035321156,0.5953307392996109,0.8224558850291969,False
FGSM,0.03,251,6,2,-0.11848179635522231,0.0327455919395466,-0.3366982908900758,False
FGSM,0.03,255,0,8,0.6122971912515323,0.48014440433212996,0.6948714926931937,False
FGSM,0.03,257,4,6,0.4339428244283651,0.2893081761006289,0.6348809654171929,False
FGSM,0.03,258,3,6,0.7702513082357972,0.5747126436781609,0.8461409232899163,False
FGSM,0.03,259,9,1,0.489558296609455,0.33548387096774196,0.45966015713696945,False
FGSM,0.03,261,6,2,0.3407787162346969,0.11716621253405994,0.11075627486728443,False
FGSM,0.03,262,1,9,0.7988182208859004,0.5648854961832062,0.8359076087075697,False
FGSM,0.03,263,9,1,0.7972325200336219,0.5643939393939394,0.9297924347331549,False
FGSM,0.03,264,1,8,0.5153163947900702,0.22388059701492538,0.3616935048739481,False
FGSM,0.03,266,7,3,0.2693622977158318,0.16477272727272727,0.30473184371587164,False
FGSM,0.03,267,9,1,0.8576059970321387,0.8355555555555556,0.9604983451576761,False
FGSM,0.03,270,6,2,0.6940961018385168,0.4041095890410959,0.7502974321589616,False
FGSM,0.03,271,9,1,0.4506106716108828,0.24242424242424243,0.30524775907890744,False
FGSM,0.03,272,3,5,0.6652440075051679,0.5018315018315018,0.7363375528677666,False
FGSM,0.03,273,4,2,0.08068771818270278,0.1388888888888889,0.239969382171756,False
FGSM,0.03,274,6,3,0.6214049500110146,0.29337539432176657,0.500082265283184,False
FGSM,0.03,275,0,8,0.4864585021257224,0.3141025641025641,0.4868909693468344,False
FGSM,0.03,276,0,2,0.886260277685329,0.782608695652174,0.8949046153336794,False
FGSM,0.03,277,6,2,-0.054808047551741984,0.01728395061728395,-0.0996609873306498,False
FGSM,0.03,278,6,5,0.8404515272326017,0.7903930131004366,0.8985117028308062,False
FGSM,0.03,279,6,9,0.35584884489192103,0.21301775147928995,0.24395864941871637,False
FGSM,0.03,280,3,4,0.018433363173868556,0.019801980198019802,0.12404959063556083,False
FGSM,0.03,281,2,5,0.5557836749378768,0.38513513513513514,0.7486830434420937,False
FGSM,0.03,282,6,2,0.8631951636331674,0.7446808510638298,0.9007593131769768,False
FGSM,0.03,283,8,9,0.3651823506204235,0.1568627450980392,0.4406755476609759,False
FGSM,0.03,284,2,4,0.22296899537242534,0.10427807486631016,0.24393564623501252,False
FGSM,0.03,285,1,9,0.514440169769018,0.20588235294117646,0.6326020964125031,False
FGSM,0.03,287,8,1,0.30254025113859806,0.4645390070921986,0.6544082355752229,False
FGSM,0.03,288,6,2,0.34745197742505785,0.18155619596541786,0.21518643399148646,False
FGSM,0.03,290,0,3,-0.02633196731637687,0.0024449877750611247,-0.4547898463104149,False
FGSM,0.03,291,4,2,-0.19942668675706923,0.0,-0.6257498375712733,False
FGSM,0.03,292,7,2,0.757256310851969,0.5185185185185185,0.8541497445926095,False
FGSM,0.03,293,7,3,0.9321420261493096,0.8468468468468469,0.9694184579098215,False
FGSM,0.03,294,5,6,0.9256094953364874,0.7226890756302521,0.9565930387242013,False
FGSM,0.03,295,5,3,0.9027536473507006,0.8385650224215246,0.9747480321829676,False
FGSM,0.03,297,5,3,0.6371844230197679,0.44876325088339225,0.7371439383171686,False
FGSM,0.03,298,2,4,0.7669071599967866,0.6532258064516129,0.8378388316721064,False
FGSM,0.03,299,3,2,0.5452125750626051,0.3057324840764331,0.4017753305621958,False
FGSM,0.03,300,4,5,0.06752188983751996,0.037783375314861464,-0.2742097129174284,False
FGSM,0.03,301,1,2,0.07599758994764719,0.14722222222222223,0.20259072239513962,False
FGSM,0.03,302,7,6,0.5816541368130749,0.6141732283464567,0.5854565475566379,False
FGSM,0.03,303,5,3,0.3036261261229854,0.2275449101796407,0.4826113699738138,False
FGSM,0.03,304,4,2,0.13246417665005436,0.10723860589812333,-0.10148651519125187,False
FGSM,0.03,305,6,2,0.6925341514925633,0.30990415335463256,0.6709139049164626,False
FGSM,0.03,306,1,9,0.836070137880963,0.5568181818181818,0.9173045252760768,False
FGSM,0.03,307,9,1,0.5274036489261766,0.2529411764705882,0.5557318696836747,False
FGSM,0.03,308,3,2,0.2668122405555001,0.24620060790273557,0.42298719722824635,False
FGSM,0.03,309,6,2,0.8792603314363745,0.626984126984127,0.8973789514982211,False
FGSM,0.03,310,9,1,0.5008957712740923,0.3225806451612903,0.421784447464144,False
FGSM,0.03,311,3,5,0.7478943258612114,0.5183823529411765,0.9248083500589508,False
FGSM,0.03,313,0,3,0.4037294588663089,0.1349862258953168,0.06093291344029073,False
FGSM,0.03,314,7,1,0.5963035088877012,0.46953405017921146,0.5854317714774867,False
FGSM,0.03,315,2,6,0.1919911356339577,0.15966386554621848,0.4006935466819929,False
FGSM,0.03,316,6,5,0.2264720637107121,0.37666666666666665,0.6054707356066165,False
FGSM,0.03,318,8,0,0.27686006821681314,0.2182890855457227,0.24224684960159387,False
FGSM,0.03,319,5,3,0.6964346146398395,0.4748201438848921,0.7157364005039302,False
FGSM,0.03,320,4,6,0.5665090044949358,0.5018315018315018,0.6901907464652105,False
FGSM,0.03,322,9,1,0.4569796470652428,0.3779264214046823,0.46592948904652565,False
FGSM,0.03,323,9,1,0.7848483566084558,0.49454545454545457,0.7719554469789036,False
FGSM,0.03,324,1,6,0.7492617787407524,0.6465863453815262,0.8628249461148543,False
FGSM,0.03,325,0,8,0.6743403130469943,0.43252595155709345,0.7164880267245386,False
FGSM,0.03,326,2,0,0.7708437306332517,0.5413533834586466,0.8238958243931253,False
FGSM,0.03,327,2,3,0.6217498548271013,0.3898305084745763,0.5527426066431539,False
FGSM,0.03,329,3,2,0.7070886980474943,0.5648854961832062,0.6784978272280449,False
FGSM,0.03,330,2,3,0.12317261815459617,0.014814814814814815,0.220648723676731,False
FGSM,0.03,331,8,6,0.6642072966333324,0.5953307392996109,0.6720146157404676,False
FGSM,0.03,332,0,2,0.8898419085338977,0.7521367521367521,0.9494021972219634,False
FGSM,0.03,335,1,8,0.10189372550260048,0.07049608355091384,0.0813347578480361,False
FGSM,0.03,336,4,0,0.4392712963882768,0.3268608414239482,0.48416317158393063,False
FGSM,0.03,337,1,9,0.842272605255147,0.729957805907173,0.9453098811449833,False
FGSM,0.03,339,8,0,0.6916377778969617,0.43859649122807015,0.7394828576567694,False
FGSM,0.03,340,1,9,0.8852834126212188,0.729957805907173,0.8821592250757796,False
FGSM,0.03,342,7,3,0.07611146765699978,0.13812154696132597,-0.08554277507153994,False
FGSM,0.03,343,9,8,0.725258249832185,0.43356643356643354,0.7322112826327954,False
FGSM,0.03,344,4,2,0.506869754209817,0.23493975903614459,0.4011279207404422,False
FGSM,0.03,345,2,3,0.15238750700376646,0.04060913705583756,-0.09410998798958355,False
FGSM,0.03,346,7,2,0.08560685724048936,0.0,-0.1335919313417093,False
FGSM,0.03,347,0,3,-0.26585063810741233,0.004901960784313725,-0.4774210679277599,False
FGSM,0.03,348,7,2,0.32838658342525756,0.11621621621621622,0.0984088281449332,False
FGSM,0.03,349,0,2,0.04309218268963377,0.059431524547803614,-0.11448527445625904,False
FGSM,0.03,350,6,2,0.8159735286890766,0.7372881355932204,0.8751945103980704,False
FGSM,0.03,351,6,2,0.7326361616875717,0.553030303030303,0.7704780808712824,False
FGSM,0.03,352,9,1,0.7797256352053318,0.5185185185185185,0.8078265172653665,False
FGSM,0.03,353,0,2,0.36596572174230513,0.3057324840764331,0.4531077740887814,False
FGSM,0.03,354,9,8,0.1336114509551257,0.15168539325842698,-0.018565218627392664,False
FGSM,0.03,357,7,4,0.7921196687415507,0.5413533834586466,0.7353817804569541,False
FGSM,0.03,358,2,3,0.8174012326277219,0.6465863453815262,0.8705986737196395,False
FGSM,0.03,359,2,6,0.11167491999038129,0.1226158038147139,-0.06339819908168703,False
FGSM,0.03,360,5,7,0.4735901545445275,0.5353159851301115,0.7677637640628565,False
FGSM,0.03,361,1,9,0.5241159969426212,0.43197278911564624,0.8447932376036767,False
FGSM,0.03,362,2,0,0.4321945306821373,0.1742857142857143,0.4178400228549667,False
FGSM,0.03,363,2,6,0.6980039309655156,0.44876325088339225,0.841514817494812,False
FGSM,0.03,364,9,1,0.10281394733990523,0.25,0.24335788822085794,False
FGSM,0.03,365,3,9,-0.11675124717325452,0.007371007371007371,-0.2348578522608019,False
FGSM,0.03,366,3,9,-0.0814726077940297,0.0,-0.48465666994392226,False
FGSM,0.03,367,9,8,0.677585376492707,0.5703422053231939,0.8013669537541237,False
FGSM,0.03,369,7,3,0.19396930974067994,0.2275449101796407,0.45353992139421806,False
FGSM,0.03,370,8,9,0.8218347672924134,0.6532258064516129,0.9021673862874192,False
FGSM,0.03,372,0,8,0.4993924105432458,0.36212624584717606,0.3991148113050173,False
FGSM,0.03,373,1,8,0.831762233980485,0.691358024691358,0.9228552091514337,False
FGSM,0.03,374,8,6,0.68160978283667,0.30158730158730157,0.6218806679687124,False
FGSM,0.03,375,2,3,0.7207538704029642,0.4855072463768116,0.8408790167536268,False
FGSM,0.03,377,3,5,0.6624962433121449,0.7489361702127659,0.9067108502090174,False
FGSM,0.03,378,6,8,0.6730490605947534,0.37583892617449666,0.6134922278329186,False
FGSM,0.03,379,1,9,0.7917215407071029,0.5648854961832062,0.8267413274705424,False
FGSM,0.03,380,0,9,0.7028726333867312,0.35973597359735976,0.7906201396277139,False
FGSM,0.03,381,7,2,0.6003171175671983,0.24242424242424243,0.534638940801802,False
FGSM,0.03,382,3,2,0.3976404452294758,0.22287390029325513,0.44163232747580694,False
FGSM,0.03,383,7,4,0.35843298240522053,0.2166172106824926,0.22660491229631352,False
FGSM,0.03,384,4,2,0.2662153013726316,0.1078167115902965,0.2372318479212341,False
FGSM,0.03,385,5,4,0.4904285818338394,0.3442622950819672,0.4265836385121285,False
FGSM,0.03,387,0,6,0.08769512455221597,0.1226158038147139,0.33516425244128345,False
FGSM,0.03,389,9,1,0.7941744018720804,0.5298507462686567,0.9111346611838808,False
FGSM,0.03,391,4,2,0.4408629419228349,0.38513513513513514,0.5225193132710622,False
FGSM,0.03,392,0,6,0.5895120228996181,0.31528662420382164,0.7353201218594195,False
FGSM,0.03,393,6,3,0.6289457914714988,0.5073529411764706,0.8560019700063946,False
FGSM,0.03,396,3,5,0.72945867742263,0.6334661354581673,0.8790394938261378,False
FGSM,0.03,397,7,3,0.1603781317018148,0.15168539325842698,0.10837479161105702,False
FGSM,0.03,398,3,7,0.5327693093306325,0.4236111111111111,0.4777011929463123,False
FGSM,0.03,399,2,6,0.47940381319047165,0.37583892617449666,0.4874117302609689,False
FGSM,0.03,400,5,6,0.5477508116766987,0.5259259259259259,0.5675976930644077,False
FGSM,0.03,401,3,5,0.7446283474564552,0.583011583011583,0.8174942153698527,False
FGSM,0.03,402,1,9,0.8829534343890184,0.729957805907173,0.9544910350301421,False
FGSM,0.03,403,4,2,0.3921364427181412,0.25382262996941896,0.23152076755462034,False
FGSM,0.03,405,9,3,-0.07632607128345206,0.0,-0.23394519763975072,False
FGSM,0.03,406,5,6,0.7805959646253896,0.6532258064516129,0.8372162503617183,False
FGSM,0.03,407,7,2,0.35019506291815594,0.22023809523809523,0.3459386000460885,False
FGSM,0.03,408,0,3,-0.15826790928702006,0.08994708994708994,0.03041520099814061,False
FGSM,0.03,409,2,3,0.7673339875023701,0.659919028340081,0.9212158449920078,False
FGSM,0.03,411,2,5,0.14341392052973298,0.19767441860465115,0.1686982506766,False
FGSM,0.03,412,9,8,0.5106508481502063,0.28125,0.6239057073589194,False
FGSM,0.03,413,3,2,0.5507890385435756,0.44876325088339225,0.6252688412760321,False
FGSM,0.03,415,4,5,0.53617138239781,0.3898305084745763,0.7059666788065523,False
FGSM,0.03,417,5,4,-0.053893824686146806,0.0,-0.24526038102344555,False
FGSM,0.03,419,5,2,0.4331491585192684,0.3945578231292517,0.6899176216521883,False
FGSM,0.03,420,6,2,0.2651475518432347,0.19710144927536233,0.19029911815779188,False
FGSM,0.03,421,1,9,0.6298810378014601,0.3945578231292517,0.5332584363801676,False
FGSM,0.03,422,4,2,0.44036427317795096,0.4033333333333333,0.6273122512478617,False
FGSM,0.03,423,3,4,0.28275545415766096,0.25382262996941896,0.4277141586012441,False
FGSM,0.03,424,4,2,0.7914737527363399,0.6942148760330579,0.9003428379537658,False
FGSM,0.03,425,4,7,0.5020852754841084,0.2166172106824926,0.46884810625605855,False
FGSM,0.03,426,3,5,0.223788370000859,0.01728395061728395,-0.03084215667067095,False
FGSM,0.03,427,7,9,0.5559164048410186,0.35313531353135313,0.5657714023499465,False
FGSM,0.03,428,8,1,0.550863799658334,0.23493975903614459,0.5814476018619829,False
FGSM,0.03,429,3,5,0.6616033817643676,0.6205533596837944,0.8113194374871988,False
FGSM,0.03,430,0,8,0.3698314008314697,0.40893470790378006,0.6700396711117631,False
FGSM,0.03,431,5,2,0.2026727684000617,0.11684782608695653,0.08650399025266238,False
FGSM,0.03,432,7,5,0.6054117044205942,0.46953405017921146,0.6480285952484269,False
FGSM,0.03,433,6,3,0.3969856129736039,0.2166172106824926,0.3627324199002504,False
FGSM,0.03,435,4,5,0.6196348830828851,0.4186851211072664,0.7480560441982934,False
FGSM,0.03,436,8,3,0.011581328303825947,0.04030226700251889,-0.4258065729285163,False
FGSM,0.03,437,6,2,0.668427598936836,0.40476190476190477,0.773598065616206,False
FGSM,0.03,438,8,3,0.3723050193401665,0.29337539432176657,0.5549992972027397,False
FGSM,0.03,439,5,3,0.6433434158717916,0.4236111111111111,0.6668211470053589,False
FGSM,0.03,440,5,6,0.4505325360851364,0.33116883116883117,0.6744712343744871,False
FGSM,0.03,441,9,1,0.8389615565097543,0.5703422053231939,0.8980402281259522,False
FGSM,0.03,444,0,2,0.2920047127112702,0.36212624584717606,0.4572441743144849,False
FGSM,0.03,445,1,9,0.850652709338792,0.6414342629482072,0.9026175934169043,False
FGSM,0.03,446,0,5,0.3339390602173248,0.22388059701492538,0.36714736179301083,False
FGSM,0.03,448,1,9,0.8359904647887458,0.64,0.8771270572469769,False
FGSM,0.03,449,1,8,0.8388420418566148,0.6546184738955824,0.8688715555584452,False
FGSM,0.03,450,0,8,0.7063847137601308,0.42857142857142855,0.8320474585625743,False
FGSM,0.03,451,2,3,0.8213812854339385,0.5891472868217055,0.9157206754477697,False
FGSM,0.03,452,0,2,0.6839164825178374,0.41580756013745707,0.6952889453042279,False
FGSM,0.03,453,4,6,0.5813778691881022,0.42214532871972316,0.7779710972939495,False
FGSM,0.03,455,4,5,0.8868550835893705,0.8222222222222222,0.9500555063975448,False
FGSM,0.03,456,9,1,0.526898963112319,0.3442622950819672,0.3986046765423931,False
FGSM,0.03,457,4,3,0.5728525136640163,0.4290657439446367,0.7083544536704802,False
FGSM,0.03,458,7,3,0.012166945835185917,0.11621621621621622,0.28581792604707273,False
FGSM,0.03,459,9,1,0.5307967650012483,0.3687707641196013,0.7182730423747705,False
FGSM,0.03,460,4,2,0.7860071446151423,0.5355805243445693,0.8664945478803822,False
FGSM,0.03,461,5,3,0.5967937334876,0.41379310344827586,0.772434132737764,False
FGSM,0.03,462,6,4,0.3396090656582999,0.18051575931232092,0.21297287547586277,False
FGSM,0.03,463,6,8,0.7079259119962326,0.5072992700729927,0.6636129593482002,False
FGSM,0.03,464,1,9,0.8543233096423234,0.6532258064516129,0.8994129902495508,False
FGSM,0.03,465,5,3,0.8215140140665,0.5708812260536399,0.8378487946722207,False
FGSM,0.03,467,5,3,0.6318010046303867,0.5298507462686567,0.7172981432966642,False
FGSM,0.03,469,5,2,0.5750272678884336,0.3898305084745763,0.5235020654304814,False
FGSM,0.03,470,7,0,0.5290698323704677,0.1638418079096045,0.43557617434218043,False
FGSM,0.03,471,0,6,0.39920327906013253,0.28125,0.5854636623627915,False
FGSM,0.03,472,7,5,0.68954157277371,0.7154811715481172,0.8528595078920838,False
FGSM,0.03,473,0,1,0.741150824044495,0.5335820895522388,0.8460293916628145,False
FGSM,0.03,474,5,3,-0.0467284237816117,0.0,-0.24662977934729202,False
FGSM,0.03,475,0,2,0.0842349682671959,0.10810810810810811,-0.42376088066620693,False
FGSM,0.03,476,0,8,0.6403417532957716,0.42857142857142855,0.6125589321246854,False
FGSM,0.03,477,4,0,0.3923619515930727,0.3141025641025641,0.5007386232267552,False
FGSM,0.03,478,6,2,0.8756696612700908,0.6334661354581673,0.8702967279932574,False
FGSM,0.03,480,9,1,0.7175754490115586,0.4909090909090909,0.7217890926231229,False
FGSM,0.03,481,5,2,0.5079480210407334,0.3183279742765273,0.6664471450596902,False
FGSM,0.03,482,6,2,0.26268274196235536,0.21238938053097345,0.3632178662439912,False
FGSM,0.03,483,6,2,0.4755646725732505,0.2716049382716049,0.576497406554586,False
FGSM,0.03,485,2,6,0.4423249691372431,0.19767441860465115,0.6114897537878751,False
FGSM,0.03,486,0,8,0.40534725014572226,0.25914634146341464,0.41851226105517264,False
FGSM,0.03,487,1,9,0.8718091995846591,0.6942148760330579,0.8612830167735431,False
FGSM,0.03,488,6,0,-0.054041658635265,0.022443890274314215,-0.15667869019959568,False
FGSM,0.03,489,5,3,0.9126798003559282,0.8636363636363636,0.9612630697235703,False
FGSM,0.03,490,9,2,0.2009188824334822,0.23493975903614459,0.19884811516306783,False
FGSM,0.03,491,1,9,0.7620057300526715,0.48014440433212996,0.819817057678972,False
FGSM,0.03,492,6,2,0.5754128992528249,0.40893470790378006,0.35739865328084086,False
FGSM,0.03,493,2,0,0.34558626131121273,0.13573407202216067,0.4111868210392774,False
FGSM,0.03,494,5,3,0.5138517139874228,0.29337539432176657,0.5554174278749993,False
FGSM,0.03,495,5,7,0.7973923106297586,0.6872427983539094,0.8604688599222226,False
FGSM,0.03,498,5,6,0.763821829651388,0.5468164794007491,0.8966428260140292,False
FGSM,0.03,500,4,2,0.9282822513721398,0.8141592920353983,0.9700107946819588,False
FGSM,0.03,501,4,5,0.752667048180024,0.43859649122807015,0.6727005566122781,False
FGSM,0.03,502,3,6,0.644504611476837,0.5891472868217055,0.8782635470930039,False
FGSM,0.03,503,2,0,0.777721135309462,0.4855072463768116,0.8164399433868916,False
FGSM,0.03,504,0,2,0.6139060630814032,0.290625,0.6721857768862726,False
FGSM,0.03,506,2,3,0.4143508079975548,0.1388888888888889,0.2758872370428656,False
FGSM,0.03,507,2,4,0.6433108201203592,0.6078431372549019,0.8556159946765932,False
FGSM,0.03,508,3,5,0.7652672825921216,0.6328125,0.9360838478092673,False
FGSM,0.03,509,9,1,0.7809131629985465,0.55893536121673,0.8934676848999171,False
FGSM,0.03,510,7,3,0.7576809382540058,0.782608695652174,0.9204144234766943,False
FGSM,0.03,511,9,2,-0.06842794509404118,0.05398457583547558,-0.3413464206114572,False
FGSM,0.03,512,2,0,0.4926336691911145,0.24242424242424243,0.44572625846736963,False
FGSM,0.03,513,6,3,0.26022730718349407,0.2607361963190184,0.3734569866259364,False
FGSM,0.03,514,7,4,0.8172720555634894,0.6942148760330579,0.8981606543965115,False
FGSM,0.03,515,1,8,0.5046550076442479,0.4186851211072664,0.4604161397645872,False
FGSM,0.03,516,3,6,0.6544753946033279,0.41379310344827586,0.74667979985442,False
FGSM,0.03,517,6,3,0.7297459150941425,0.5648854961832062,0.8494916839725071,False
FGSM,0.03,518,6,2,0.7685828235182228,0.4236111111111111,0.8310981041280497,False
FGSM,0.03,520,7,2,0.19072620442723331,0.12637362637362637,0.12414837965693319,False
FGSM,0.03,521,4,2,0.7643182065390248,0.5891472868217055,0.7882412327839755,False
FGSM,0.03,522,0,3,-0.09017943426907771,0.024875621890547265,-0.2794778480946309,False
FGSM,0.03,523,8,6,0.7013795398914161,0.4642857142857143,0.7471351778745079,False
FGSM,0.03,524,4,3,0.6151199880574096,0.41379310344827586,0.6375302747951656,False
FGSM,0.03,525,0,2,0.7792479850037696,0.5891472868217055,0.8813264482352097,False
FGSM,0.03,526,9,8,0.8074467150858168,0.6349206349206349,0.8304218251168639,False
FGSM,0.03,527,3,4,-0.14857640351735732,0.007371007371007371,-0.38330191223314675,False
FGSM,0.03,528,4,6,0.7768570388362126,0.5471698113207547,0.758558899681225,False
FGSM,0.03,529,8,0,0.6708934851371017,0.3945578231292517,0.6256109903354063,False
FGSM,0.03,530,9,1,0.6425546728303249,0.48736462093862815,0.8386162168373159,False
FGSM,0.03,531,6,5,0.7649071036408154,0.5747126436781609,0.8191950862831328,False
FGSM,0.03,532,9,1,0.29602919837918695,0.10752688172043011,0.314217630127032,False
FGSM,0.03,534,6,3,0.5266181925358526,0.2599388379204893,0.5132024654012339,False
FGSM,0.03,535,1,0,0.8893552624438641,0.8468468468468469,0.9440894111578286,False
FGSM,0.03,536,7,5,0.7869336383593594,0.673469387755102,0.8751993889654298,False
FGSM,0.03,537,3,0,0.40805437596049504,0.44755244755244755,0.6287050643042422,False
FGSM,0.03,539,3,6,0.727499838675973,0.46953405017921146,0.6454270843909744,False
FGSM,0.03,540,8,9,0.2902971408055226,0.23723723723723725,0.2041211621957962,False
FGSM,0.03,541,5,3,0.7756359841035315,0.49635036496350365,0.8023245683402593,False
FGSM,0.03,542,0,8,0.8517340445042362,0.6465863453815262,0.9057696843167193,False
FGSM,0.03,544,1,9,0.7632138162035738,0.5335820895522388,0.7746840727272576,False
FGSM,0.03,545,6,2,0.7586980813441897,0.41379310344827586,0.6796379024023187,False
FGSM,0.03,546,4,2,0.17351180337749686,0.05128205128205128,-0.043334385111103685,False
FGSM,0.03,547,3,0,-0.008555692126243531,0.017241379310344827,-0.338193417896638,False
FGSM,0.03,548,3,5,0.29980861633663347,0.06217616580310881,0.16663751480182346,False
FGSM,0.03,550,6,2,0.755379672233875,0.5547169811320755,0.7940705614830375,False
FGSM,0.03,551,9,1,0.9296224784745267,0.8858447488584474,0.9719265857494329,False
FGSM,0.03,552,8,0,0.13823377563168307,0.12947658402203857,0.08887722954196271,False
FGSM,0.03,554,5,3,0.4147298416747407,0.14127423822714683,0.3401309220366251,False
FGSM,0.03,555,8,9,0.2140497675433496,0.0962566844919786,0.18426578836096336,False
FGSM,0.03,556,6,3,-0.11598360495642775,0.07611548556430446,-0.14975700462905653,False
FGSM,0.03,557,6,0,0.7963930364455697,0.644,0.8536879533269685,False
FGSM,0.03,558,2,0,0.3905300432570315,0.4642857142857143,0.46011738979324684,False
FGSM,0.03,559,1,9,0.7172695382790276,0.4855072463768116,0.6874121927332731,False
FGSM,0.03,561,7,2,0.4839160674617222,0.22023809523809523,0.3948092219269382,False
FGSM,0.03,562,1,9,0.7987116181991509,0.5648854961832062,0.7765435173026064,False
FGSM,0.03,563,2,0,0.3524951073257549,0.3576158940397351,0.5412122567360086,False
FGSM,0.03,564,7,4,0.2851204283441797,0.34527687296416937,0.3696978906780422,False
FGSM,0.03,565,9,1,0.7064833151143507,0.48014440433212996,0.7268993227880468,False
FGSM,0.03,566,9,1,0.8974667856767333,0.7521367521367521,0.931531365352168,False
FGSM,0.03,567,4,5,0.3229183416912031,0.23867069486404835,0.6753048217814098,False
FGSM,0.03,568,4,7,0.8827337656148087,0.6942148760330579,0.9363978854601633,False
FGSM,0.03,569,1,9,0.779312922407118,0.4305555555555556,0.8381551620704596,False
FGSM,0.03,570,2,8,0.9119828198347572,0.6942148760330579,0.9098171210060605,False
FGSM,0.03,571,5,2,0.8214820964184738,0.680327868852459,0.8528062751788835,False
FGSM,0.03,572,6,7,0.36735095019099584,0.2046783625730994,0.48721271023631624,False
FGSM,0.03,573,8,0,0.40654279717733977,0.5129151291512916,0.6973358061491909,False
FGSM,0.03,574,7,4,0.7946282986705825,0.7083333333333334,0.8487768608204428,False
FGSM,0.03,575,6,2,0.6896090478189951,0.45907473309608543,0.7578200619189812,False
FGSM,0.03,576,8,1,0.7961174382679385,0.7446808510638298,0.8813083330334209,False
FGSM,0.03,577,3,6,0.6311284554991375,0.40893470790378006,0.6915009586929151,False
FGSM,0.03,578,0,8,0.5249700635742567,0.24242424242424243,0.49467715783753263,False
FGSM,0.03,579,5,2,0.5960871495854815,0.44366197183098594,0.7162591661555835,False
FGSM,0.03,580,5,2,0.46395852819178807,0.31210191082802546,0.5713364907765357,False
FGSM,0.03,581,3,2,0.022577804269896994,0.18840579710144928,0.3339999118958006,False
FGSM,0.03,582,0,8,0.45379513899999613,0.24242424242424243,0.35976718330442015,False
FGSM,0.03,583,7,5,0.5287239437608721,0.4186851211072664,0.5710121541220478,False
FGSM,0.03,584,9,8,0.8224692084115638,0.6015625,0.8559092880827954,False
FGSM,0.03,585,3,5,0.32296868930188255,0.2772585669781931,0.37505061914380194,False
FGSM,0.03,586,4,7,0.5396911399163438,0.553030303030303,0.7621331466639619,False
FGSM,0.03,587,5,7,0.5306766380544906,0.3712374581939799,0.6183097069525246,False
FGSM,0.03,589,9,1,0.4345393359231261,0.24620060790273557,0.42774790364594173,False
FGSM,0.03,590,6,2,0.3961475669294761,0.15819209039548024,0.3785294055716524,False
FGSM,0.03,591,9,1,0.16785913641098305,0.20588235294117646,0.5029092515755703,False
FGSM,0.03,593,1,9,0.6253380416052075,0.3225806451612903,0.5068286645471259,False
FGSM,0.03,594,1,9,0.1878311356606096,0.2693498452012384,0.4807863340909035,False
FGSM,0.03,595,4,6,0.7364803178996376,0.5526315789473685,0.8395136871167016,False
FGSM,0.03,596,1,9,0.7222182465353485,0.6349206349206349,0.8947928328080236,False
FGSM,0.03,597,9,8,-0.05802897212263616,0.016826923076923076,-0.17947496091285947,False
FGSM,0.03,598,4,2,0.4025576116059791,0.22189349112426035,0.3158860058671666,False
FGSM,0.03,599,7,5,0.6508031747243285,0.43859649122807015,0.7042632616952585,False
FGSM,0.03,600,3,9,-0.05065154685438993,0.04060913705583756,-0.1493420558110536,False
FGSM,0.03,602,9,1,0.8137649714329539,0.5708812260536399,0.7728152574706495,False
FGSM,0.03,603,0,8,0.5402575051348268,0.20527859237536658,0.4449482656916994,False
FGSM,0.03,604,1,9,0.8227338979031736,0.6465863453815262,0.8469411382134702,False
FGSM,0.03,605,3,5,0.9010986987743858,0.6942148760330579,0.9462011500600188,False
FGSM,0.03,606,6,8,0.7564119800660737,0.5036496350364964,0.7223602050755348,False
FGSM,0.03,607,3,5,0.8123515960622645,0.7095435684647303,0.8848328154435016,False
FGSM,0.03,608,3,8,0.6120996698192954,0.2826086956521739,0.6811626559138418,False
FGSM,0.03,609,2,3,0.7077264696491893,0.4574468085106383,0.8278107482216558,False
FGSM,0.03,611,3,4,0.18371416869535603,0.1232876712328767,-0.08424241015165042,False
FGSM,0.03,612,1,9,0.26905671452042423,0.19533527696793002,0.2194435965183729,False
FGSM,0.03,613,0,8,0.1761037688704067,0.04846938775510204,-0.01968272023371705,False
FGSM,0.03,616,6,3,0.5485799456374808,0.2732919254658385,0.6010381105588735,False
FGSM,0.03,617,4,3,0.4372628044926688,0.2166172106824926,0.3341663387455677,False
FGSM,0.03,618,8,9,-0.11866963616234871,0.0,-0.4193403970756334,False
FGSM,0.03,619,9,1,0.6739034605537646,0.36666666666666664,0.6959697403445808,False
FGSM,0.03,621,9,2,0.19716476582675435,0.15168539325842698,0.2566520289142031,False
FGSM,0.03,623,3,6,0.7140979513873142,0.5129151291512916,0.7679983711412892,False
FGSM,0.03,624,3,2,0.6729773686690388,0.553030303030303,0.6741182180173526,False
FGSM,0.03,625,2,0,0.26523730445866056,0.01485148514851485,0.011679509337287305,False
FGSM,0.03,627,7,5,0.8178276510677747,0.5471698113207547,0.8621869333278483,False
FGSM,0.03,629,3,5,0.8480994677358478,0.7196652719665272,0.8642405257730212,False
FGSM,0.03,630,8,4,0.014962071696497478,0.03508771929824561,-0.23230046664449125,False
FGSM,0.03,631,2,6,-0.17910737526229634,0.0,-0.5657734216253741,False
FGSM,0.03,632,7,4,0.7765913342515601,0.673469387755102,0.8703658131040857,False
FGSM,0.03,633,5,2,0.21580875886259077,0.12637362637362637,0.09808513691631124,False
FGSM,0.03,634,7,5,0.8022584512891088,0.49097472924187724,0.8655305081004764,False
FGSM,0.03,635,2,8,0.48424148494758323,0.23652694610778444,0.6063459003659802,False
FGSM,0.03,638,7,2,0.44607042281140336,0.37583892617449666,0.34237890055600095,False
FGSM,0.03,639,4,2,0.8413254340901177,0.5298507462686567,0.9439806388906865,False
FGSM,0.03,640,2,8,0.2582143616790094,0.17142857142857143,0.1936654531894221,False
FGSM,0.03,641,9,2,-0.14152932431659035,0.11351351351351352,-0.07669400077198114,False
FGSM,0.03,642,8,0,0.6074765643483605,0.7627118644067796,0.8958502301221425,False
FGSM,0.03,643,8,6,0.6547882003610135,0.5129151291512916,0.6153819668047747,False
FGSM,0.03,644,6,4,0.2911349617026763,0.16809116809116809,0.31633164470667274,False
FGSM,0.03,646,8,4,-0.02506038563494302,0.0379746835443038,-0.20658071390468202,False
FGSM,0.03,647,7,9,0.2726519090568126,0.1232876712328767,0.6035823294438041,False
FGSM,0.03,648,4,2,0.6148473325493048,0.759656652360515,0.757093410876549,False
FGSM,0.03,649,3,4,-0.0063346396442316745,0.03007518796992481,0.17330927594383924,False
FGSM,0.03,650,3,6,0.8186227897100823,0.759656652360515,0.9019295286908087,False
FGSM,0.03,651,8,9,0.6786671954216766,0.29153605015673983,0.5729303970098942,False
FGSM,0.03,652,4,7,0.8117208103676872,0.7083333333333334,0.8365500359171899,False
FGSM,0.03,653,9,8,0.8255339556500404,0.611764705882353,0.8193101801659083,False
FGSM,0.03,654,4,6,0.30251772154385903,0.4236111111111111,0.7155263055761772,False
FGSM,0.03,656,8,6,0.290588447463853,0.20234604105571846,0.3411309009799698,False
FGSM,0.03,657,1,9,0.6691496790491441,0.4536082474226804,0.6719162854740547,False
FGSM,0.03,661,6,2,0.7226613345163317,0.44405594405594406,0.8380069113438227,False
FGSM,0.03,662,5,2,0.4420242467998128,0.2974683544303797,0.355239404038643,False
FGSM,0.03,663,4,5,0.5600087484289732,0.5708812260536399,0.8525152174125193,False
FGSM,0.03,665,9,1,0.542489870427281,0.2772585669781931,0.5271704179412324,False
FGSM,0.03,668,1,0,0.051801164230833904,0.08465608465608465,0.051314855956050044,False
FGSM,0.03,669,4,2,0.021266798291613,0.19186046511627908,0.15543396470794255,False
FGSM,0.03,670,1,9,0.8201005381460373,0.5471698113207547,0.7908819786953513,False
FGSM,0.03,672,2,7,0.3748035598112292,0.4722222222222222,0.640420298373294,False
FGSM,0.03,673,7,2,0.6731819233901182,0.6546184738955824,0.7836902361102953,False
FGSM,0.03,674,0,8,0.44356172294741686,0.3898305084745763,0.577488659196337,False
FGSM,0.03,675,7,5,0.9215811830476897,0.7446808510638298,0.9503570197003199,False
FGSM,0.03,676,9,6,0.38522317851935794,0.5222222222222223,0.7343284026902386,False
FGSM,0.03,678,6,8,0.6521150180326014,0.34868421052631576,0.6659647651859482,False
FGSM,0.03,679,2,4,0.7295153891301257,0.5648854961832062,0.8559732976884403,False
FGSM,0.03,680,5,3,0.8279022056411004,0.6205533596837944,0.8638615896939646,False
FGSM,0.03,682,2,0,0.7653486587812562,0.5073529411764706,0.8475615394496027,False
FGSM,0.03,683,9,1,0.8727694021526878,0.8222222222222222,0.9498796126528113,False
FGSM,0.03,684,1,9,0.6882424619522073,0.4642857142857143,0.7085750336179685,False
FGSM,0.03,685,2,3,0.7731908458235437,0.6942148760330579,0.89120200065196,False
FGSM,0.03,686,2,6,0.614436025548032,0.5708812260536399,0.7681859322695809,False
FGSM,0.03,687,6,3,-0.07867569226318503,0.05089058524173028,-0.30893546861946847,False
FGSM,0.03,690,1,9,0.8136452270682747,0.626984126984127,0.8750307717856334,False
FGSM,0.03,691,3,5,0.6285903356947313,0.45907473309608543,0.6037138253755244,False
FGSM,0.03,692,6,4,0.6845863134153849,0.4186851211072664,0.6028869581767214,False
FGSM,0.03,693,6,2,0.49802879918471377,0.28125,0.5809586115037524,False
FGSM,0.03,694,0,7,0.60964362550759,0.2852664576802508,0.5432187252755759,False
FGSM,0.03,695,1,9,0.26007417378793524,0.13573407202216067,0.5479912359554381,False
FGSM,0.03,696,2,3,0.7505879333826917,0.55893536121673,0.8226504764817912,False
FGSM,0.03,697,7,4,0.6460169243967965,0.3712374581939799,0.5956425084715475,False
FGSM,0.03,698,0,2,0.09429756007394918,0.07894736842105263,0.15912399894082732,False
FGSM,0.03,700,4,0,0.512203733111627,0.30990415335463256,0.4919031014691087,False
FGSM,0.03,702,1,9,0.9415623902745501,0.6872427983539094,0.9621361055788689,False
FGSM,0.03,703,6,2,0.4942978758973858,0.3442622950819672,0.5431427043112996,False
FGSM,0.03,704,4,6,0.11290931590194854,0.03015075376884422,-0.3643151289326798,False
FGSM,0.03,705,0,2,0.6149397300261475,0.5073529411764706,0.6627024515255512,False
FGSM,0.03,706,2,6,-0.13081911182526446,0.11716621253405994,-0.10325084734812466,False
FGSM,0.03,708,6,2,0.30092640203759957,0.1232876712328767,0.15762092290396817,False
FGSM,0.03,709,0,2,-0.27334293621759614,0.056555269922879174,-0.1366067484401972,False
FGSM,0.03,711,9,1,0.7130344052456,0.43859649122807015,0.6806814550912613,False
FGSM,0.03,713,7,5,0.7287648051547316,0.6872427983539094,0.8937239706866569,False
FGSM,0.03,714,6,8,0.3353060414338176,0.17478510028653296,0.22225366534299562,False
FGSM,0.03,715,7,2,0.1267488904032183,0.10133333333333333,-0.22437246596222454,False
FGSM,0.03,716,3,5,0.8868682001822094,0.7903930131004366,0.9473750610629318,False
FGSM,0.03,717,9,0,0.6319642487152882,0.25914634146341464,0.5183891728968335,False
FGSM,0.03,718,6,2,0.5812461922033387,0.3952702702702703,0.5649705913269429,False
FGSM,0.03,719,8,0,0.39816941765306474,0.25766871165644173,0.4357569121819882,False
FGSM,0.03,720,3,0,0.19738893612612526,0.3028391167192429,0.4104823883416112,False
FGSM,0.03,721,3,4,0.2014595543081744,0.12073490813648294,0.12087541362607493,False
FGSM,0.03,722,7,2,0.6672094069289033,0.4855072463768116,0.7766187896840965,False
FGSM,0.03,723,7,5,0.7548488210321861,0.64,0.8193671776297873,False
FGSM,0.03,725,4,3,0.38290509355761465,0.2275449101796407,0.5835790548575134,False
FGSM,0.03,726,7,6,0.3728071590387827,0.36212624584717606,0.4596805157861253,False
FGSM,0.03,727,2,4,0.2303166900247028,0.14206128133704735,0.0186216438659608,False
FGSM,0.03,728,7,5,0.7507153677026681,0.5708812260536399,0.769590913598012,False
FGSM,0.03,729,1,9,0.7464710547266384,0.45390070921985815,0.7534277515834578,False
FGSM,0.03,730,4,2,0.7978462842706393,0.7672413793103449,0.9428025456047198,False
FGSM,0.03,731,7,3,0.3707186231402041,0.15363128491620112,0.2985795682961458,False
FGSM,0.03,732,4,5,0.33644013748416046,0.13573407202216067,0.23122995497968554,False
FGSM,0.03,733,4,2,-0.31339880284479926,0.0024449877750611247,-0.5742042555157381,False
FGSM,0.03,734,8,0,0.553202821510536,0.5018315018315018,0.7562945234848307,False
FGSM,0.03,735,4,2,0.8675448956221519,0.7226890756302521,0.9330127552626712,False
FGSM,0.03,736,7,3,0.6516319595652043,0.5413533834586466,0.6167817223733647,False
FGSM,0.03,737,7,5,0.8057398903431624,0.7372881355932204,0.9549766700345845,False
FGSM,0.03,739,7,4,0.8629612338084441,0.6532258064516129,0.8808719197359942,False
FGSM,0.03,741,0,9,0.4174554903559957,0.5073529411764706,0.8995238377831031,False
FGSM,0.03,743,9,6,0.5013607658255369,0.40893470790378006,0.4929879893603805,False
FGSM,0.03,744,5,6,0.1483074097350631,0.13259668508287292,-0.041975985400156894,False
FGSM,0.03,745,8,4,0.17483766780120524,0.07049608355091384,-0.1465436953370209,False
FGSM,0.03,746,3,4,0.24648430203872915,0.12947658402203857,-0.028256002759471665,False
FGSM,0.03,747,6,2,0.4328498367630717,0.3057324840764331,0.4125597128317359,False
FGSM,0.03,748,2,7,0.5616334972458137,0.33986928104575165,0.7050385090890889,False
FGSM,0.03,749,0,2,-0.033614290725790585,0.16809116809116809,0.03145415668529219,False
FGSM,0.03,752,3,6,0.6093585663282218,0.3712374581939799,0.7650697155989857,False
FGSM,0.03,753,6,3,0.49899142078287934,0.36666666666666664,0.5002902431867622,False
FGSM,0.03,754,5,4,0.765941602767572,0.583011583011583,0.886062491034283,False
FGSM,0.03,755,3,2,-0.22822245594706733,0.0,-0.6406103038254153,False
FGSM,0.03,756,1,0,0.6580591945572806,0.42857142857142855,0.7877976265424714,False
FGSM,0.03,757,3,6,0.5599528272187967,0.2795031055900621,0.7152960226844427,False
FGSM,0.03,758,2,3,0.5996226598866857,0.5471698113207547,0.77575996987816,False
FGSM,0.03,759,2,5,0.40784253293549166,0.2893081761006289,0.38112948429635196,False
FGSM,0.03,760,5,2,0.5751164003869295,0.6299212598425197,0.6413955232774227,False
FGSM,0.03,761,4,3,0.5257030091684182,0.1742857142857143,0.42246312970733046,False
FGSM,0.03,762,1,9,0.34250447827884883,0.2553191489361702,0.4803167140843788,False
FGSM,0.03,763,2,3,0.8042797477111309,0.64,0.8638326221112029,False
FGSM,0.03,764,9,2,0.2504638728800026,0.09919571045576407,0.1917070417742766,False
FGSM,0.03,765,2,0,0.638433589820458,0.3225806451612903,0.6800379322194441,False
FGSM,0.03,766,7,5,0.873193645618371,0.759656652360515,0.9550383825952135,False
FGSM,0.03,767,0,8,0.7435140343260339,0.6015625,0.8143022096275145,False
FGSM,0.03,768,7,5,0.8519989502941363,0.782608695652174,0.8385597293160031,False
FGSM,0.03,769,2,0,0.2938393845280409,0.20588235294117646,0.5024235123783827,False
FGSM,0.03,770,1,9,0.4898210623268501,0.3355048859934853,0.5811204531003521,False
FGSM,0.03,771,3,0,-0.1084988641903143,0.0,-0.521734142892519,False
FGSM,0.03,772,2,4,0.04747810785046616,0.007371007371007371,-0.14363782664192368,False
FGSM,0.03,773,2,0,-0.11889288286459616,0.0,-0.4534003595960762,False
FGSM,0.03,774,4,3,0.554328921130472,0.29337539432176657,0.4955483985195847,False
FGSM,0.03,775,7,2,0.370927986006694,0.23493975903614459,0.25813524408589544,False
FGSM,0.03,776,9,1,0.7089839162712795,0.3898305084745763,0.7631201861931021,False
FGSM,0.03,777,8,0,0.3679332629050412,0.33766233766233766,0.350439616714862,False
FGSM,0.03,779,0,2,0.49124766690291455,0.38047138047138046,0.6630899424538466,False
FGSM,0.03,780,7,3,0.35512252369116837,0.25382262996941896,0.3879713654452912,False
FGSM,0.03,781,7,4,0.6409651657329465,0.7226890756302521,0.8816590455611442,False
FGSM,0.03,782,0,3,0.16204170749978075,0.11716621253405994,0.17712311570277606,False
FGSM,0.03,783,8,6,0.6324997640355385,0.5708812260536399,0.8517769348685645,False
FGSM,0.03,784,4,2,0.30388331016251463,0.16477272727272727,0.20548783903274814,False
FGSM,0.03,785,6,2,0.5256340107477556,0.18497109826589594,0.3284784822795381,False
FGSM,0.03,786,3,2,0.20967737573767964,0.17478510028653296,0.29123673361302876,False
FGSM,0.03,787,3,5,0.776449197098701,0.7672413793103449,0.909311061310254,False
FGSM,0.03,788,0,3,-0.031067322812041366,0.12947658402203857,0.299027077781349,False
FGSM,0.03,789,1,9,0.7422984487338532,0.44876325088339225,0.744410672570071,False
FGSM,0.03,790,3,5,0.25809797781248184,0.20234604105571846,0.48450684983593234,False
FGSM,0.03,791,7,3,0.47220743146326155,0.35313531353135313,0.43113358873626045,False
FGSM,0.03,792,0,2,0.24123234768971485,0.1232876712328767,-0.006460083911959479,False
FGSM,0.03,793,1,9,0.45837384131382297,0.16809116809116809,0.1939324428744634,False
FGSM,0.03,794,3,6,0.5041848927971868,0.2693498452012384,0.573197024620675,False
FGSM,0.03,797,2,6,0.750562804729055,0.6639676113360324,0.9292326156293059,False
FGSM,0.03,798,3,1,0.5061284222009113,0.3141025641025641,0.5855778351890784,False
FGSM,0.03,799,8,9,-0.04181391046203042,0.04568527918781726,-0.20111048971116255,False
FGSM,0.03,800,4,2,0.31502582671082185,0.15774647887323945,0.17986873547464588,False
FGSM,0.03,801,2,5,0.8767822175865343,0.8303571428571429,0.9578536056387288,False
FGSM,0.03,802,3,2,-0.1491926558855294,0.0024449877750611247,-0.09004118426092658,False
FGSM,0.03,803,7,2,0.2667461190441676,0.2834890965732087,0.17358289181980893,False
FGSM,0.03,807,0,8,0.2212463385869944,0.18155619596541786,0.1344960585253451,False
FGSM,0.03,808,9,1,0.5424530777994808,0.2974683544303797,0.5265983313758217,False
FGSM,0.03,809,0,8,0.07584143020414139,0.06493506493506493,-0.40954562871609873,False
FGSM,0.03,810,0,6,0.3618215865565095,0.23867069486404835,0.5221411220406534,False
FGSM,0.03,811,1,8,0.8722155543385878,0.7748917748917749,0.9226279881223562,False
FGSM,0.03,812,4,6,0.7808112947038821,0.673469387755102,0.883873229156662,False
FGSM,0.03,813,4,3,0.6064556739981887,0.4186851211072664,0.5937107887625571,False
FGSM,0.03,814,6,2,0.8664554785606424,0.8222222222222222,0.8554695890927196,False
FGSM,0.03,815,7,3,0.559968393560521,0.3952702702702703,0.7422998608996294,False
FGSM,0.03,817,1,9,0.7937754189827033,0.6078431372549019,0.8386145450378616,False
FGSM,0.03,818,1,9,0.8645625255517,0.7903930131004366,0.9128356119326072,False
FGSM,0.03,819,3,5,0.22573592849923077,0.16809116809116809,0.25758677308617894,False
FGSM,0.03,820,7,4,0.2638351221160051,0.16477272727272727,0.1902168058120359,False
FGSM,0.03,822,5,3,0.6207523261962911,0.6205533596837944,0.7854805162215527,False
FGSM,0.03,823,2,6,0.7947864266740676,0.5451127819548872,0.874240628586998,False
FGSM,0.03,824,6,2,0.445401163583693,0.3111111111111111,0.33291809276906903,False
FGSM,0.03,825,6,2,0.5815114391262962,0.36212624584717606,0.6201637050601091,False
FGSM,0.03,826,5,3,0.4954435822031097,0.1781609195402299,0.3291806281020739,False
FGSM,0.03,827,8,3,-0.057070074971893495,0.0,-0.5717124292254724,False
FGSM,0.03,829,1,8,0.7076795862494423,0.4855072463768116,0.8178432334346835,False
FGSM,0.03,830,6,3,0.42755762334777314,0.19186046511627908,0.4011766819447512,False
FGSM,0.03,834,3,6,0.479128482337034,0.3993174061433447,0.7067091447595722,False
FGSM,0.03,835,0,3,0.48425903267877385,0.23123123123123124,0.7026914779800083,False
FGSM,0.03,836,4,2,0.2466646825792936,0.12947658402203857,0.13672876591247546,False
FGSM,0.03,837,0,2,-0.20700549866465823,0.0,-0.6416188307556681,False
FGSM,0.03,838,1,9,0.790213656347223,0.5241635687732342,0.819788338569144,False
FGSM,0.03,840,8,3,0.557972130464175,0.3609271523178808,0.5114808736534021,False
FGSM,0.03,842,0,1,0.6176701840564344,0.5185185185185185,0.8633884460988662,False
FGSM,0.03,843,6,0,0.018897381822041995,0.043037974683544304,-0.11647230175015061,False
FGSM,0.03,845,9,1,0.8780150558997893,0.61328125,0.9243051194204155,False
FGSM,0.03,847,5,0,0.2978736261699781,0.15819209039548024,0.18805073278455486,False
FGSM,0.03,849,0,2,0.6762571900465785,0.3442622950819672,0.7223696752662172,False
FGSM,0.03,850,0,8,0.621080074084581,0.3993174061433447,0.5986025441034477,False
FGSM,0.03,851,4,2,0.8354185321010076,0.5891472868217055,0.9094892577296523,False
FGSM,0.03,852,2,3,0.6829762760792258,0.553030303030303,0.8758885529633349,False
FGSM,0.03,853,3,2,0.23674270421650676,0.2732919254658385,0.3959631086469327,False
FGSM,0.03,856,2,3,0.8780975925940029,0.7012448132780082,0.8840326722669285,False
FGSM,0.03,857,2,3,0.6915931146944592,0.5129151291512916,0.7203816775032321,False
FGSM,0.03,858,5,3,0.1906618883789628,0.24773413897280966,0.25819057561489084,False
FGSM,0.03,859,9,1,0.7507837610539688,0.4855072463768116,0.7411533737739829,False
FGSM,0.03,860,8,0,0.3602613273370162,0.3576158940397351,0.6885917209111342,False
FGSM,0.03,861,9,1,0.7315931838424601,0.3825503355704698,0.7498146429704251,False
FGSM,0.03,862,1,9,0.6892528879461732,0.55893536121673,0.8389649094021895,False
FGSM,0.03,863,7,5,0.671835772446894,0.5298507462686567,0.8580350395478533,False
FGSM,0.03,865,0,8,0.7285762607345919,0.6078431372549019,0.8908123910586812,False
FGSM,0.03,866,0,2,0.5477209530669002,0.27384615384615385,0.7687923761031507,False
FGSM,0.03,867,1,9,0.7918501778246736,0.5468164794007491,0.877732343584468,False
FGSM,0.03,868,8,1,0.8647558238114831,0.46785714285714286,0.9347487386384455,False
FGSM,0.03,869,3,5,0.7456792755019382,0.5471698113207547,0.7604088944581178,False
FGSM,0.03,870,9,1,0.7779462925163951,0.7053941908713693,0.9628532194749689,False
FGSM,0.03,871,6,0,0.207383889485889,0.07611548556430446,0.1507330951794647,False
FGSM,0.03,872,4,7,0.748918346278149,0.6078431372549019,0.7966184738758605,False
FGSM,0.03,873,7,5,0.6879012473929844,0.43356643356643354,0.8357404736847203,False
FGSM,0.03,874,0,2,0.0735861935613442,0.06649616368286446,0.19464567313723244,False
FGSM,0.03,875,3,5,-0.2091186307148785,0.01485148514851485,-0.21973431506549587,False
FGSM,0.03,876,7,5,0.38436731608720487,0.23867069486404835,0.57930550083371,False
FGSM,0.03,877,8,1,0.5700867917356301,0.5222222222222223,0.7210540615199926,False
FGSM,0.03,878,9,1,0.8205081711374443,0.5413533834586466,0.7247700567752774,False
FGSM,0.03,879,1,6,0.39112698450235417,0.23123123123123124,0.3084120710718521,False
FGSM,0.03,880,1,8,0.045519904581103686,0.07329842931937172,-0.03572682873100309,False
FGSM,0.03,881,6,2,0.2162721598957949,0.23723723723723725,0.361621337038049,False
FGSM,0.03,882,6,2,0.28229385687585246,0.13259668508287292,0.3473866869261152,False
FGSM,0.03,883,6,5,0.41900693191642135,0.4186851211072664,0.6923329154258573,False
FGSM,0.03,885,9,0,0.7131631258377783,0.5627376425855514,0.8073559337345626,False
FGSM,0.03,886,1,9,0.528360794823253,0.28125,0.43069701726379406,False
FGSM,0.03,887,9,1,0.8529111332089238,0.5073529411764706,0.8993686036861257,False
FGSM,0.03,888,9,1,0.5201677072475687,0.3183279742765273,0.4521650213512244,False
FGSM,0.03,889,4,2,0.3790326898488059,0.16147308781869688,0.4324028328719471,False
FGSM,0.03,890,2,3,0.4385079044008975,0.17142857142857143,0.6892172054316077,False
FGSM,0.03,891,1,9,0.7655576446187302,0.5355805243445693,0.753490900921937,False
FGSM,0.03,892,7,0,0.6466630872308184,0.40893470790378006,0.7279024834760809,False
FGSM,0.03,893,0,8,0.5202634098578641,0.2693498452012384,0.4440407427266433,False
FGSM,0.03,894,6,2,0.8103569266406996,0.673469387755102,0.9254736133599641,False
FGSM,0.03,895,8,0,0.5189380431270499,0.33116883116883117,0.6588313085616249,False
FGSM,0.03,897,9,1,0.6875794565693624,0.5471698113207547,0.652408564136365,False
FGSM,0.03,898,2,6,0.4892358955983679,0.2772585669781931,0.48310052865993397,False
FGSM,0.03,899,9,0,0.6184180480215875,0.5298507462686567,0.8042467166157548,False
FGSM,0.03,900,0,6,-0.09614129305529959,0.0,-0.5731059273482081,False
FGSM,0.03,901,4,2,0.5240156208367555,0.29245283018867924,0.5272378021154552,False
FGSM,0.03,902,7,5,0.7133877839253852,0.3993174061433447,0.6778958342938295,False
FGSM,0.03,904,3,2,0.5411751832778238,0.35313531353135313,0.7412323929264404,False
FGSM,0.03,905,1,9,0.4474472755863477,0.12637362637362637,0.4649303327533055,False
FGSM,0.03,906,2,0,0.33830769409487077,0.34868421052631576,0.593953000367186,False
FGSM,0.03,907,0,8,0.41543617384809967,0.29153605015673983,0.4851471171425945,False
FGSM,0.03,908,1,9,0.7312412553814036,0.49635036496350365,0.801550890093007,False
FGSM,0.03,909,5,3,0.804446743385172,0.42857142857142855,0.8488547720544403,False
FGSM,0.03,911,4,7,0.5522158445622332,0.5091575091575091,0.7540693992567126,False
FGSM,0.03,912,3,2,0.488318974496287,0.4909090909090909,0.6476816122612172,False
FGSM,0.03,913,8,0,0.7851683779140196,0.7748917748917749,0.9450692174211279,False
FGSM,0.03,914,1,9,0.5280654700824263,0.19186046511627908,0.513850635990504,False
FGSM,0.03,915,3,2,0.3165187187618218,0.12021857923497267,0.27719558652269627,False
FGSM,0.03,917,5,3,0.7670003999267104,0.5891472868217055,0.8764911990228529,False
FGSM,0.03,919,8,9,0.2860632276507962,0.24242424242424243,0.34242694624059433,False
FGSM,0.03,920,4,3,0.3867965870806892,0.27469135802469136,0.4307164542737528,False
FGSM,0.03,922,1,9,0.634819378032068,0.4186851211072664,0.7976868144212671,False
FGSM,0.03,923,1,9,0.9081562309575504,0.8468468468468469,0.9083937670744474,False
FGSM,0.03,924,8,0,0.5880318428059081,0.4748201438848921,0.8622754519356608,False
FGSM,0.03,925,9,8,0.3034517198052607,0.2852664576802508,0.2157003434298241,False
FGSM,0.03,926,6,8,0.6024348021391228,0.3268608414239482,0.5776342489180831,False
FGSM,0.03,928,8,3,-0.3021882456310917,0.0,-0.3572194085778644,False
FGSM,0.03,929,6,2,0.633467676966677,0.4186851211072664,0.5087044691692276,False
FGSM,0.03,931,3,2,-0.24943593670087524,0.0,-0.4705552766995293,False
FGSM,0.03,932,4,2,0.2664058004099991,0.08465608465608465,0.26098347344685485,False
FGSM,0.03,933,1,9,0.8425902026380307,0.4855072463768116,0.9049573867561631,False
FGSM,0.03,934,0,2,0.44065425954023774,0.40893470790378006,0.7280839604451221,False
FGSM,0.03,936,1,6,0.7156855094648854,0.43356643356643354,0.8772443630108216,False
FGSM,0.03,937,0,8,0.7278559209293956,0.49635036496350365,0.8190226606691663,False
FGSM,0.03,938,0,8,0.10712737951307537,0.16809116809116809,0.0886249723303292,False
FGSM,0.03,939,3,4,0.180853949631213,0.22023809523809523,0.309820785498921,False
FGSM,0.03,940,5,3,-0.01478636775375206,0.0379746835443038,0.08964773769898585,False
FGSM,0.03,941,0,6,-0.1521539418760428,0.012345679012345678,-0.11437361804993099,False
FGSM,0.03,942,0,3,-0.15412338197822503,0.03526448362720403,-0.3532592279038965,False
FGSM,0.03,943,6,2,0.34609512146852944,0.1839080459770115,0.1770452116352954,False
FGSM,0.03,944,6,2,0.6201351937237223,0.33116883116883117,0.6012574546877495,False
FGSM,0.03,946,3,0,0.5374971464498123,0.4041095890410959,0.7308560153785135,False
FGSM,0.03,947,6,2,0.2006947564514121,0.10215053763440861,0.23618630749874694,False
FGSM,0.03,948,3,6,0.2536730285253122,0.18497109826589594,0.10419599253672764,False
FGSM,0.03,950,6,4,0.09441145481617526,0.03526448362720403,-0.19629524650551347,False
FGSM,0.03,951,0,1,0.7003104124085967,0.5471698113207547,0.7821240814430758,False
FGSM,0.03,952,7,9,0.10905150670146886,0.06994818652849741,-0.1152944528432242,False
FGSM,0.03,953,2,3,0.8211407082144325,0.6334661354581673,0.8727540484190347,False
FGSM,0.03,956,2,4,-0.09033890302503123,0.112565445026178,-0.2490418922431399,False
FGSM,0.03,958,5,3,0.5939740652904985,0.3355048859934853,0.6396600444477955,False
FGSM,0.03,960,1,0,0.803570477435222,0.5,0.853733309263025,False
FGSM,0.03,961,1,9,0.5578044309026283,0.2772585669781931,0.5636178376591393,False
FGSM,0.03,964,2,6,0.3108928051107107,0.06770833333333333,0.00825158732021932,False
FGSM,0.03,965,3,5,0.489125000468604,0.33986928104575165,0.5871350311500422,False
FGSM,0.03,966,1,9,0.7978609552353444,0.626984126984127,0.833623856846158,False
FGSM,0.03,967,5,2,0.6579090605804024,0.5129151291512916,0.7266836618129304,False
FGSM,0.03,968,3,4,0.4153716861571395,0.12876712328767123,0.2739218585434712,False
FGSM,0.03,969,7,5,0.09111116107086022,0.15168539325842698,0.3119959291730987,False
FGSM,0.03,970,6,1,0.45082332079054943,0.24773413897280966,0.46861429861044873,False
FGSM,0.03,973,1,9,0.8651308274921581,0.6205533596837944,0.9062812270335924,False
FGSM,0.03,974,6,2,0.0681763538052228,0.18518518518518517,0.09793083029574866,False
FGSM,0.03,975,4,5,0.6793846311815739,0.5708812260536399,0.7886442827332683,False
FGSM,0.03,976,9,4,-0.028436741870700104,0.01715686274509804,-0.23914925964055558,False
FGSM,0.03,977,3,2,-0.01184390793451502,0.04834605597964377,-0.17056113040446397,False
FGSM,0.03,978,9,1,0.40670326014859437,0.2088235294117647,0.1328592644431856,False
FGSM,0.03,979,0,8,0.7927338686350116,0.64,0.8806875293530054,False
FGSM,0.03,980,9,3,0.2244779919144777,0.1346153846153846,0.581342155912294,False
FGSM,0.03,981,6,3,0.25579221569450805,0.08398950131233596,0.12797926698813167,False
FGSM,0.03,982,3,5,0.7390179934652423,0.6532258064516129,0.8431703605904486,False
FGSM,0.03,984,7,5,0.7122453873420476,0.7012448132780082,0.8892570049739098,False
FGSM,0.03,986,8,0,0.19123708396738798,0.23652694610778444,0.24783584310335202,False
FGSM,0.03,987,0,8,0.6469612430158408,0.4642857142857143,0.8068275357422406,False
FGSM,0.03,989,6,3,0.6673927537314374,0.553030303030303,0.7588403657635745,False
FGSM,0.03,990,6,2,0.8570291311783198,0.48014440433212996,0.878742517322701,False
FGSM,0.03,991,9,1,0.471344918419556,0.1388888888888889,0.6622950068685147,False
FGSM,0.03,992,4,3,-0.01707042691338471,0.02756892230576441,-0.10664675396731157,False
FGSM,0.03,993,6,3,0.5383023296464629,0.41379310344827586,0.5214776880398478,False
FGSM,0.03,994,3,5,0.8084858269403143,0.5769230769230769,0.8936858068996155,False
FGSM,0.03,995,6,3,0.7950590388882443,0.5648854961832062,0.9332984935321085,False
FGSM,0.03,996,0,3,-0.15236404831296047,0.0,-0.12068361043868905,False
FGSM,0.03,997,8,0,0.692526963442294,0.37583892617449666,0.6305988012426712,False
FGSM,0.03,998,6,3,0.37347785831233515,0.16809116809116809,0.4489339132843795,False
FGSM,0.03,999,0,3,0.16277708127937013,0.1111111111111111,0.1339066694751614,False
FGSM,0.05,0,3,8,0.1660704604871834,0.06753246753246753,0.04888839898733345,False
FGSM,0.05,1,8,2,0.1250748686856155,0.3225806451612903,0.3704845230632094,False
FGSM,0.05,3,6,2,0.18871512618912115,0.06459948320413436,0.044251530251966306,False
FGSM,0.05,5,1,2,0.0776722530840528,0.03535353535353535,-0.16233850274267414,False
FGSM,0.05,6,6,2,0.4417190542716682,0.30990415335463256,0.41630520711689306,False
FGSM,0.05,7,3,6,0.845031374897367,0.7226890756302521,0.9092833965434841,False
FGSM,0.05,8,1,6,0.4800657111250371,0.31210191082802546,0.3528247288286777,False
FGSM,0.05,9,0,3,0.38926828685835707,0.19533527696793002,0.13752948018633587,False
FGSM,0.05,10,9,1,0.8617215270077335,0.6349206349206349,0.9216042323620884,False
FGSM,0.05,11,5,6,0.6674502244034572,0.5708812260536399,0.6463088515083795,False
FGSM,0.05,12,7,5,0.33374328826507277,0.2693498452012384,0.380468674989508,False
FGSM,0.05,13,9,1,0.7111558883954473,0.40893470790378006,0.671382248746463,False
FGSM,0.05,14,8,6,0.705962994394923,0.553030303030303,0.7433395414758658,False
FGSM,0.05,15,5,6,0.5860113202078963,0.48014440433212996,0.6678106191703562,False
FGSM,0.05,16,7,6,-0.0014530389455168012,0.2298507462686567,0.0011898127953858775,False
FGSM,0.05,18,6,2,0.9061128426585677,0.7446808510638298,0.9482615222568431,False
FGSM,0.05,19,7,3,-0.01431491140056365,0.05128205128205128,-0.20455570917001534,False
FGSM,0.05,21,4,6,0.8165148285454547,0.49635036496350365,0.871100503655994,False
FGSM,0.05,22,9,1,0.4505206604781643,0.2732919254658385,0.4047673710544064,False
FGSM,0.05,23,5,4,0.5164929789390856,0.2693498452012384,0.6160257398640232,False
FGSM,0.05,24,2,3,0.5764961764916465,0.4891304347826087,0.7477497616883347,False
FGSM,0.05,25,4,6,-0.00569767084965667,0.08753315649867374,-0.15600547967650066,False
FGSM,0.05,26,9,1,0.2900499179373776,0.20821114369501467,0.10618900503662893,False
FGSM,0.05,27,6,2,-0.16065348378256822,0.06753246753246753,0.06299277349358219,False
FGSM,0.05,29,5,6,0.778359329096488,0.7012448132780082,0.8800997808993923,False
FGSM,0.05,31,5,2,0.47729735820452246,0.28125,0.45333182666827615,False
FGSM,0.05,34,1,9,0.7874544176476947,0.46099290780141844,0.8581079814770515,False
FGSM,0.05,35,5,3,0.747500448052347,0.64,0.9033703639100841,False
FGSM,0.05,36,6,2,0.5712564349706291,0.5471698113207547,0.39154728062497335,False
FGSM,0.05,37,6,2,0.6497264218753611,0.5769230769230769,0.7311272610774877,False
FGSM,0.05,38,0,9,0.6176937967268461,0.43859649122807015,0.8864379481634633,False
FGSM,0.05,39,9,1,0.5027785203016649,0.34868421052631576,0.6230671536577518,False
FGSM,0.05,40,3,6,0.7861289994780128,0.64,0.8559470817743454,False
FGSM,0.05,41,7,4,0.8590363479224887,0.7372881355932204,0.9466758007279755,False
FGSM,0.05,42,6,2,0.5024620292194397,0.43859649122807015,0.5273611346025445,False
FGSM,0.05,43,9,1,0.28414598298045535,0.04060913705583756,0.06660299812133331,False
FGSM,0.05,44,8,6,0.5844756768781186,0.25766871165644173,0.40514491822795196,False
FGSM,0.05,47,8,3,0.24287062063193676,0.07894736842105263,-0.021221470722034525,False
FGSM,0.05,48,7,4,0.780800973652096,0.583011583011583,0.878710350154567,False
FGSM,0.05,50,4,3,0.6271805050543484,0.4236111111111111,0.6833469486456885,False
FGSM,0.05,52,7,6,0.6652292721472907,0.49635036496350365,0.7146423150764037,False
FGSM,0.05,54,6,2,-0.09139068974663148,0.1408839779005525,-0.0861972707167658,False
FGSM,0.05,55,3,5,0.48351485767704333,0.42214532871972316,0.8551103267249722,False
FGSM,0.05,56,6,2,0.10032101753395128,0.1810344827586207,0.108484220158453,False
FGSM,0.05,57,2,6,0.33674636662844015,0.20234604105571846,0.32348427380587386,False
FGSM,0.05,58,2,1,0.37846123073194515,0.17142857142857143,0.18744644198533383,False
FGSM,0.05,59,3,6,0.1662286109740146,0.11320754716981132,0.27053407443687766,False
FGSM,0.05,60,7,3,0.6428120832328172,0.4642857142857143,0.7603560126436922,False
FGSM,0.05,61,2,6,0.4637206162969422,0.4731182795698925,0.5018400271763177,False
FGSM,0.05,64,8,2,0.33382398918368883,0.07611548556430446,0.16028495191364991,False
FGSM,0.05,65,0,9,0.6583362902299716,0.4186851211072664,0.7061839058805863,False
FGSM,0.05,67,9,0,0.523683025401398,0.3898305084745763,0.5799808967078224,False
FGSM,0.05,68,3,8,0.4868598498291055,0.38047138047138046,0.7116893315975664,False
FGSM,0.05,69,3,6,0.5772020575747489,0.23283582089552238,0.591885323730766,False
FGSM,0.05,70,8,3,0.09710748700008319,0.0,-0.14142180263160056,False
FGSM,0.05,71,8,6,0.49011825896956623,0.38513513513513514,0.639619373054684,False
FGSM,0.05,72,1,9,0.5723335576321539,0.3442622950819672,0.5709156845935248,False
FGSM,0.05,73,1,9,0.4348556317160981,0.44876325088339225,0.7039139846580043,False
FGSM,0.05,74,7,3,0.20136084195004536,0.07591623036649214,0.002010015754297507,False
FGSM,0.05,75,2,3,0.5673205601662803,0.33116883116883117,0.6061395015637017,False
FGSM,0.05,76,5,6,0.06298874520040804,0.35313531353135313,0.44445623695156194,False
FGSM,0.05,77,7,3,0.4799743741681832,0.36423841059602646,0.5371596004144804,False
FGSM,0.05,78,8,9,0.5029401712621749,0.3301282051282051,0.8093096735036446,False
FGSM,0.05,79,9,1,0.8638846798408666,0.5073529411764706,0.8925484628187086,False
FGSM,0.05,80,0,8,0.6779839686344008,0.3898305084745763,0.7986564146875549,False
FGSM,0.05,81,8,9,0.46147065984082447,0.30990415335463256,0.8111656484818179,False
FGSM,0.05,82,6,2,0.7461429714092974,0.5018315018315018,0.8007658414714053,False
FGSM,0.05,83,4,6,0.7128694859393955,0.5708812260536399,0.7454757831924164,False
FGSM,0.05,85,6,2,-0.04877559187995634,0.03526448362720403,-0.27176428972874167,False
FGSM,0.05,86,0,2,0.573623625484444,0.2693498452012384,0.45533686436045556,False
FGSM,0.05,87,0,2,0.7953638535808529,0.5648854961832062,0.9129548934735667,False
FGSM,0.05,88,7,3,-0.1303967557612947,0.0,-0.38571449498646343,False
FGSM,0.05,89,4,6,0.33146247408661395,0.2893081761006289,0.4178012577190764,False
FGSM,0.05,90,5,3,0.17654595129074255,0.09333333333333334,0.09170023143004839,False
FGSM,0.05,91,6,2,0.5223767274542754,0.33986928104575165,0.6905523881366958,False
FGSM,0.05,92,3,6,0.8754083682623135,0.7083333333333334,0.9541133366769429,False
FGSM,0.05,93,1,9,0.6499115804640146,0.4642857142857143,0.7160930337939847,False
FGSM,0.05,94,1,9,0.5657196669949022,0.22058823529411764,0.6620088356658784,False
FGSM,0.05,95,3,6,0.5570588863631966,0.3225806451612903,0.7344261671069001,False
FGSM,0.05,96,6,2,0.44343069953135816,0.15363128491620112,0.1868589382880066,False
FGSM,0.05,97,7,5,0.7598706380224417,0.6015625,0.8010371147850254,False
FGSM,0.05,98,4,2,0.5097375545339361,0.2275449101796407,0.5026689930692511,False
FGSM,0.05,99,0,8,0.4256783894410621,0.4206896551724138,0.5691817208310809,False
FGSM,0.05,101,2,6,0.695623308548307,0.3194888178913738,0.6668680873694599,False
FGSM,0.05,102,1,2,0.03538500167379161,0.19130434782608696,0.02823634860055282,False
FGSM,0.05,103,3,6,0.3413915719027597,0.11716621253405994,0.4777794130718774,False
FGSM,0.05,104,0,8,0.8250250363468947,0.7012448132780082,0.8079916261852719,False
FGSM,0.05,105,4,6,0.1327103511182338,0.07049608355091384,-0.04019701185595957,False
FGSM,0.05,107,7,6,0.03648759850144825,0.0,-0.4985619927418489,False
FGSM,0.05,108,8,0,0.5411650569649336,0.5643939393939394,0.8007274692848066,False
FGSM,0.05,109,3,5,0.6511405178362272,0.7672413793103449,0.9293798427338735,False
FGSM,0.05,110,1,9,0.26562156630236733,0.18840579710144928,0.7916225823051098,False
FGSM,0.05,111,2,3,0.8249481369316931,0.6465863453815262,0.8588193472293484,False
FGSM,0.05,112,8,0,0.401275214878162,0.5547169811320755,0.8142304914402544,False
FGSM,0.05,113,0,2,0.167470099555355,0.23493975903614459,0.3984117177962059,False
FGSM,0.05,115,3,6,0.4181929235525716,0.2182890855457227,0.25608661835854746,False
FGSM,0.05,117,2,0,0.2372098234315925,0.2515151515151515,0.42930464114695543,False
FGSM,0.05,118,4,2,0.7431207669557199,0.6309523809523809,0.8139695246750248,False
FGSM,0.05,119,1,9,0.2908045081163415,0.08753315649867374,0.22175168971166667,False
FGSM,0.05,120,8,1,0.799291486725123,0.55893536121673,0.8030550812550096,False
FGSM,0.05,121,9,1,0.772960232568012,0.46099290780141844,0.8587589610440651,False
FGSM,0.05,122,1,6,0.6181470754517783,0.43356643356643354,0.5945727420448802,False
FGSM,0.05,123,2,3,0.6121671079198511,0.49635036496350365,0.798907227063514,False
FGSM,0.05,125,7,9,0.0020985119281141723,0.05912596401028278,-0.1275357392703881,False
FGSM,0.05,126,2,6,0.7037808514853179,0.55893536121673,0.7394512877435103,False
FGSM,0.05,127,9,3,-0.1279477933973563,0.0,-0.5655705585379184,False
FGSM,0.05,128,6,3,0.7765371633887143,0.6070038910505836,0.9068284522072345,False
FGSM,0.05,131,8,0,0.5511767152702358,0.2893081761006289,0.3595826012660103,False
FGSM,0.05,132,7,6,0.3613498521429354,0.16147308781869688,0.18115841318061585,False
FGSM,0.05,133,6,2,0.7200959805514906,0.6334661354581673,0.6630675936140208,False
FGSM,0.05,134,5,2,-0.09937533595678107,0.03768844221105527,0.15028821960925745,False
FGSM,0.05,136,8,0,0.5235425737430204,0.35313531353135313,0.5272311314474506,False
FGSM,0.05,137,9,8,0.5205396990410256,0.42857142857142855,0.6805681533211182,False
FGSM,0.05,138,6,8,0.7397034826644382,0.6334661354581673,0.8221402533266505,False
FGSM,0.05,139,0,3,0.15914079031618394,0.12021857923497267,-0.17325987279044539,False
FGSM,0.05,141,5,6,0.654839554625927,0.24620060790273557,0.7452050581257929,False
FGSM,0.05,142,2,6,0.5769857752891864,0.40476190476190477,0.5680044627856671,False
FGSM,0.05,145,4,0,0.7726909040918397,0.729957805907173,0.8614133254127586,False
FGSM,0.05,147,1,9,0.4299471655839189,0.2553191489361702,0.5518443415011813,False
FGSM,0.05,148,6,1,0.48499625927449025,0.44876325088339225,0.7796868538346854,False
FGSM,0.05,149,6,2,0.04688482139205847,0.0,-0.19639046766864754,False
FGSM,0.05,151,4,2,-0.095289122407461,0.5,0.3454668654509098,False
FGSM,0.05,152,8,6,0.3909444494082347,0.14763231197771587,0.45368871148025336,False
FGSM,0.05,153,4,2,0.538752938725451,0.3183279742765273,0.4849483678228251,False
FGSM,0.05,154,5,2,0.28248174938103926,0.15041782729805014,0.41294482959425716,False
FGSM,0.05,156,9,6,-0.16697988840059436,0.0,-0.2564365229548478,False
FGSM,0.05,158,9,6,0.7585572236308487,0.5018181818181818,0.8393021044622819,False
FGSM,0.05,159,8,2,-0.13331759093891926,0.07894736842105263,-0.06297598821391318,False
FGSM,0.05,161,9,3,0.011250125746316382,0.06770833333333333,0.13407680698637567,False
FGSM,0.05,162,3,6,0.7492068558270056,0.35313531353135313,0.8593254635775845,False
FGSM,0.05,163,7,3,0.6098335286789744,0.4041095890410959,0.5607200780011055,False
FGSM,0.05,164,5,6,0.6800101627514783,0.5413533834586466,0.8022850264445344,False
FGSM,0.05,165,0,8,0.6543108634326948,0.37919463087248323,0.674887927427575,False
FGSM,0.05,166,0,3,0.2625935331894792,0.1844380403458213,0.31814321699229153,False
FGSM,0.05,167,5,2,0.10268435706952996,0.1833810888252149,-0.09259735146362133,False
FGSM,0.05,168,2,0,0.21598314818416278,0.3464052287581699,0.47770966906561496,False
FGSM,0.05,169,2,6,0.17621440191772325,0.3442622950819672,0.42659216296706465,False
FGSM,0.05,170,3,0,0.30651176442872985,0.24773413897280966,0.46487935532535507,False
FGSM,0.05,171,8,3,0.22360873170963008,0.1452513966480447,0.007747203332524885,False
FGSM,0.05,172,6,2,0.8442507900253555,0.6666666666666666,0.8459791712157089,False
FGSM,0.05,173,3,6,0.45972969169527317,0.3141025641025641,0.5261268503044788,False
FGSM,0.05,174,4,2,0.5642360186916583,0.4748201438848921,0.815486721533699,False
FGSM,0.05,175,0,8,-0.12695212923870325,0.0,-0.5553739318921987,False
FGSM,0.05,176,8,6,0.5400377140556443,0.3268608414239482,0.508013121832563,False
FGSM,0.05,178,1,2,0.67544517598801,0.5953307392996109,0.8539227878408368,False
FGSM,0.05,179,7,6,0.3161813204036199,0.17142857142857143,0.29704512050977516,False
FGSM,0.05,180,8,6,0.6497986956152337,0.4855072463768116,0.7330639881559701,False
FGSM,0.05,181,8,3,-0.014329277266262267,0.06770833333333333,-0.1419677864391665,False
FGSM,0.05,182,7,3,0.26817830964597766,0.08753315649867374,0.3719787730625455,False
FGSM,0.05,183,8,6,0.6149793223587426,0.35313531353135313,0.622309029384284,False
FGSM,0.05,184,5,6,0.8092140528048284,0.7672413793103449,0.8982876627148273,False
FGSM,0.05,185,1,2,-0.17986016299389426,0.022277227722772276,-0.26656244102107923,False
FGSM,0.05,187,7,9,0.23803970127465676,0.10810810810810811,0.30782973023226473,False
FGSM,0.05,188,1,6,0.6555807441335237,0.3609271523178808,0.7377470178662735,False
FGSM,0.05,189,3,6,0.5602153390619288,0.31210191082802546,0.8079906925395731,False
FGSM,0.05,190,5,4,0.8413340059610513,0.8636363636363636,0.9121259876697909,False
FGSM,0.05,191,7,5,0.7975626109614307,0.6465863453815262,0.9339939520702434,False
FGSM,0.05,192,9,3,-0.07505165888527397,0.0,-0.6385814621796883,False
FGSM,0.05,193,7,2,0.6499983223965227,0.55893536121673,0.7182851989465199,False
FGSM,0.05,194,4,8,0.3334839511416889,0.13259668508287292,0.22998904604504342,False
FGSM,0.05,195,5,2,0.14490172747397223,0.08093994778067885,-0.15317685010608925,False
FGSM,0.05,197,8,1,0.7745077480567542,0.60546875,0.877021082399331,False
FGSM,0.05,198,0,2,0.0729137218415051,0.13573407202216067,0.1195891003726436,False
FGSM,0.05,199,7,3,0.1786210068044137,0.12637362637362637,0.21463078545498734,False
FGSM,0.05,200,9,1,0.8363908981165943,0.5769230769230769,0.8732516748644998,False
FGSM,0.05,201,2,3,0.4255957124594974,0.26153846153846155,0.41686616629715306,False
FGSM,0.05,202,7,5,0.6261391217969138,0.4041095890410959,0.6002334159563888,False
FGSM,0.05,204,9,1,0.8563167310854387,0.8636363636363636,0.9787697653854843,False
FGSM,0.05,205,4,6,0.15258426386366108,0.1903409090909091,0.53400150955773,False
FGSM,0.05,207,9,1,0.7491226724167106,0.6612903225806451,0.8433665014109692,False
FGSM,0.05,209,4,2,0.5709601960678106,0.2732919254658385,0.4869030317530676,False
FGSM,0.05,210,7,3,0.014971589187671433,0.004901960784313725,-0.1205494153361899,False
FGSM,0.05,211,6,2,0.26710281182837614,0.23723723723723725,0.33504055634137075,False
FGSM,0.05,212,5,3,0.4488998968202411,0.19533527696793002,0.46814924626180865,False
FGSM,0.05,213,1,9,0.7703162939149952,0.4236111111111111,0.709365283824002,False
FGSM,0.05,214,5,3,-0.053466963844191966,0.0327455919395466,-0.218360083916296,False
FGSM,0.05,215,8,1,0.10616354927587317,0.08179419525065963,-0.12299629952257934,False
FGSM,0.05,219,5,3,0.6318086686650203,0.32371794871794873,0.5752464639445027,False
FGSM,0.05,220,1,8,0.5708923585211428,0.4041095890410959,0.5620331775878186,False
FGSM,0.05,221,1,6,0.45550445590261923,0.3712374581939799,0.5377230812183024,False
FGSM,0.05,222,8,6,0.7610767576292422,0.5953307392996109,0.79533512306355,False
FGSM,0.05,223,9,2,-0.18669079256875118,0.0,-0.3832275904790972,False
FGSM,0.05,224,0,3,0.540017416463757,0.41379310344827586,0.6748539005980494,False
FGSM,0.05,225,3,2,-0.005696741069638885,0.007371007371007371,-0.2784324717222928,False
FGSM,0.05,226,1,9,0.7989895029114724,0.6666666666666666,0.8904089855885516,False
FGSM,0.05,227,9,3,-0.11573946697589392,0.0,-0.6459612345622534,False
FGSM,0.05,229,2,0,0.22844055466952848,0.04591836734693878,0.058473885520013445,False
FGSM,0.05,230,5,6,0.2867151429147281,0.29337539432176657,0.5099804867766806,False
FGSM,0.05,231,3,2,0.6882182118094033,0.55893536121673,0.7418150647123302,False
FGSM,0.05,232,9,1,0.5656500524543666,0.3993174061433447,0.32622764139280436,False
FGSM,0.05,233,9,6,0.0994152842849118,0.15168539325842698,0.1875613063795434,False
FGSM,0.05,234,4,6,0.41244235609006413,0.30158730158730157,0.6121857881102862,False
FGSM,0.05,235,0,8,0.6732998439193477,0.5355805243445693,0.7457445437036675,False
FGSM,0.05,236,3,6,0.8442359906593724,0.782608695652174,0.9034034485621338,False
FGSM,0.05,237,0,8,0.8030030158838841,0.7012448132780082,0.8238822004874757,False
FGSM,0.05,238,9,1,0.7154933210440289,0.680327868852459,0.8413124868541146,False
FGSM,0.05,239,8,6,0.7206105555782436,0.4874551971326165,0.708086116346857,False
FGSM,0.05,240,1,6,0.814724130104103,0.673469387755102,0.8923392790732643,False
FGSM,0.05,241,5,6,0.48431809495420874,0.24620060790273557,0.4521456713916812,False
FGSM,0.05,242,7,6,0.8003824590732889,0.7903930131004366,0.9570760955986082,False
FGSM,0.05,244,8,2,0.486195167915113,0.2693498452012384,0.4079218067531563,False
FGSM,0.05,245,2,6,0.7561357701803453,0.36666666666666664,0.6639951176541998,False
FGSM,0.05,246,4,6,0.46413728895720463,0.25688073394495414,0.32212263121534035,False
FGSM,0.05,247,7,2,0.2602676475182425,0.12947658402203857,0.2784750395506658,False
FGSM,0.05,248,0,2,0.24275874837815553,0.19883040935672514,0.024563454821081385,False
FGSM,0.05,249,2,6,0.6038990763891571,0.43356643356643354,0.6022028123622795,False
FGSM,0.05,250,3,2,0.26844325009681774,0.20234604105571846,0.28943588203545345,False
FGSM,0.05,251,6,2,0.022928789895230742,0.0962566844919786,-0.14454950946684222,False
FGSM,0.05,255,0,8,0.6811895119467166,0.44366197183098594,0.7411287332391889,False
FGSM,0.05,257,4,2,0.09102138903676725,0.3712374581939799,0.27065331402175047,False
FGSM,0.05,258,3,6,0.7928779066799307,0.615686274509804,0.8615213952775833,False
FGSM,0.05,259,9,1,0.17815817339441412,0.13186813186813187,-0.07798393475497296,False
FGSM,0.05,262,1,9,0.7450474654958092,0.5335820895522388,0.79044926666009,False
FGSM,0.05,263,9,1,0.7202006815850029,0.5643939393939394,0.8926911653325439,False
FGSM,0.05,264,1,8,0.5444954672493192,0.24848484848484848,0.4037453331555834,False
FGSM,0.05,266,7,3,0.2203215777315337,0.11716621253405994,0.25635964986240256,False
FGSM,0.05,267,9,1,0.526027955933193,0.611764705882353,0.8952609780769345,False
FGSM,0.05,268,1,6,0.524693233037289,0.4,0.6078638535099801,False
FGSM,0.05,270,6,2,0.8280616801606833,0.5018315018315018,0.858541311725717,False
FGSM,0.05,271,9,1,0.27255424044367765,0.17478510028653296,0.1604181798352484,False
FGSM,0.05,272,3,5,0.64898448933974,0.5185185185185185,0.7497717469789232,False
FGSM,0.05,273,4,2,0.07924509676303866,0.13259668508287292,0.1770408143447831,False
FGSM,0.05,274,6,3,0.6254515609973986,0.28125,0.5284071242962105,False
FGSM,0.05,275,0,8,0.5274850320313457,0.3355048859934853,0.5974310835761513,False
FGSM,0.05,276,0,2,0.839622829065344,0.7012448132780082,0.8159778012009798,False
FGSM,0.05,277,6,2,0.4053782646671026,0.3712374581939799,0.5952475512710864,False
FGSM,0.05,278,6,5,0.8218743382738187,0.8303571428571429,0.9034938684107515,False
FGSM,0.05,280,3,2,0.09302193560990912,0.20821114369501467,-0.0020139828852001403,False
FGSM,0.05,282,6,2,0.8956165494033571,0.7226890756302521,0.916789109600988,False
FGSM,0.05,283,8,3,0.18302831622256274,0.16761363636363635,-0.14555346756932885,False
FGSM,0.05,284,2,6,0.47043236478874373,0.3225806451612903,0.5430437636646694,False
FGSM,0.05,285,1,9,0.3218775778395274,0.17142857142857143,0.5366056588657155,False
FGSM,0.05,287,8,3,-0.1684167177157006,0.0783289817232376,-0.25585936755561195,False
FGSM,0.05,288,6,2,0.2355029397658224,0.12637362637362637,0.05292431079143153,False
FGSM,0.05,289,8,4,0.17426993761694862,0.25382262996941896,0.4635955878355231,False
FGSM,0.05,290,0,3,0.08553043011630701,0.01485148514851485,-0.30220990654251,False
FGSM,0.05,291,4,6,0.24673985720514982,0.12602739726027398,-0.05506083201009565,False
FGSM,0.05,292,7,2,0.7819315362170604,0.583011583011583,0.883939062174259,False
FGSM,0.05,293,7,6,0.7365983416486157,0.6942148760330579,0.8075514360647624,False
FGSM,0.05,294,5,6,0.9115594820334361,0.7226890756302521,0.9441418723041892,False
FGSM,0.05,295,5,3,0.7189236314823995,0.7521367521367521,0.9180765909159643,False
FGSM,0.05,297,5,6,0.21149916459906834,0.1452513966480447,0.23531425709953324,False
FGSM,0.05,298,2,4,0.5824660821785095,0.5298507462686567,0.6728950997164473,False
FGSM,0.05,299,3,2,0.5533020466823715,0.36212624584717606,0.5798010636550871,False
FGSM,0.05,300,4,5,0.05273998316490983,0.012345679012345678,-0.2817303091556572,False
FGSM,0.05,301,1,2,0.2761328182658167,0.21301775147928995,0.38390070834505496,False
FGSM,0.05,302,7,6,0.5859515824831868,0.5648854961832062,0.5522079064741957,False
FGSM,0.05,303,5,2,0.31608343900669744,0.2852664576802508,0.3877825108988238,False
FGSM,0.05,304,4,6,0.7023385438996439,0.6465863453815262,0.8351416532602911,False
FGSM,0.05,305,6,2,0.7162480477309792,0.38047138047138046,0.7000056954623789,False
FGSM,0.05,306,1,6,0.20607582151720344,0.1452513966480447,0.22702057093594152,False
FGSM,0.05,307,9,1,0.25995615241711906,0.21428571428571427,0.48299724471341837,False
FGSM,0.05,308,3,2,0.2169802706118965,0.20116618075801748,0.3090001166562875,False
FGSM,0.05,309,6,2,0.8865825623362023,0.6245059288537549,0.9128674137213217,False
FGSM,0.05,310,9,1,0.3889271698224967,0.3215434083601286,0.39214123606311757,False
FGSM,0.05,311,3,6,0.6756864175332721,0.3945578231292517,0.7778415719339247,False
FGSM,0.05,313,0,3,0.4514360430808159,0.3225806451612903,0.45374046708917676,False
FGSM,0.05,314,7,1,0.62634204176858,0.5073529411764706,0.6495187096606742,False
FGSM,0.05,315,2,6,0.354958364731834,0.23511904761904762,0.4452652401919435,False
FGSM,0.05,316,6,5,0.1667968627419445,0.33986928104575165,0.5561706239439969,False
FGSM,0.05,318,8,2,-0.13799485115684154,0.004866180048661801,-0.38185345917826297,False
FGSM,0.05,319,5,3,0.7721982876404765,0.5355805243445693,0.7975405714884293,False
FGSM,0.05,320,4,6,0.6246120192898581,0.3225806451612903,0.5914947158441598,False
FGSM,0.05,322,9,1,0.3917785091304975,0.2875,0.39440185143659984,False
FGSM,0.05,323,9,1,0.8019564308490627,0.5054945054945055,0.7944126539013548,False
FGSM,0.05,324,1,6,0.8176719906282496,0.6465863453815262,0.9000944697819839,False
FGSM,0.05,325,0,8,0.7336871903720339,0.5072992700729927,0.7936628930351579,False
FGSM,0.05,326,2,0,0.8000966143414113,0.583011583011583,0.8399078198293584,False
FGSM,0.05,327,2,6,0.5038073760482824,0.24620060790273557,0.6142115640706051,False
FGSM,0.05,329,3,2,0.6763518359197158,0.5355805243445693,0.6604520716863117,False
FGSM,0.05,330,2,6,0.679287385225803,0.4236111111111111,0.6484649628559753,False
FGSM,0.05,331,8,6,0.8136393902437574,0.759656652360515,0.837316201886274,False
FGSM,0.05,332,0,2,0.8703985491756504,0.7226890756302521,0.939571609991234,False
FGSM,0.05,335,1,8,0.4885621080285258,0.14127423822714683,0.4486452011302702,False
FGSM,0.05,336,4,2,0.025002671949862994,0.23123123123123124,0.15949394686068058,False
FGSM,0.05,337,1,2,-0.27270238144608583,0.0,-0.10858453468233292,False
FGSM,0.05,339,8,0,0.04455730419672444,0.22023809523809523,0.33225350570665835,False
FGSM,0.05,340,1,9,0.8700602659680081,0.7226890756302521,0.8723791094526664,False
FGSM,0.05,342,7,2,0.16511970373317153,0.2261904761904762,0.43225480020811996,False
FGSM,0.05,343,9,8,0.4165045672093557,0.5018315018315018,0.6607174384226483,False
FGSM,0.05,344,4,2,0.40963599400370265,0.15819209039548024,0.2554797564689619,False
FGSM,0.05,345,2,3,0.4440448779782236,0.20588235294117646,0.3381736009493985,False
FGSM,0.05,346,7,2,0.049163015987456274,0.0,-0.2191661839314096,False
FGSM,0.05,347,0,3,-0.17842623388113835,0.009852216748768473,-0.4053962451825195,False
FGSM,0.05,348,7,2,0.5578232238492129,0.2893081761006289,0.43918974084098117,False
FGSM,0.05,349,0,2,-0.12246806125860292,0.007334963325183374,-0.5247868911074209,False
FGSM,0.05,350,6,2,0.7716554078554525,0.6205533596837944,0.8315746727621224,False
FGSM,0.05,351,6,2,0.7634275453991791,0.6334661354581673,0.8434185910200569,False
FGSM,0.05,352,9,6,0.1428860756422661,0.15819209039548024,0.18066180904594054,False
FGSM,0.05,353,0,2,-0.12538722144930534,0.05670103092783505,-0.31211820555187714,False
FGSM,0.05,354,9,8,0.19992283711877387,0.13573407202216067,0.08262985355351993,False
FGSM,0.05,357,7,4,0.7456662985082914,0.3979591836734694,0.6863611960830704,False
FGSM,0.05,358,2,3,0.7657790426936375,0.626984126984127,0.8640105824639044,False
FGSM,0.05,359,2,6,0.3196037584480405,0.23652694610778444,0.189759562492929,False
FGSM,0.05,360,5,6,0.4152570055989196,0.20943952802359883,0.39243999504082183,False
FGSM,0.05,361,1,6,0.6286856756234244,0.626984126984127,0.8247081490574402,False
FGSM,0.05,362,2,0,0.5282525732352994,0.15168539325842698,0.4848330969977857,False
FGSM,0.05,363,2,6,0.7039102140958121,0.5072992700729927,0.8435677610361866,False
FGSM,0.05,364,9,6,0.3988509059608287,0.19186046511627908,0.5926618722020072,False
FGSM,0.05,365,3,0,0.12353596861891837,0.08753315649867374,-0.13184106409969246,False
FGSM,0.05,366,3,9,-0.09101915576064441,0.0,-0.46712380126188974,False
FGSM,0.05,367,9,8,0.5521791113806426,0.5072992700729927,0.7113546636802486,False
FGSM,0.05,369,7,6,0.33430957253581495,0.05670103092783505,0.024956476105280595,False
FGSM,0.05,372,0,8,0.49603531087511743,0.36212624584717606,0.39996511062651363,False
FGSM,0.05,373,1,8,0.8522941620921242,0.7903930131004366,0.9575283028447307,False
FGSM,0.05,374,8,6,0.7253128380994119,0.35313531353135313,0.71244588994349,False
FGSM,0.05,375,2,3,0.5922583108671429,0.4927536231884058,0.8431955681204356,False
FGSM,0.05,377,3,6,0.12593264591872566,0.1226158038147139,-0.13915092446616972,False
FGSM,0.05,378,6,8,0.7163188246756615,0.41724137931034483,0.6834396990613034,False
FGSM,0.05,379,1,9,0.8044689754850766,0.55893536121673,0.8493135787429698,False
FGSM,0.05,380,0,6,0.1649556870655964,0.1226158038147139,0.14840280849691742,False
FGSM,0.05,381,7,2,0.664456622531092,0.45390070921985815,0.7105574021088594,False
FGSM,0.05,382,3,2,0.34988776149133327,0.20869565217391303,0.2921351441432085,False
FGSM,0.05,383,7,2,0.3397558475770511,0.23867069486404835,0.551074097003725,False
FGSM,0.05,384,4,2,-0.049061284917503174,0.009828009828009828,-0.40503542280477534,False
FGSM,0.05,385,5,4,0.2618518350041301,0.16809116809116809,0.047269159257789024,False
FGSM,0.05,387,0,6,-0.01210499315962785,0.13774104683195593,0.291352237756839,False
FGSM,0.05,389,9,1,0.6165119893297818,0.45390070921985815,0.8306048429103491,False
FGSM,0.05,391,4,2,0.47504221639987193,0.46785714285714286,0.607742616859766,False
FGSM,0.05,392,0,6,0.5931127692583794,0.290625,0.6963172805981205,False
FGSM,0.05,393,6,8,0.12688341145360416,0.1484593837535014,0.34385965836885346,False
FGSM,0.05,396,3,6,0.47862460819943037,0.23867069486404835,0.58295653213695,False
FGSM,0.05,397,7,3,0.25406431952252373,0.24242424242424243,0.32039491925247987,False
FGSM,0.05,398,3,6,0.5347220387899444,0.41379310344827586,0.6943057111213329,False
FGSM,0.05,399,2,6,0.3748867988633612,0.3576158940397351,0.2942834484961594,False
FGSM,0.05,400,5,6,0.6321717433151982,0.6205533596837944,0.7093339479748559,False
FGSM,0.05,401,3,6,0.04843776663170964,0.11716621253405994,0.41133658842612786,False
FGSM,0.05,402,1,6,0.07858509307262203,0.06217616580310881,0.23206850327171755,False
FGSM,0.05,403,4,2,0.5023040038773917,0.3355048859934853,0.408744738269149,False
FGSM,0.05,405,9,3,-0.0075044534467064265,0.0,-0.32200343577515467,False
FGSM,0.05,406,5,6,0.8535553260579617,0.7748917748917749,0.9290817366722351,False
FGSM,0.05,407,7,2,0.3245054578426509,0.2275449101796407,0.1541773640124049,False
FGSM,0.05,408,0,3,0.3493639976193383,0.3225806451612903,0.6383458024334348,False
FGSM,0.05,409,2,3,0.8479350747860218,0.680327868852459,0.9338272856241578,False
FGSM,0.05,411,2,5,0.10075130668925479,0.16477272727272727,0.13746065317793668,False
FGSM,0.05,412,9,8,0.4125811241721437,0.29337539432176657,0.5898361650268859,False
FGSM,0.05,413,3,2,0.6722234298734093,0.5073529411764706,0.7600406037487091,False
FGSM,0.05,415,4,5,0.45672152804544186,0.3300970873786408,0.6379661720668274,False
FGSM,0.05,417,5,2,0.5041482051146994,0.38047138047138046,0.6172499743744033,False
FGSM,0.05,419,5,2,0.4874065236688575,0.5018315018315018,0.7642299742440536,False
FGSM,0.05,420,6,2,0.5822512160562332,0.33766233766233766,0.37042801196772573,False
FGSM,0.05,421,1,9,0.523301187805217,0.30990415335463256,0.40134533460244,False
FGSM,0.05,422,4,2,0.382485162558209,0.3713355048859935,0.570498900746919,False
FGSM,0.05,423,3,4,0.3283381834154337,0.25382262996941896,0.3886717014811159,False
FGSM,0.05,424,4,2,0.7418696158097164,0.5627376425855514,0.8214011811385667,False
FGSM,0.05,425,4,7,0.4921948802651398,0.22023809523809523,0.47911665152335925,False
FGSM,0.05,426,3,6,0.4810347809603444,0.11413043478260869,0.26371334160783816,False
FGSM,0.05,427,7,9,0.40621189868005997,0.30158730158730157,0.44526802794160364,False
FGSM,0.05,428,8,3,-0.16046363517111975,0.05115089514066496,-0.10008409381997398,False
FGSM,0.05,429,3,2,0.22527831915894125,0.1452513966480447,0.05258997226905285,False
FGSM,0.05,430,0,6,0.6702303131331053,0.6196078431372549,0.870687390936754,False
FGSM,0.05,431,5,2,0.20999252893330808,0.043256997455470736,0.01224982185389283,False
FGSM,0.05,432,7,2,0.5580218016480292,0.34868421052631576,0.6248935255984627,False
FGSM,0.05,433,6,2,0.7699562677901415,0.8721461187214612,0.8608829025830396,False
FGSM,0.05,436,8,3,-0.21842829187672044,0.0,-0.7910277187448815,False
FGSM,0.05,437,6,2,0.6797189391121687,0.4212328767123288,0.779392699794733,False
FGSM,0.05,438,8,3,0.39717113479011634,0.3183279742765273,0.5944475287938756,False
FGSM,0.05,439,5,3,0.6910908906748132,0.44876325088339225,0.7486494101015196,False
FGSM,0.05,440,5,6,0.46360320435043356,0.34868421052631576,0.6245887149752839,False
FGSM,0.05,441,9,1,0.5179137119612817,0.36212624584717606,0.7049911290505404,False
FGSM,0.05,442,9,1,0.6093063801155045,0.1844380403458213,0.6038385121027401,False
FGSM,0.05,444,0,2,0.11135439367939204,0.05128205128205128,-0.03881788161082551,False
FGSM,0.05,445,1,9,0.7513447393547501,0.5891472868217055,0.799038120016094,False
FGSM,0.05,446,0,3,0.3127414362045961,0.19533527696793002,0.3372174708322515,False
FGSM,0.05,447,8,4,-0.0959273855594199,0.0,0.08565623780523876,False
FGSM,0.05,448,1,8,0.5122448109750245,0.30990415335463256,0.49727808155317416,False
FGSM,0.05,449,1,8,0.5619653809633789,0.33766233766233766,0.6741031910102265,False
FGSM,0.05,450,0,8,0.7460809467779197,0.45907473309608543,0.8401572567596688,False
FGSM,0.05,451,2,3,0.7119126258412454,0.48014440433212996,0.8512644609282558,False
FGSM,0.05,452,0,4,-0.04530543814132199,0.07049608355091384,-0.115420862831551,False
FGSM,0.05,453,4,6,0.5157597362048412,0.29652996845425866,0.7112340847092834,False
FGSM,0.05,455,4,2,0.34500118403005986,0.23493975903614459,0.3489186086876306,False
FGSM,0.05,456,9,2,-0.20794385615885505,0.007352941176470588,-0.5309200001153792,False
FGSM,0.05,457,4,2,0.33142890852429807,0.25766871165644173,0.2669284884036865,False
FGSM,0.05,458,7,2,0.12813382984322258,0.04591836734693878,-0.1256333321222003,False
FGSM,0.05,459,9,3,-0.28182575340825633,0.019801980198019802,-0.179610746585985,False
FGSM,0.05,460,4,2,0.8230611450485223,0.5708812260536399,0.875158090056705,False
FGSM,0.05,461,5,6,0.14767649954196255,0.1388888888888889,0.16822024891897902,False
FGSM,0.05,462,6,4,0.19441334019723686,0.10904255319148937,0.04210101259987431,False
FGSM,0.05,463,6,8,0.7100050180996135,0.5708812260536399,0.7007167293519372,False
FGSM,0.05,464,1,9,0.7624926745651163,0.5471698113207547,0.8208549476396397,False
FGSM,0.05,465,5,3,0.8375722482888657,0.659919028340081,0.8935704262479987,False
FGSM,0.05,467,5,3,0.6473563322232562,0.5643939393939394,0.6728828761413672,False
FGSM,0.05,469,5,2,0.4828252809738035,0.3898305084745763,0.3448091095939468,False
FGSM,0.05,470,7,0,0.6607109349852665,0.2834890965732087,0.6774858752071072,False
FGSM,0.05,471,0,6,0.7245398818917529,0.5648854961832062,0.841912522018825,False
FGSM,0.05,472,7,2,-0.2576079127652062,0.01990049751243781,-0.5005834087049185,False
FGSM,0.05,473,0,1,0.7167998783775336,0.5222222222222223,0.8085709862024673,False
FGSM,0.05,474,5,6,0.4582866792852602,0.23123123123123124,0.3148576892336303,False
FGSM,0.05,475,0,6,0.5215030327072842,0.35313531353135313,0.5818831176178484,False
FGSM,0.05,476,0,8,0.5961840756281593,0.4041095890410959,0.5707283122660435,False
FGSM,0.05,477,4,2,-0.11307131472290301,0.017369727047146403,-0.2956145134136841,False
FGSM,0.05,478,6,2,0.7733685381203537,0.44876325088339225,0.7425373522483371,False
FGSM,0.05,479,9,6,0.26377873489848125,0.21176470588235294,0.1461023230968805,False
FGSM,0.05,480,9,6,0.2932837693838364,0.26153846153846155,0.2540919734779064,False
FGSM,0.05,481,5,2,0.438069637275863,0.3183279742765273,0.6696622326680275,False
FGSM,0.05,482,6,2,-0.37603416784853155,0.0,-0.5979554353266742,False
FGSM,0.05,483,6,2,0.5549643421118539,0.2732919254658385,0.6097309593450599,False
FGSM,0.05,485,2,6,0.6168993402929623,0.30990415335463256,0.7023545216245407,False
FGSM,0.05,486,0,8,0.43879918633621273,0.3279742765273312,0.486055677219139,False
FGSM,0.05,487,1,9,0.8662730265827574,0.7012448132780082,0.8576605082806772,False
FGSM,0.05,488,6,0,-0.24495491426743962,0.009852216748768473,-0.42838297750834636,False
FGSM,0.05,489,5,3,0.8732926381762917,0.759656652360515,0.8924998878297778,False
FGSM,0.05,490,9,2,0.3472436910767946,0.2893081761006289,0.3083845026963529,False
FGSM,0.05,491,1,8,0.35772402854770635,0.16147308781869688,0.3435813182871039,False
FGSM,0.05,492,6,2,0.7173072239380611,0.5953307392996109,0.504039899850598,False
FGSM,0.05,493,2,0,0.15229153454291644,0.17714285714285713,0.31521716835788355,False
FGSM,0.05,494,5,3,0.42015326497649236,0.24242424242424243,0.520747965124657,False
FGSM,0.05,495,5,2,-0.3004808311602654,0.0,-0.47321275220504055,False
FGSM,0.05,498,5,6,0.7182299959116488,0.4143835616438356,0.848252720615153,False
FGSM,0.05,499,9,1,0.5330864785985812,0.3047619047619048,0.4245504368943466,False
FGSM,0.05,500,4,2,0.238008781618159,0.12637362637362637,0.24830024907189444,False
FGSM,0.05,501,4,5,0.6841101718976261,0.38047138047138046,0.5763343223155962,False
FGSM,0.05,502,3,6,0.752845714762862,0.64,0.9101187257112433,False
FGSM,0.05,504,0,2,0.4333712126206904,0.18,0.4602018792316645,False
FGSM,0.05,506,2,6,0.14915046074827454,0.10133333333333333,0.04879369674821887,False
FGSM,0.05,507,2,6,0.7810290540243394,0.5018315018315018,0.8713030731508432,False
FGSM,0.05,508,3,5,0.3382818995146274,0.5364963503649635,0.8520679154142697,False
FGSM,0.05,509,9,1,0.5866952711418711,0.4186851211072664,0.73375626522199,False
FGSM,0.05,510,7,3,0.7491076818292619,0.7372881355932204,0.9088953975760335,False
FGSM,0.05,511,9,2,-0.015683538061330722,0.05398457583547558,-0.0692830937714017,False
FGSM,0.05,512,2,0,0.45827783534491706,0.2182890855457227,0.4199583045631406,False
FGSM,0.05,513,6,3,0.1867951394491705,0.23795180722891565,0.2923300211238149,False
FGSM,0.05,514,7,4,0.741217877715826,0.49635036496350365,0.7927696354265975,False
FGSM,0.05,515,1,6,0.6639889665499065,0.4236111111111111,0.8199410904884029,False
FGSM,0.05,516,3,6,0.692403762805215,0.4456140350877193,0.8569346789637418,False
FGSM,0.05,517,6,3,0.7389586584989709,0.5891472868217055,0.8631487723409624,False
FGSM,0.05,518,6,2,0.8446199579836702,0.5241635687732342,0.8865527349008768,False
FGSM,0.05,520,7,2,0.24716031546616643,0.19533527696793002,0.4441491300675738,False
FGSM,0.05,521,4,2,0.7593429065261246,0.5648854961832062,0.747486389238743,False
FGSM,0.05,522,0,3,-0.13136527911496773,0.022332506203473945,-0.3589542398965073,False
FGSM,0.05,523,8,6,0.7258234360559169,0.5073529411764706,0.8058287930011415,False
FGSM,0.05,524,4,3,0.5379666905208166,0.3183279742765273,0.466268180345666,False
FGSM,0.05,525,0,2,0.7797674401690797,0.6942148760330579,0.8929818202920768,False
FGSM,0.05,526,9,8,0.8025090544313721,0.6612903225806451,0.8403396271923357,False
FGSM,0.05,527,3,6,0.5966847192645197,0.2275449101796407,0.5120680441930721,False
FGSM,0.05,528,4,6,0.8210146889335423,0.6205533596837944,0.7969607252192771,False
FGSM,0.05,529,8,0,0.49475163859852517,0.36303630363036304,0.5296341317813146,False
FGSM,0.05,530,9,1,0.5304005463435741,0.7521367521367521,0.9296736439879746,False
FGSM,0.05,531,6,3,0.33462731950429336,0.2893081761006289,0.5808237801323044,False
FGSM,0.05,532,9,1,0.17004357065217426,0.07571801566579635,0.15767604896489631,False
FGSM,0.05,534,6,3,0.6247706167483751,0.2626865671641791,0.5730094959531317,False
FGSM,0.05,535,1,0,0.9085450575813739,0.8807339449541285,0.948511560768409,False
FGSM,0.05,536,7,4,0.6985023129378727,0.6872427983539094,0.8780849165866272,False
FGSM,0.05,537,3,2,0.24927618248924094,0.08877284595300261,0.26402363559098446,False
FGSM,0.05,539,3,6,0.651482297526397,0.4236111111111111,0.5880846569689255,False
FGSM,0.05,540,8,0,0.5000588777957252,0.43859649122807015,0.6406048587085734,False
FGSM,0.05,541,5,3,0.7635011989953955,0.4697508896797153,0.8067652863249957,False
FGSM,0.05,542,0,8,0.8485641886188081,0.6220472440944882,0.9339593108806865,False
FGSM,0.05,544,1,9,0.7524521771553881,0.5298507462686567,0.7596695380654539,False
FGSM,0.05,545,6,2,0.7899003544238192,0.4909090909090909,0.7299372716527659,False
FGSM,0.05,546,4,2,0.16778293836892158,0.1111111111111111,-0.05951552555968783,False
FGSM,0.05,547,3,0,-0.03667130564246943,0.014705882352941176,-0.37026269515158267,False
FGSM,0.05,548,3,6,0.48865920816756203,0.2826086956521739,0.7817398732965671,False
FGSM,0.05,550,6,2,0.886533343183571,0.8385650224215246,0.9106381681018636,False
FGSM,0.05,551,9,1,0.8268364151752383,0.8061674008810573,0.9476181745287413,False
FGSM,0.05,552,8,0,0.2845056314874143,0.15168539325842698,0.2447396786758099,False
FGSM,0.05,553,8,3,0.18257294534519186,0.19533527696793002,0.2688337268885141,False
FGSM,0.05,554,5,6,0.528942337131912,0.3898305084745763,0.4669066150938006,False
FGSM,0.05,555,8,9,0.1943933521686728,0.06770833333333333,0.16644618431455052,False
FGSM,0.05,556,6,3,-0.12902406747909384,0.059431524547803614,-0.1850747931261301,False
FGSM,0.05,557,6,0,0.5806415354827497,0.42857142857142855,0.7564104979760744,False
FGSM,0.05,558,2,0,0.43915793230290767,0.5355805243445693,0.5564737562901905,False
FGSM,0.05,559,1,9,0.5476889622686348,0.34868421052631576,0.4718436723532281,False
FGSM,0.05,560,7,4,0.28694917380151247,0.3268608414239482,0.4262918676288866,False
FGSM,0.05,561,7,2,0.42869772675816387,0.19883040935672514,0.32731897597403486,False
FGSM,0.05,562,1,9,0.5571468770834644,0.3464052287581699,0.5638175111877792,False
FGSM,0.05,563,2,0,0.24819783721029756,0.3141025641025641,0.3645890493974822,False
FGSM,0.05,564,7,4,0.05200756514980871,0.18786127167630057,0.12881867528454016,False
FGSM,0.05,565,9,1,0.7034330244710636,0.4748201438848921,0.7333204051189189,False
FGSM,0.05,566,9,1,0.7873571286495973,0.7372881355932204,0.9152397352044924,False
FGSM,0.05,567,4,2,-0.21336868490379857,0.03535353535353535,-0.4695688174422062,False
FGSM,0.05,569,1,6,0.17447152882714526,0.061696658097686374,0.2414521870494123,False
FGSM,0.05,570,2,8,0.9222407527929227,0.7154811715481172,0.9249806274874114,False
FGSM,0.05,571,5,2,0.7799593274145437,0.64,0.8146982044192387,False
FGSM,0.05,572,6,2,0.7821938178595707,0.4340277777777778,0.8366897272879275,False
FGSM,0.05,573,8,2,0.43712315305861843,0.5355805243445693,0.7100573630259157,False
FGSM,0.05,574,7,3,0.8366750175871792,0.4748201438848921,0.8779484433516656,False
FGSM,0.05,575,6,2,0.7755390102561761,0.6205533596837944,0.8709877806979385,False
FGSM,0.05,577,3,6,0.4269673010315774,0.25382262996941896,0.4674592534376645,False
FGSM,0.05,578,0,3,-0.11523584518763205,0.012345679012345678,-0.3427086512390816,False
FGSM,0.05,579,5,3,0.2897355752809572,0.30990415335463256,0.42235264926223326,False
FGSM,0.05,580,5,6,0.3354364846233408,0.3057324840764331,0.5275609879252227,False
FGSM,0.05,581,3,2,0.1496773097817731,0.21301775147928995,0.5208108607530006,False
FGSM,0.05,582,0,8,0.20809497555895032,0.19186046511627908,0.18799839576063354,False
FGSM,0.05,583,7,2,0.22595642779380593,0.24620060790273557,0.30272625360206107,False
FGSM,0.05,584,9,8,0.7488748959249117,0.5568181818181818,0.8190678127825977,False
FGSM,0.05,585,3,4,0.05940382107091756,0.11716621253405994,0.18123873718424116,False
FGSM,0.05,586,4,6,0.09307938823875965,0.20527859237536658,0.34310958736755,False
FGSM,0.05,587,5,6,0.7107879674205413,0.5072992700729927,0.7869843496506735,False
FGSM,0.05,589,9,6,0.06433307186133137,0.08465608465608465,0.09736781301379949,False
FGSM,0.05,590,6,2,0.43414216819694595,0.18155619596541786,0.4652005196936625,False
FGSM,0.05,591,9,1,0.16016224486207842,0.20588235294117646,0.494927462010085,False
FGSM,0.05,593,1,8,0.610267630865048,0.30158730158730157,0.5721022185094217,False
FGSM,0.05,594,1,6,0.3181924039937882,0.20943952802359883,0.1424307465195419,False
FGSM,0.05,595,4,6,0.6525309376154073,0.5183823529411765,0.7939781514978284,False
FGSM,0.05,596,1,9,0.6694266569591265,0.5992217898832685,0.8727363357310524,False
FGSM,0.05,597,9,2,0.5232591936698862,0.5185185185185185,0.5227893804287538,False
FGSM,0.05,598,4,2,0.30289031946897294,0.17663817663817663,0.284042034519019,False
FGSM,0.05,599,7,5,0.5321482830107785,0.4421052631578947,0.6919498378474589,False
FGSM,0.05,600,3,9,-0.06653544663344528,0.03535353535353535,-0.1613808275293545,False
FGSM,0.05,602,9,1,0.7247436778873382,0.48014440433212996,0.6664555120225556,False
FGSM,0.05,603,0,8,0.38680496740088793,0.14804469273743018,0.33627822906525057,False
FGSM,0.05,604,1,9,0.8171587312627121,0.6465863453815262,0.843511728772983,False
FGSM,0.05,605,3,2,0.39684641586007696,0.3712374581939799,0.4938756270706526,False
FGSM,0.05,606,6,8,0.5654487439717811,0.3872053872053872,0.5272289342145595,False
FGSM,0.05,607,3,2,-0.025692703076286107,0.15426997245179064,0.042730767175198026,False
FGSM,0.05,608,3,8,0.567286299614266,0.27384615384615385,0.5725887394815434,False
FGSM,0.05,609,2,6,0.13728147473339777,0.06201550387596899,-0.14390148081017465,False
FGSM,0.05,611,3,2,0.15264156959281364,0.5073529411764706,0.6461678854672726,False
FGSM,0.05,612,1,6,0.6012691412170654,0.30990415335463256,0.6217564928020402,False
FGSM,0.05,613,0,8,0.1874484404831637,0.059278350515463915,-0.027991118076661468,False
FGSM,0.05,616,6,3,0.597792585327334,0.2974683544303797,0.6421608249134475,False
FGSM,0.05,617,4,3,0.31935146323361463,0.13259668508287292,0.20292317611762473,False
FGSM,0.05,618,8,9,-0.13903375328743617,0.0,-0.48647380144561353,False
FGSM,0.05,619,9,6,0.12628349022679417,0.09308510638297872,0.1567460071093154,False
FGSM,0.05,621,9,2,0.2773136846120497,0.17478510028653296,0.3067280145123046,False
FGSM,0.05,623,3,6,0.7683080654500394,0.55893536121673,0.8051043798954135,False
FGSM,0.05,624,3,2,0.8108629339468285,0.7672413793103449,0.8282653951877416,False
FGSM,0.05,625,2,0,0.3190291881904713,0.03007518796992481,0.08856889890573617,False
FGSM,0.05,627,7,5,0.7625895133737982,0.5953307392996109,0.889045259796169,False
FGSM,0.05,629,3,6,0.19695452249818343,0.1532033426183844,0.16993805612346116,False
FGSM,0.05,630,8,4,-0.00678765028405152,0.056265984654731455,-0.28530376356273457,False
FGSM,0.05,631,2,6,-0.07074731481592199,0.06493506493506493,-0.21098342887741972,False
FGSM,0.05,632,7,2,0.4554780948960178,0.29652996845425866,0.5550672694271547,False
FGSM,0.05,633,5,2,0.19429728982590563,0.12947658402203857,0.061069091743146085,False
FGSM,0.05,634,7,4,0.6035121139879449,0.4626334519572954,0.7020507038361898,False
FGSM,0.05,635,2,8,0.5934370739438699,0.3057324840764331,0.7293091371028363,False
FGSM,0.05,638,7,2,0.5616903697600666,0.4748201438848921,0.5272049484379469,False
FGSM,0.05,639,4,2,0.9086673239455421,0.7869565217391304,0.9766248349346709,False
FGSM,0.05,640,2,8,0.16804106935229118,0.11716621253405994,0.10415657364435713,False
FGSM,0.05,641,9,6,0.618090543242243,0.5222222222222223,0.800231301474767,False
FGSM,0.05,642,8,0,0.4029060574314089,0.649402390438247,0.85375029319913,False
FGSM,0.05,643,8,2,0.4540076345396484,0.2974683544303797,0.3368337122145567,False
FGSM,0.05,644,6,2,0.3718512364429492,0.3183279742765273,0.5651040790971295,False
FGSM,0.05,646,8,0,0.2422710536166212,0.10215053763440861,0.4855635727182512,False
FGSM,0.05,647,7,6,0.4753636165055818,0.49635036496350365,0.7575181638024452,False
FGSM,0.05,648,4,2,0.40826552290096224,0.19186046511627908,0.15334082626501574,False
FGSM,0.05,649,3,2,0.421681862364085,0.13573407202216067,0.5782892392153532,False
FGSM,0.05,650,3,6,0.7924346736740436,0.7521367521367521,0.8792452795213683,False
FGSM,0.05,651,8,9,0.6484268050664371,0.2772585669781931,0.5761432059638392,False
FGSM,0.05,652,4,7,0.750811544590018,0.7372881355932204,0.8814537335657707,False
FGSM,0.05,653,9,6,0.7389537616999345,0.5703422053231939,0.8008029671692207,False
FGSM,0.05,654,4,6,0.7850578657004255,0.7672413793103449,0.8886276038189764,False
FGSM,0.05,656,8,6,0.6239022280943901,0.40893470790378006,0.7150707155721683,False
FGSM,0.05,657,1,9,0.22876544528750895,0.09042553191489362,0.1879107850863463,False
FGSM,0.05,658,8,3,-0.09736792098383967,0.06030150753768844,-0.4357120206648404,False
FGSM,0.05,661,6,2,0.6871751142044403,0.5072992700729927,0.8628328368457914,False
FGSM,0.05,662,5,2,0.3505236155925833,0.2852664576802508,0.2946855487179739,False
FGSM,0.05,663,4,5,0.4278559479170159,0.4236111111111111,0.6891298949445268,False
FGSM,0.05,665,9,1,0.5831931405101446,0.2974683544303797,0.5941764440348303,False
FGSM,0.05,668,1,8,-0.24576076164830954,0.004901960784313725,-0.40052060277998447,False
FGSM,0.05,669,4,8,0.19615342189369192,0.25688073394495414,0.1157343807970209,False
FGSM,0.05,670,1,8,0.7489578413760521,0.61328125,0.7537117296306758,False
FGSM,0.05,673,7,2,0.7873772423626226,0.7095435684647303,0.9183374482215394,False
FGSM,0.05,674,0,8,0.3198416476418986,0.32051282051282054,0.4038750193940001,False
FGSM,0.05,675,7,5,0.8917646867019184,0.6942148760330579,0.9498732234737448,False
FGSM,0.05,676,9,6,0.32750364915311647,0.36212624584717606,0.6311859711813257,False
FGSM,0.05,678,6,8,0.6364010550627125,0.3993174061433447,0.5818246467416559,False
FGSM,0.05,679,2,4,0.3613168906126245,0.31528662420382164,0.5012932002855013,False
FGSM,0.05,680,5,3,0.8164136723488481,0.6334661354581673,0.8616934378231202,False
FGSM,0.05,683,9,6,0.528829595242481,0.4748201438848921,0.5609314620110782,False
FGSM,0.05,684,1,9,0.6183701528418126,0.42560553633217996,0.6570591189674103,False
FGSM,0.05,685,2,3,0.7488836977719027,0.6666666666666666,0.8630978465365061,False
FGSM,0.05,686,2,6,0.6919828265596776,0.5769230769230769,0.8305995945210932,False
FGSM,0.05,687,6,2,-0.29455331111777666,0.10160427807486631,-0.06545933249902212,False
FGSM,0.05,688,8,3,0.6967867799433907,0.5241635687732342,0.8501254816331806,False
FGSM,0.05,690,1,9,0.735685751183763,0.5648854961832062,0.7978839573935992,False
FGSM,0.05,691,3,2,0.6034385561088883,0.48014440433212996,0.6062806559889449,False
FGSM,0.05,692,6,4,0.6713230320467398,0.4748201438848921,0.6039184096157845,False
FGSM,0.05,693,6,2,0.44369186944784267,0.25766871165644173,0.4935755198164149,False
FGSM,0.05,694,0,4,-0.24930564968694072,0.012254901960784314,-0.2790880518686051,False
FGSM,0.05,695,1,9,0.1369480108505579,0.13172043010752688,0.47551057751602327,False
FGSM,0.05,696,2,3,0.7943044612569922,0.55893536121673,0.862975130424672,False
FGSM,0.05,697,7,4,0.509599803990751,0.29337539432176657,0.3396375878260645,False
FGSM,0.05,698,0,2,0.08756077481528811,0.07049608355091384,0.14507008377350672,False
FGSM,0.05,700,4,0,0.42281206487178574,0.2974683544303797,0.45259865241335584,False
FGSM,0.05,702,1,6,0.7872494872240625,0.5708812260536399,0.7767549432428668,False
FGSM,0.05,703,6,2,0.571479623976092,0.3993174061433447,0.5678832768115606,False
FGSM,0.05,704,4,6,0.08134440099048769,0.043256997455470736,-0.3666925395417176,False
FGSM,0.05,705,0,2,0.5412158050077358,0.45907473309608543,0.5364135785916903,False
FGSM,0.05,706,2,6,-0.15257039927963936,0.11716621253405994,-0.0707989437237457,False
FGSM,0.05,708,6,2,0.23092994052564075,0.07049608355091384,0.06040067476742067,False
FGSM,0.05,709,0,2,0.28993598447241903,0.3838383838383838,0.6514784429100704,False
FGSM,0.05,711,9,1,0.64548771706728,0.4642857142857143,0.656102220799662,False
FGSM,0.05,713,7,3,0.7633853728205142,0.7125,0.8737300968821862,False
FGSM,0.05,714,6,3,0.3954560660079298,0.3898305084745763,0.4457183167861735,False
FGSM,0.05,715,7,2,0.10910603732229542,0.10810810810810811,-0.24470359662739977,False
FGSM,0.05,716,3,6,0.21122946976567844,0.17329545454545456,0.35130456179802716,False
FGSM,0.05,717,9,0,0.6176555684916455,0.29337539432176657,0.5529663944010992,False
FGSM,0.05,718,6,2,0.6522007294470367,0.45390070921985815,0.6054231616386943,False
FGSM,0.05,719,8,2,-0.25538074015786105,0.022277227722772276,-0.542854776831308,False
FGSM,0.05,720,3,0,0.15988090939014893,0.25,0.310448693594709,False
FGSM,0.05,721,3,4,0.2762383938930515,0.0678391959798995,0.11525599993890116,False
FGSM,0.05,722,7,2,0.6183068303848732,0.49635036496350365,0.7781986993362492,False
FGSM,0.05,723,7,6,0.04295213149866491,0.1452513966480447,0.023801474734775414,False
FGSM,0.05,725,4,3,0.28588531416401364,0.18497109826589594,0.5353709521976767,False
FGSM,0.05,726,7,6,0.45438223637240255,0.45907473309608543,0.578617357976356,False
FGSM,0.05,727,2,6,0.16263263058155009,0.20234604105571846,0.2572066144648274,False
FGSM,0.05,728,7,5,0.6124663472054361,0.6205533596837944,0.7978300100020133,False
FGSM,0.05,729,1,9,0.5197494632313744,0.30158730158730157,0.5919225849073505,False
FGSM,0.05,730,4,2,0.8080526957585967,0.782608695652174,0.9404992632963326,False
FGSM,0.05,731,7,3,0.5870003232218535,0.2732919254658385,0.6245802469276694,False
FGSM,0.05,732,4,2,0.43705344773875826,0.2974683544303797,0.6757280670311165,False
FGSM,0.05,733,4,2,0.6305965435141477,0.673469387755102,0.6480138060690969,False
FGSM,0.05,734,8,3,0.17811888576690665,0.06459948320413436,-0.03558149643533244,False
FGSM,0.05,735,4,2,0.8988505113847862,0.729957805907173,0.9437993331848125,False
FGSM,0.05,736,7,2,-0.017328891422346056,0.07591623036649214,-0.09221874786193089,False
FGSM,0.05,737,7,2,0.005635437910518569,0.18155619596541786,0.10637367669463309,False
FGSM,0.05,739,7,4,0.6691534232855196,0.3225806451612903,0.6935546250441468,False
FGSM,0.05,741,0,2,0.18047337446008918,0.14763231197771587,0.20407725744028055,False
FGSM,0.05,743,9,6,0.7305742991459969,0.6465863453815262,0.638818842140858,False
FGSM,0.05,744,5,6,0.10800498629809624,0.1111111111111111,-0.1082029099158306,False
FGSM,0.05,745,8,4,-0.1702613446795376,0.022443890274314215,-0.49802127158106857,False
FGSM,0.05,746,3,6,0.1201332608603727,0.01485148514851485,-0.1783713135964694,False
FGSM,0.05,747,6,2,0.414630498582106,0.4241379310344828,0.5782980849145921,False
FGSM,0.05,749,0,2,-0.26124694517715635,0.09549071618037135,-0.3207831593010694,False
FGSM,0.05,752,3,6,0.6594328349717953,0.44876325088339225,0.7917805125388767,False
FGSM,0.05,753,6,3,0.4967294264992578,0.4186851211072664,0.5693234073459384,False
FGSM,0.05,754,5,4,0.7314893580179596,0.5648854961832062,0.8647845560285581,False
FGSM,0.05,755,3,2,0.09767802667687991,0.14402173913043478,-0.1313116350229609,False
FGSM,0.05,756,1,0,0.568644539959737,0.4642857142857143,0.7735644443804527,False
FGSM,0.05,757,3,6,0.44202314383355823,0.21893491124260356,0.5791890953642154,False
FGSM,0.05,758,2,3,0.46379218170942516,0.5355805243445693,0.7162409949942399,False
FGSM,0.05,759,2,5,0.34047092557140796,0.24242424242424243,0.29843849610809864,False
FGSM,0.05,760,5,2,0.5923980393794162,0.7037037037037037,0.6519482111587318,False
FGSM,0.05,761,4,3,0.5148410666492883,0.21301775147928995,0.4621147935674955,False
FGSM,0.05,762,1,0,0.5801806717376726,0.64,0.8880743354573293,False
FGSM,0.05,763,2,3,0.811179145101524,0.6872427983539094,0.884222224320446,False
FGSM,0.05,764,9,2,0.5064519421438916,0.20588235294117646,0.5379684921282124,False
FGSM,0.05,766,7,5,0.788574722590002,0.7521367521367521,0.945310020891979,False
FGSM,0.05,767,0,8,0.564723327253069,0.4456140350877193,0.7025593203498178,False
FGSM,0.05,768,7,5,0.7172273640443719,0.7226890756302521,0.7957829314950141,False
FGSM,0.05,769,2,0,0.230336447629383,0.19533527696793002,0.46842513854480344,False
FGSM,0.05,770,1,2,-0.09074628760538081,0.03015075376884422,-0.4133699763654332,False
FGSM,0.05,771,3,2,-0.057763499602978184,0.0,-0.0562650592717007,False
FGSM,0.05,772,2,3,0.3971155699243984,0.26380368098159507,0.6918566370846816,False
FGSM,0.05,773,2,6,0.3680940737051286,0.2852664576802508,0.5615134279794173,False
FGSM,0.05,774,4,3,0.5493825958889221,0.31528662420382164,0.49912369256473893,False
FGSM,0.05,775,7,2,0.45534964927889615,0.2654320987654321,0.42444728968823164,False
FGSM,0.05,776,9,1,0.5271563293791539,0.3409090909090909,0.7098835298372627,False
FGSM,0.05,777,8,2,0.6211579736300121,0.5241635687732342,0.5793498973264041,False
FGSM,0.05,779,0,2,0.4090036226573577,0.22388059701492538,0.4568817913060094,False
FGSM,0.05,780,7,8,0.5366095421083558,0.3898305084745763,0.5457398934034942,False
FGSM,0.05,781,7,4,0.33401477012401665,0.44366197183098594,0.5684037932107204,False
FGSM,0.05,782,0,3,0.5730175955142528,0.4041095890410959,0.6837457479355646,False
FGSM,0.05,783,8,0,0.16413978205256016,0.15126050420168066,0.06341565280879037,False
FGSM,0.05,784,4,2,0.7054938839076186,0.5298507462686567,0.731354720613198,False
FGSM,0.05,785,6,2,0.44989460955522736,0.15126050420168066,0.26697614088593746,False
FGSM,0.05,786,3,2,0.18989511772703666,0.16477272727272727,0.23002478818406327,False
FGSM,0.05,787,3,5,0.6528052430677079,0.6666666666666666,0.8415296879597827,False
FGSM,0.05,788,0,3,0.10671003370217051,0.16147308781869688,0.3261015753144729,False
FGSM,0.05,789,1,9,0.5904561990353926,0.38513513513513514,0.6530795342944484,False
FGSM,0.05,790,3,6,0.687861635482983,0.42857142857142855,0.8042432793683,False
FGSM,0.05,791,7,6,0.6109178607795007,0.46953405017921146,0.6583062746011545,False
FGSM,0.05,792,0,2,0.22295057266322377,0.1232876712328767,0.01784654534570935,False
FGSM,0.05,793,1,9,0.1556132220590349,0.043256997455470736,-0.11334158243195479,False
FGSM,0.05,794,3,6,0.6926697207361283,0.43859649122807015,0.7897676214463094,False
FGSM,0.05,795,1,8,0.224491341896982,0.09893048128342247,0.29967456245967933,False
FGSM,0.05,797,2,6,0.7027123087229064,0.6506024096385542,0.9109405431924553,False
FGSM,0.05,798,3,8,0.4292114800694343,0.3442622950819672,0.6143625309781622,False
FGSM,0.05,799,8,3,-0.12832524988331398,0.007281553398058253,-0.16539866869134426,False
FGSM,0.05,800,4,2,0.2896885616782661,0.15126050420168066,0.13879019630845002,False
FGSM,0.05,801,2,3,0.876955529818168,0.6872427983539094,0.9166962076066943,False
FGSM,0.05,802,3,2,0.055320949673486636,0.10455764075067024,0.23762415139168805,False
FGSM,0.05,803,7,2,0.2904852031152861,0.1907514450867052,0.4649074007290376,False
FGSM,0.05,804,8,3,-0.15278333562141946,0.0024449877750611247,-0.4805772798240286,False
FGSM,0.05,807,0,8,0.19066129183946398,0.14127423822714683,0.0832573793878223,False
FGSM,0.05,808,9,6,0.009474003785455955,0.08136482939632546,-0.05759550851477922,False
FGSM,0.05,809,0,8,0.030176595908716408,0.05128205128205128,-0.4790313357744205,False
FGSM,0.05,810,0,6,0.30949358147973355,0.25,0.5175526210435228,False
FGSM,0.05,811,1,8,0.7414895911203675,0.6666666666666666,0.8175777020406686,False
FGSM,0.05,812,4,6,0.7460297547809823,0.673469387755102,0.8735914060213062,False
FGSM,0.05,813,4,6,0.8906491275369768,0.7982456140350878,0.9352489061200213,False
FGSM,0.05,814,6,2,0.7936312949075501,0.7226890756302521,0.8144990056757693,False
FGSM,0.05,815,7,3,0.5441930503618887,0.38047138047138046,0.745623506066825,False
FGSM,0.05,817,1,9,0.7935336536380666,0.5703422053231939,0.8317003125395355,False
FGSM,0.05,818,1,9,0.7100481453066494,0.553030303030303,0.7765678757560028,False
FGSM,0.05,819,3,2,0.10889573934968987,0.06443298969072164,-0.19076293515846995,False
FGSM,0.05,820,7,2,0.6760545766790302,0.48736462093862815,0.6518696036472572,False
FGSM,0.05,822,5,3,0.5434871406560301,0.5129151291512916,0.6944546057802623,False
FGSM,0.05,823,2,6,0.7830574430260785,0.48014440433212996,0.8348913711817008,False
FGSM,0.05,824,6,2,0.07351726857420421,0.043256997455470736,-0.2398202469486786,False
FGSM,0.05,825,6,2,0.7129374187351507,0.5891472868217055,0.7562326118767021,False
FGSM,0.05,826,5,6,0.4521975947734101,0.22388059701492538,0.34455380691472715,False
FGSM,0.05,827,8,3,0.055787807632618994,0.012345679012345678,-0.4157563455791313,False
FGSM,0.05,829,1,8,0.7824184711741493,0.553030303030303,0.8581972839653507,False
FGSM,0.05,830,6,2,0.20434497674729415,0.13573407202216067,0.2739997021766006,False
FGSM,0.05,834,3,6,0.5464192977252268,0.4236111111111111,0.739126482016543,False
FGSM,0.05,835,0,6,0.6136575819471212,0.680327868852459,0.5209350629333825,False
FGSM,0.05,836,4,2,0.4257495584664807,0.17478510028653296,0.3821880781584446,False
FGSM,0.05,837,0,2,-0.13158562862656642,0.012345679012345678,-0.6205313144072845,False
FGSM,0.05,838,1,9,0.7260228318956848,0.44876325088339225,0.7678990223751623,False
FGSM,0.05,840,8,3,0.6269815454864668,0.41237113402061853,0.6778294034503506,False
FGSM,0.05,842,0,2,-0.015721290829018332,0.07049608355091384,-0.09844135704203774,False
FGSM,0.05,843,6,2,0.005053096991602922,0.09523809523809523,-0.03493846737517069,False
FGSM,0.05,845,9,1,0.5366144805467395,0.4697508896797153,0.855956629933357,False
FGSM,0.05,847,5,0,0.012063890460526716,0.05398457583547558,-0.15013471267378434,False
FGSM,0.05,848,8,6,0.6887857123014941,0.5769230769230769,0.6671008834618093,False
FGSM,0.05,849,0,2,0.556035791231683,0.3057324840764331,0.5959844816294383,False
FGSM,0.05,850,0,3,0.23222607956474547,0.23493975903614459,0.44127373954557453,False
FGSM,0.05,851,4,2,0.8093794141648084,0.55893536121673,0.9009395544449117,False
FGSM,0.05,852,2,6,0.39666935875350556,0.2166172106824926,0.5983016438461947,False
FGSM,0.05,853,3,2,0.32788496212986007,0.29559748427672955,0.49434227839441847,False
FGSM,0.05,855,7,4,0.31061023061404597,0.2654320987654321,0.48432232106044204,False
FGSM,0.05,856,2,3,0.8624075412662071,0.6942148760330579,0.8757366474326537,False
FGSM,0.05,857,2,3,0.6665613781330149,0.45907473309608543,0.644348399617753,False
FGSM,0.05,858,5,3,0.16922573151870257,0.23123123123123124,0.255227827133377,False
FGSM,0.05,859,9,8,0.5695094846921956,0.4697508896797153,0.7177029256832858,False
FGSM,0.05,860,8,0,0.28308867082559164,0.36666666666666664,0.6691545244465693,False
FGSM,0.05,861,9,1,0.6957360520688872,0.3687707641196013,0.6842851103816022,False
FGSM,0.05,862,1,9,0.6752762327290321,0.45390070921985815,0.7805947564853406,False
FGSM,0.05,863,7,5,0.5190967959963191,0.48014440433212996,0.7987888950041188,False
FGSM,0.05,865,0,8,0.7335915366220757,0.5945945945945946,0.9005211774278309,False
FGSM,0.05,866,0,2,0.578435984223333,0.310126582278481,0.785931222413933,False
FGSM,0.05,867,1,9,0.5458143107212815,0.422680412371134,0.8139965619874348,False
FGSM,0.05,868,8,1,0.845128375485804,0.4855072463768116,0.9322690835163717,False
FGSM,0.05,870,9,1,0.5575080483622138,0.659919028340081,0.8898113120959205,False
FGSM,0.05,871,6,0,0.08708152735361983,0.012345679012345678,-0.04385001867159831,False
FGSM,0.05,872,4,7,0.7244135728271226,0.5091575091575091,0.7826959210944561,False
FGSM,0.05,873,7,5,0.34074139560727107,0.3712374581939799,0.6843641168414797,False
FGSM,0.05,874,0,2,0.1170503590974342,0.05063291139240506,0.09136039618186527,False
FGSM,0.05,875,3,6,-0.17311917816529176,0.0327455919395466,-0.3467801054249089,False
FGSM,0.05,876,7,0,0.41997080578392226,0.3028391167192429,0.44169497864945156,False
FGSM,0.05,877,8,1,0.3840003741461475,0.31528662420382164,0.5995195043403373,False
FGSM,0.05,878,9,1,0.5390067099147207,0.29559748427672955,0.49158541206461914,False
FGSM,0.05,879,1,6,0.5129028165150853,0.3225806451612903,0.48599974288345177,False
FGSM,0.05,880,1,8,0.17015647076169502,0.11413043478260869,0.11755337094747954,False
FGSM,0.05,881,6,2,0.3626476557850948,0.20588235294117646,0.3681989576609195,False
FGSM,0.05,882,6,2,0.25677140995676867,0.15168539325842698,0.16986510830685664,False
FGSM,0.05,883,6,3,-0.1778955026188319,0.0,-0.6287869631230351,False
FGSM,0.05,885,9,0,0.5284168101708024,0.3173076923076923,0.6612151600559579,False
FGSM,0.05,886,1,9,0.3173678379454898,0.2153392330383481,0.32010821793751965,False
FGSM,0.05,887,9,1,0.39771414930375676,0.3355048859934853,0.623712747935258,False
FGSM,0.05,888,9,1,0.40989929782313217,0.06217616580310881,0.2976138760780918,False
FGSM,0.05,889,4,2,0.5723448033808295,0.2654320987654321,0.6759670921356441,False
FGSM,0.05,890,2,3,0.38328649661573994,0.14206128133704735,0.6454293515637184,False
FGSM,0.05,891,1,9,0.7453473846609953,0.5298507462686567,0.7406206757878928,False
FGSM,0.05,892,7,0,0.5534155686219229,0.36666666666666664,0.7149882287247412,False
FGSM,0.05,893,0,8,0.5395675799344424,0.2607361963190184,0.4612586919568546,False
FGSM,0.05,894,6,2,0.7268616898789914,0.626984126984127,0.883887187335228,False
FGSM,0.05,895,8,0,0.338503528956613,0.33766233766233766,0.5872613374728016,False
FGSM,0.05,897,9,1,0.639844631511696,0.5241635687732342,0.6522895852636696,False
FGSM,0.05,898,2,6,0.6503607507563642,0.35855263157894735,0.661513869867784,False
FGSM,0.05,899,9,6,0.2031816943357459,0.20234604105571846,0.26834184510516157,False
FGSM,0.05,900,0,6,-0.033999787582165646,0.0,-0.47102385407494124,False
FGSM,0.05,901,4,2,0.14877448761386222,0.13573407202216067,0.06958379605757306,False
FGSM,0.05,902,7,5,0.5715794593392673,0.2852664576802508,0.49417306121865506,False
FGSM,0.05,904,3,2,0.7666526304877544,0.5471698113207547,0.8535483388709659,False
FGSM,0.05,905,1,9,0.2253385249499649,0.09042553191489362,0.2983062492530817,False
FGSM,0.05,906,2,0,0.2715781727905961,0.30990415335463256,0.47995657661426344,False
FGSM,0.05,907,0,8,0.44143053844206714,0.31210191082802546,0.5268041234129603,False
FGSM,0.05,908,1,6,0.2545961146893878,0.15126050420168066,0.2454467161627143,False
FGSM,0.05,909,5,6,0.35797868787781845,0.11716621253405994,0.5905237883836056,False
FGSM,0.05,911,4,6,0.5834994013724331,0.6546184738955824,0.7520883994118234,False
FGSM,0.05,912,3,2,0.40550487793392376,0.43859649122807015,0.600791664219883,False
FGSM,0.05,913,8,0,0.6748889116529884,0.7903930131004366,0.9266488084834832,False
FGSM,0.05,914,1,9,0.355298237854008,0.08443271767810026,0.3629589123716193,False
FGSM,0.05,915,3,2,0.3977152325341081,0.15819209039548024,0.4162706850685062,False
FGSM,0.05,917,5,3,0.7419609626060759,0.4909090909090909,0.8462826214451252,False
FGSM,0.05,919,8,6,0.4451770697985426,0.42214532871972316,0.5874669786717462,False
FGSM,0.05,920,4,6,-0.15970549424574643,0.0,-0.3201687136837024,False
FGSM,0.05,921,8,0,0.22153965426332434,0.23493975903614459,0.4547701499127467,False
FGSM,0.05,922,1,9,0.22793428403603158,0.34868421052631576,0.5969818231014583,False
FGSM,0.05,923,1,9,0.8365197762758774,0.6078431372549019,0.7578313279849468,False
FGSM,0.05,924,8,0,0.5037441140222612,0.45390070921985815,0.8332873500772556,False
FGSM,0.05,925,9,6,0.6512465714807649,0.5708812260536399,0.7350527029799073,False
FGSM,0.05,926,6,8,0.5661965655355808,0.3057324840764331,0.536504939391901,False
FGSM,0.05,927,0,3,0.41177368579233375,0.3576158940397351,0.434642987325542,False
FGSM,0.05,928,8,3,0.13498156419352883,0.24242424242424243,0.2590490186138405,False
FGSM,0.05,929,6,2,0.6604161548411706,0.41379310344827586,0.5497675092731948,False
FGSM,0.05,930,1,9,0.6105836349940368,0.5018315018315018,0.7656287251368142,False
FGSM,0.05,931,3,6,0.7315976300802751,0.5073529411764706,0.6830519499903287,False
FGSM,0.05,932,4,2,0.4468085364308229,0.15819209039548024,0.6510106518135298,False
FGSM,0.05,933,1,9,0.5375394575890586,0.36666666666666664,0.7571797452391473,False
FGSM,0.05,934,0,2,0.10847920755037388,0.24620060790273557,0.41980480085653693,False
FGSM,0.05,936,1,6,0.5627997004449059,0.3268608414239482,0.6568426018031386,False
FGSM,0.05,937,0,8,0.7381735147864243,0.5355805243445693,0.8640494845921168,False
FGSM,0.05,938,0,8,-0.003938173487219001,0.09919571045576407,0.013395661269771859,False
FGSM,0.05,940,5,6,0.40769073007075446,0.3225806451612903,0.6359962522953252,False
FGSM,0.05,941,0,6,0.22939479084020362,0.1936416184971098,0.2722154361609242,False
FGSM,0.05,942,0,6,0.003966389080717403,0.10133333333333333,0.18565783657170457,False
FGSM,0.05,943,6,2,0.3566192843446359,0.1839080459770115,0.22109523399393977,False
FGSM,0.05,944,6,2,0.7193176558560873,0.37583892617449666,0.6929066882733932,False
FGSM,0.05,946,3,0,0.3394847240972077,0.3198757763975155,0.6061874512302692,False
FGSM,0.05,947,6,2,0.07547789141683861,0.01990049751243781,0.0017295028857171105,False
FGSM,0.05,948,3,6,0.3632394576985279,0.1867816091954023,0.07279450901105983,False
FGSM,0.05,950,6,2,0.6665720414448784,0.7947598253275109,0.8646399118725216,False
FGSM,0.05,951,0,1,0.6378827669558572,0.5129151291512916,0.763707634115582,False
FGSM,0.05,952,7,9,-0.03560614785253176,0.03015075376884422,-0.2415711519655451,False
FGSM,0.05,953,2,3,0.6864380842831107,0.49635036496350365,0.7171623585839988,False
FGSM,0.05,956,2,4,-0.26621981046391413,0.041666666666666664,-0.45738608476300435,False
FGSM,0.05,958,5,6,0.8543464977448508,0.8552036199095022,0.8731698800609548,False
FGSM,0.05,960,1,0,0.617685619875487,0.35313531353135313,0.701471877831441,False
FGSM,0.05,961,1,9,0.38086110440815785,0.18155619596541786,0.4205202269081852,False
FGSM,0.05,964,2,6,0.37001173950324645,0.10512129380053908,0.06582188180399925,False
FGSM,0.05,965,3,6,0.35945096300815343,0.29337539432176657,0.162020889266308,False
FGSM,0.05,966,1,9,0.7252590656500949,0.626984126984127,0.8138496280271142,False
FGSM,0.05,967,5,2,0.8281779314815645,0.6078431372549019,0.8581035952756093,False
FGSM,0.05,968,3,4,0.31127048298772,0.09283819628647215,0.10397190073760766,False
FGSM,0.05,969,7,6,0.6368664143126205,0.5315985130111525,0.6345761136658163,False
FGSM,0.05,970,6,1,0.4629474253857961,0.2852664576802508,0.5124124948630805,False
FGSM,0.05,972,9,6,0.43113350284994667,0.36212624584717606,0.5712945667731416,False
FGSM,0.05,973,1,6,0.5236700885431819,0.34868421052631576,0.6075001054129755,False
FGSM,0.05,975,4,6,0.35833275792279873,0.2654320987654321,0.43824918011425473,False
FGSM,0.05,976,9,6,0.557854360876602,0.5036496350364964,0.8182487311451996,False
FGSM,0.05,977,3,2,0.038570916945405424,0.17045454545454544,0.0713621470951522,False
FGSM,0.05,978,9,1,0.41172247659139466,0.24924012158054712,0.18465130004546476,False
FGSM,0.05,979,0,8,0.7623774971173712,0.5648854961832062,0.8768593899630188,False
FGSM,0.05,980,9,0,0.8442689081180025,0.729957805907173,0.9404868567962793,False
FGSM,0.05,981,6,3,0.22491643570408987,0.096,0.1410598440749574,False
FGSM,0.05,982,3,2,0.4715511004689161,0.38047138047138046,0.3995706898125355,False
FGSM,0.05,984,7,4,0.31378396380327933,0.3442622950819672,0.5397870681464044,False
FGSM,0.05,986,8,2,0.43996598695703787,0.29595015576323985,0.43618688973194414,False
FGSM,0.05,987,0,8,0.5693290192407753,0.34527687296416937,0.7139764680204204,False
FGSM,0.05,989,6,3,0.6088365896345949,0.44366197183098594,0.5781166389951143,False
FGSM,0.05,990,6,2,0.842755347534397,0.45907473309608543,0.8642648861413444,False
FGSM,0.05,991,9,1,0.48252784656415854,0.1873198847262248,0.716034734805254,False
FGSM,0.05,992,4,2,0.3573589605672255,0.37,0.5358706634577214,False
FGSM,0.05,993,6,3,0.41497300233975737,0.20234604105571846,0.5036790659832252,False
FGSM,0.05,994,3,5,0.6841293182086265,0.5953307392996109,0.8929437737052096,False
FGSM,0.05,995,6,3,0.7141911583208994,0.6141732283464567,0.8657539214639628,False
FGSM,0.05,996,0,2,-0.12503832702623724,0.022332506203473945,-0.44668709004430185,False
FGSM,0.05,997,8,0,0.6429256732191907,0.45936395759717313,0.7074531303654874,False
FGSM,0.05,998,6,3,0.3333453161396295,0.11956521739130435,0.3062800863218179,False
FGSM,0.05,999,0,3,0.153354554969236,0.10810810810810811,0.12698125558617873,False
PGD,0.01,0,3,8,0.4146850979253209,0.16147308781869688,0.3469059885658357,False
PGD,0.01,1,8,1,0.731232977878666,0.43859649122807015,0.6840630560347288,False
PGD,0.01,3,6,2,0.3605769018785713,0.1105121293800539,0.3061218816404681,False
PGD,0.01,4,6,5,0.774940312611347,0.673469387755102,0.8496892035463763,False
PGD,0.01,5,1,9,0.8726078572093382,0.659919028340081,0.9377283221822631,False
PGD,0.01,6,6,2,0.5284007250117111,0.3225806451612903,0.4719364400896147,False
PGD,0.01,7,3,4,0.5276389497824112,0.19883040935672514,0.758063837398574,False
PGD,0.01,8,1,9,0.790993443673708,0.6070038910505836,0.84854407269626,False
PGD,0.01,9,0,5,0.8580706281774848,0.7226890756302521,0.93476876290777,False
PGD,0.01,10,9,1,0.8402969744607541,0.615686274509804,0.8846490719842035,False
PGD,0.01,11,5,7,0.6966021665173566,0.6205533596837944,0.7726270369906142,False
PGD,0.01,12,7,5,0.39510888521478255,0.23123123123123124,0.3834970804287463,False
PGD,0.01,13,9,1,0.6747494688885805,0.3576158940397351,0.6170657462760175,False
PGD,0.01,14,8,6,0.70325302917885,0.5018315018315018,0.7957372083433838,False
PGD,0.01,15,5,3,0.6899354838236907,0.4236111111111111,0.7119758855114581,False
PGD,0.01,16,7,9,0.2517927188937123,0.11413043478260869,0.20809252505172005,False
PGD,0.01,17,8,0,0.8589208786976497,0.4574468085106383,0.8385729158758994,False
PGD,0.01,18,6,2,0.8307939448212025,0.6954732510288066,0.9052071680936754,False
PGD,0.01,19,7,5,0.5543996135939461,0.3183279742765273,0.537964132386586,False
PGD,0.01,20,0,2,0.899047484764686,0.7748917748917749,0.9419679718401608,False
PGD,0.01,21,4,6,0.6172560634223755,0.29337539432176657,0.6388393890583065,False
PGD,0.01,22,9,1,0.7070632544098169,0.4642857142857143,0.6800244207981445,False
PGD,0.01,23,5,3,0.7817564507913307,0.5129151291512916,0.8727287372967351,False
PGD,0.01,24,2,3,0.4169561521666119,0.45390070921985815,0.7041104357315939,False
PGD,0.01,25,4,5,0.0896459712383245,0.20943952802359883,0.23882463130070725,False
PGD,0.01,26,9,1,0.6796992559801545,0.4206896551724138,0.7423828835369087,False
PGD,0.01,27,6,4,0.7826565951990658,0.5185185185185185,0.8222671114056238,False
PGD,0.01,28,6,3,0.19899888849006442,0.20234604105571846,0.21123305207779758,False
PGD,0.01,29,5,3,0.49076475769959216,0.26153846153846155,0.5173218389132623,False
PGD,0.01,31,5,2,0.393533311506963,0.20588235294117646,0.33841775027628274,False
PGD,0.01,32,9,1,0.9435600961101126,0.8385650224215246,0.9777596529100483,False
PGD,0.01,34,1,9,0.7260444914890819,0.33986928104575165,0.7803060365416224,False
PGD,0.01,35,5,1,0.15185754269334975,0.1111111111111111,0.05447511303313692,False
PGD,0.01,36,6,2,0.6671843907655322,0.5018315018315018,0.6622963953726775,False
PGD,0.01,37,6,2,0.7774317907334785,0.3576158940397351,0.7721969099609456,False
PGD,0.01,38,0,2,0.5782182436893121,0.553030303030303,0.8176914612274409,False
PGD,0.01,39,9,1,0.7806743704796543,0.4,0.7728239266487409,False
PGD,0.01,40,3,6,0.7655108127269078,0.49635036496350365,0.7960574888866085,False
PGD,0.01,41,7,4,0.8743433392876704,0.8385650224215246,0.9586663968795529,False
PGD,0.01,42,6,2,0.7090061543476299,0.5355805243445693,0.7727900892579616,False
PGD,0.01,43,9,1,0.2978869299004791,0.12295081967213115,0.1710324290946449,False
PGD,0.01,44,8,6,0.7172321692031957,0.34868421052631576,0.6200847958336835,False
PGD,0.01,46,8,0,0.5498737220090302,0.15819209039548024,0.5368737930772358,False
PGD,0.01,47,8,9,0.833057726540509,0.5769230769230769,0.7902978908506999,False
PGD,0.01,48,7,4,0.5386094179165621,0.2772585669781931,0.6704142292699011,False
PGD,0.01,50,4,5,0.606668155745413,0.4855072463768116,0.6484739955242861,False
PGD,0.01,52,7,5,0.9015241271799662,0.7226890756302521,0.9528429565677928,False
PGD,0.01,54,6,5,0.681828170932124,0.45422535211267606,0.8399281159783553,False
PGD,0.01,55,3,5,0.5360419251553069,0.5278810408921933,0.8792884376473166,False
PGD,0.01,56,6,5,0.8956234705077826,0.7606837606837606,0.9501604544104412,False
PGD,0.01,57,2,6,0.7089236515998487,0.4909090909090909,0.7977302421418414,False
PGD,0.01,58,2,1,0.38647568760971357,0.17142857142857143,0.21540704536555055,False
PGD,0.01,59,3,5,0.8882476668915099,0.7574468085106383,0.9724844063631571,False
PGD,0.01,60,7,4,0.7925419103486474,0.7012448132780082,0.8581683092854833,False
PGD,0.01,61,2,5,0.4618648248063345,0.3838383838383838,0.5673684041097322,False
PGD,0.01,62,6,5,0.7034801149950225,0.40893470790378006,0.7712833985078127,False
PGD,0.01,63,8,0,0.900493101233385,0.6465863453815262,0.9621251946493956,False
PGD,0.01,64,8,0,0.7598191869704152,0.45907473309608543,0.798012264439754,False
PGD,0.01,65,0,9,0.6429762253823647,0.3945578231292517,0.6740464309218718,False
PGD,0.01,67,9,0,0.5029175951997694,0.31528662420382164,0.5907594134252319,False
PGD,0.01,68,3,8,0.37166802466815313,0.2893081761006289,0.5374040475915338,False
PGD,0.01,69,3,5,0.8763777443466807,0.7982456140350878,0.9146151403553059,False
PGD,0.01,70,8,9,0.10592551262530542,0.04846938775510204,0.03562023665997308,False
PGD,0.01,71,8,9,0.6851317205372647,0.4855072463768116,0.6150268190842914,False
PGD,0.01,72,1,9,0.6599720278177059,0.46953405017921146,0.7000578751436951,False
PGD,0.01,73,1,9,0.8548185627841385,0.5884615384615385,0.9021437427567875,False
PGD,0.01,74,7,5,0.44047584395303124,0.20527859237536658,0.256736613106817,False
PGD,0.01,75,2,3,0.5005600517388356,0.2693498452012384,0.5076820294544242,False
PGD,0.01,76,5,7,0.6557466413649405,0.4909090909090909,0.8743492922326054,False
PGD,0.01,77,7,3,0.734720682119124,0.6816326530612244,0.9396832883111823,False
PGD,0.01,78,8,9,0.752770915779715,0.3268608414239482,0.8624394914051967,False
PGD,0.01,79,9,1,0.8836350590100831,0.6284584980237155,0.9404101464933028,False
PGD,0.01,80,0,1,0.7583632587328465,0.5241635687732342,0.8514820008547103,False
PGD,0.01,81,8,9,0.8436257542956885,0.5703422053231939,0.9268780443151773,False
PGD,0.01,82,6,2,0.747573634222103,0.5129151291512916,0.7964613844867482,False
PGD,0.01,83,4,7,0.9150064281193462,0.8468468468468469,0.9675033105174327,False
PGD,0.01,85,6,4,-0.016423970815863737,0.04580152671755725,-0.1827151108939791,False
PGD,0.01,86,0,2,0.7260184855084624,0.5241635687732342,0.7863862721894795,False
PGD,0.01,88,7,5,0.5646416333303567,0.2654320987654321,0.5557782084575974,False
PGD,0.01,89,4,7,0.8141460630976589,0.759656652360515,0.9126322363463929,False
PGD,0.01,90,5,4,0.7651883592366202,0.7083333333333334,0.8999946842163312,False
PGD,0.01,91,6,2,0.5469543717186731,0.33116883116883117,0.6351865785973441,False
PGD,0.01,92,3,6,0.7275691386188253,0.5471698113207547,0.8792072434500621,False
PGD,0.01,93,1,9,0.8154052544010462,0.5627376425855514,0.8727603778238735,False
PGD,0.01,94,1,9,0.5720122788575362,0.40955631399317405,0.6102358136231506,False
PGD,0.01,95,3,6,0.6511143477755521,0.3898305084745763,0.8169331664876449,False
PGD,0.01,96,6,2,0.2247704630989192,0.04292929292929293,-0.25324477961972724,False
PGD,0.01,97,7,5,0.8847153702607522,0.7083333333333334,0.9344564917194287,False
PGD,0.01,98,4,2,0.5778738872544873,0.29245283018867924,0.6152049793840064,False
PGD,0.01,99,0,8,0.43923300813686617,0.48201438848920863,0.7313679586662342,False
PGD,0.01,101,2,6,0.7720501027538402,0.3898305084745763,0.7184657184534963,False
PGD,0.01,102,1,9,0.9494934790938564,0.7672413793103449,0.9720939206419655,False
PGD,0.01,103,3,6,0.41613936564194853,0.12637362637362637,0.5273842605536725,False
PGD,0.01,104,0,8,0.6905268657781712,0.553030303030303,0.7127090213296526,False
PGD,0.01,105,4,0,0.7609568944148521,0.5073529411764706,0.8708335294699444,False
PGD,0.01,107,7,2,0.2738837418284201,0.18155619596541786,0.21762755288624355,False
PGD,0.01,108,8,1,0.7156630883643613,0.3993174061433447,0.7294448181648552,False
PGD,0.01,109,3,5,0.9011128952385054,0.6954732510288066,0.9336987247908018,False
PGD,0.01,110,1,9,0.6421663801036995,0.6482213438735178,0.9165551766710377,False
PGD,0.01,111,2,3,0.818670550328211,0.64,0.8980190170972674,False
PGD,0.01,112,8,9,0.7056674791571268,0.49635036496350365,0.7575513449267718,False
PGD,0.01,113,0,2,-0.06090836767862398,0.014778325123152709,-0.24651328049314467,False
PGD,0.01,114,8,1,0.5853183194421461,0.43859649122807015,0.7745117761090028,False
PGD,0.01,115,3,6,0.36527236944395836,0.16338028169014085,0.145790810125754,False
PGD,0.01,117,2,0,0.19877993904836697,0.25766871165644173,0.3909100697345876,False
PGD,0.01,118,4,2,0.8941468238037014,0.8552036199095022,0.951407745631822,False
PGD,0.01,119,1,9,0.5703623266918199,0.3225806451612903,0.4809502643126369,False
PGD,0.01,120,8,1,0.9261424697979668,0.7446808510638298,0.932177764661214,False
PGD,0.01,122,1,6,0.7156896009688547,0.5129151291512916,0.7034912388385582,False
PGD,0.01,123,2,3,0.4056297407106506,0.13850415512465375,0.37965754452604655,False
PGD,0.01,124,9,1,0.34533979990675434,0.061696658097686374,0.08487320438958307,False
PGD,0.01,125,7,9,0.1317073891284468,0.04591836734693878,-0.06972338546118735,False
PGD,0.01,126,2,3,0.8412627068805624,0.7672413793103449,0.9471121679757455,False
PGD,0.01,127,9,8,0.6236867726792185,0.42857142857142855,0.8605707981740862,False
PGD,0.01,128,6,3,0.6917200928599403,0.40955631399317405,0.8193158058253293,False
PGD,0.01,129,6,3,0.5836234198367918,0.2716049382716049,0.7218400320541744,False
PGD,0.01,131,8,0,0.3255320336403099,0.14206128133704735,0.4146064063660361,False
PGD,0.01,132,7,3,0.5469244102890239,0.18786127167630057,0.45702331486520015,False
PGD,0.01,133,6,7,0.4219169303342237,0.24242424242424243,0.3450633537386945,False
PGD,0.01,134,5,7,0.17383164549370422,0.05670103092783505,-0.07127116872350925,False
PGD,0.01,135,2,3,0.6438526531210247,0.5129151291512916,0.6475970597803381,False
PGD,0.01,136,8,0,0.6302022552207256,0.3268608414239482,0.5033199471517852,False
PGD,0.01,137,9,1,0.7719192970433885,0.5471698113207547,0.822539593016094,False
PGD,0.01,138,6,8,0.7634193728114451,0.44366197183098594,0.7369090032181479,False
PGD,0.01,139,0,2,0.6265203238426746,0.43859649122807015,0.685197714199353,False
PGD,0.01,141,5,3,0.40550309387333594,0.03015075376884422,0.5214350931674707,False
PGD,0.01,142,2,3,0.24625114430702696,0.16809116809116809,0.0928922214628331,False
PGD,0.01,143,9,1,0.6019323712074303,0.20234604105571846,0.5472584289955408,False
PGD,0.01,145,4,0,0.8884723603989951,0.8222222222222222,0.9369324920075693,False
PGD,0.01,146,2,0,0.3965373925268886,0.23493975903614459,0.2964857354746068,False
PGD,0.01,147,1,9,0.5078565383263024,0.2515151515151515,0.4851504155016175,False
PGD,0.01,148,6,1,0.51910589452483,0.36212624584717606,0.7738177841935129,False
PGD,0.01,149,6,2,0.11679625764071387,0.022388059701492536,-0.04833122751122128,False
PGD,0.01,151,4,7,0.5393904926263612,0.3047619047619048,0.7958898390100864,False
PGD,0.01,152,8,9,0.621696039957832,0.5430711610486891,0.8633284768774806,False
PGD,0.01,153,4,2,0.6837510207149416,0.6666666666666666,0.8848034149065209,False
PGD,0.01,154,5,9,0.30003236686244616,0.24024024024024024,0.2211820923696391,False
PGD,0.01,156,9,1,0.9051791804252997,0.8105726872246696,0.9468811514872612,False
PGD,0.01,158,9,8,0.9262484773199939,0.5468164794007491,0.9341291700967316,False
PGD,0.01,159,8,2,0.5058625314446092,0.24620060790273557,0.5156099873727518,False
PGD,0.01,161,9,1,0.9486248280698731,0.8807339449541285,0.9784404937836706,False
PGD,0.01,162,3,6,0.7093101320471394,0.41379310344827586,0.8576263327186426,False
PGD,0.01,163,7,5,0.653453814132365,0.4186851211072664,0.5453411018716339,False
PGD,0.01,164,5,3,0.313042284337874,0.17142857142857143,0.28984479031482185,False
PGD,0.01,165,0,8,0.6974468832014448,0.4891304347826087,0.6853987141541338,False
PGD,0.01,166,0,3,0.6657352573141875,0.5509433962264151,0.766890134119352,False
PGD,0.01,167,5,6,0.5089819365781705,0.24024024024024024,0.7052849107788318,False
PGD,0.01,168,2,0,0.3593813890035708,0.36212624584717606,0.4766771185897008,False
PGD,0.01,169,2,6,0.2124509494927348,0.43356643356643354,0.529872561599915,False
PGD,0.01,170,3,0,0.21635736812308387,0.1568627450980392,0.32565030130850114,False
PGD,0.01,171,8,0,0.7543355597282303,0.6078431372549019,0.7705563717609071,False
PGD,0.01,172,6,2,0.7588012290556403,0.6872427983539094,0.9156297139315879,False
PGD,0.01,173,3,8,0.8150826715946903,0.5413533834586466,0.786636360679792,False
PGD,0.01,174,4,2,0.4029288539913009,0.36666666666666664,0.5562292274201326,False
PGD,0.01,175,0,2,0.23652561011194795,0.07049608355091384,0.14260092053961684,False
PGD,0.01,176,8,4,0.5426797587456376,0.23123123123123124,0.6029368149680007,False
PGD,0.01,178,1,0,0.7980856388454607,0.659919028340081,0.8166866009849649,False
PGD,0.01,179,7,5,0.5144411649688604,0.36666666666666664,0.5644064603849012,False
PGD,0.01,180,8,9,0.643222957280514,0.3225806451612903,0.5400109186187311,False
PGD,0.01,181,8,9,0.5950072779700425,0.7446808510638298,0.8923319194940038,False
PGD,0.01,182,7,4,0.6982564965646009,0.43356643356643354,0.6665974378433591,False
PGD,0.01,183,8,6,0.6971598717469457,0.3952702702702703,0.5335684755693583,False
PGD,0.01,184,5,3,0.6687777085951667,0.37583892617449666,0.637501410965613,False
PGD,0.01,185,1,0,0.567761654782346,0.30990415335463256,0.5400813888166403,False
PGD,0.01,186,8,1,0.8392487926155152,0.48201438848920863,0.8825683264319353,False
PGD,0.01,187,7,9,0.3759231630154092,0.17142857142857143,0.35793771367592697,False
PGD,0.01,188,1,9,0.8013669667688347,0.553030303030303,0.7987846020580225,False
PGD,0.01,189,3,5,0.4282014055787889,0.21301775147928995,0.4597601862066271,False
PGD,0.01,190,5,3,0.6228591133710792,0.5018315018315018,0.7103831063719339,False
PGD,0.01,191,7,5,0.7845261513790083,0.5185185185185185,0.8479484373937207,False
PGD,0.01,192,9,1,0.8843317843516242,0.5202952029520295,0.9518592906423834,False
PGD,0.01,193,7,5,0.9134924566957372,0.729957805907173,0.9510715934720539,False
PGD,0.01,194,4,8,0.539143271133243,0.33116883116883117,0.5758240971746261,False
PGD,0.01,195,5,3,0.4737322168319429,0.15363128491620112,0.4777956217786026,False
PGD,0.01,197,8,1,0.7719008844544196,0.5945945945945946,0.8815457065506273,False
PGD,0.01,198,0,2,0.029843529779581865,0.06770833333333333,-0.2307395530095862,False
PGD,0.01,200,9,1,0.8526188215163685,0.6532258064516129,0.9248745248704386,False
PGD,0.01,201,2,4,0.5362482158306672,0.4909090909090909,0.7187580040371782,False
PGD,0.01,202,7,5,0.6489018607848825,0.33986928104575165,0.5758392318254032,False
PGD,0.01,203,6,3,0.6662237641440164,0.44876325088339225,0.8337436512998561,False
PGD,0.01,204,9,1,0.8638716971297808,0.6942148760330579,0.9619391724026861,False
PGD,0.01,205,4,3,0.2222252382574551,0.43986254295532645,0.5717897929658575,False
PGD,0.01,207,9,1,0.9015318561764158,0.7154811715481172,0.9388908696791559,False
PGD,0.01,209,4,2,0.6128161073688527,0.2654320987654321,0.4316682563380781,False
PGD,0.01,210,7,3,0.24734242777161014,0.16809116809116809,0.2459360941159885,False
PGD,0.01,211,6,2,0.20635533871882755,0.19420289855072465,0.18496246531066718,False
PGD,0.01,212,5,3,0.5546413138763671,0.2668711656441718,0.5305039799646418,False
PGD,0.01,213,1,9,0.7979463688015233,0.4340277777777778,0.7250443871271768,False
PGD,0.01,214,5,3,0.5035957178918434,0.2275449101796407,0.5414711363387913,False
PGD,0.01,215,8,1,0.7650066861034145,0.626984126984127,0.6959808716440053,False
PGD,0.01,216,8,0,0.7638984139589868,0.7166666666666667,0.9207820890462802,False
PGD,0.01,217,0,8,0.7704895193407522,0.5648854961832062,0.81843314080514,False
PGD,0.01,219,5,3,0.8708205300675341,0.6465863453815262,0.858225809447522,False
PGD,0.01,221,1,9,0.7514605329323081,0.3355048859934853,0.7181855837303224,False
PGD,0.01,222,8,1,0.8732471186557466,0.7446808510638298,0.9150877455236465,False
PGD,0.01,223,9,0,0.3081534586646374,0.22023809523809523,0.19761470579448337,False
PGD,0.01,224,0,2,0.5188585419480595,0.32371794871794873,0.6562962933864203,False
PGD,0.01,225,3,2,-0.017616265240745988,0.04591836734693878,-0.22469847988444827,False
PGD,0.01,226,1,9,0.8421313092112541,0.6015625,0.8805671456328681,False
PGD,0.01,227,9,8,0.37911210485247376,0.16477272727272727,0.35923768664918565,False
PGD,0.01,228,2,1,0.7842386639814758,0.648,0.8271403212265088,False
PGD,0.01,229,2,0,0.24680681122003587,0.05912596401028278,0.09744069082152852,False
PGD,0.01,230,5,9,0.6621713929936378,0.5708812260536399,0.8216159903262872,False
PGD,0.01,231,3,5,0.5527968047401652,0.23867069486404835,0.4073890720297464,False
PGD,0.01,232,9,1,0.5566737097798234,0.38513513513513514,0.35014231522703887,False
PGD,0.01,233,9,1,0.6065515572805862,0.42857142857142855,0.6506954736540783,False
PGD,0.01,234,4,2,0.2681743334351967,0.17478510028653296,0.31022182017214733,False
PGD,0.01,235,0,8,0.7227511435176092,0.553030303030303,0.8292708602742854,False
PGD,0.01,236,3,6,0.8371924308718309,0.6205533596837944,0.9252415072278585,False
PGD,0.01,237,0,8,0.7678920298982852,0.5073529411764706,0.926089113448882,False
PGD,0.01,238,9,1,0.7154962645083137,0.5648854961832062,0.8442581248080041,False
PGD,0.01,239,8,9,0.3483194725341873,0.15168539325842698,0.18724674835718014,False
PGD,0.01,240,1,9,0.68598428132018,0.40893470790378006,0.6165629154335823,False
PGD,0.01,241,5,3,0.8729801964036812,0.8141592920353983,0.9104808979255512,False
PGD,0.01,242,7,3,0.5610647476746662,0.2852664576802508,0.8124712426321057,False
PGD,0.01,244,8,2,0.5398456646551753,0.2996845425867508,0.4707458066496229,False
PGD,0.01,245,2,5,0.7697497607379623,0.5241635687732342,0.6896359060252361,False
PGD,0.01,246,4,6,0.3454067700389413,0.12568306010928962,-0.0017852501039566997,False
PGD,0.01,247,7,5,0.7201494751801196,0.42857142857142855,0.8119957469417237,False
PGD,0.01,248,0,3,0.6111145362649912,0.3898305084745763,0.7175690565863259,False
PGD,0.01,249,2,5,0.8647406715348628,0.7446808510638298,0.899530945520695,False
PGD,0.01,250,3,5,0.7514948944654867,0.5648854961832062,0.7464539857842801,False
PGD,0.01,251,6,3,0.5959516386684036,0.46953405017921146,0.7331291785755534,False
PGD,0.01,253,8,1,0.798938857689059,0.578544061302682,0.8689158878738262,False
PGD,0.01,255,0,8,0.571859954624711,0.42857142857142855,0.5881155653128346,False
PGD,0.01,257,4,6,0.8092164547133023,0.626984126984127,0.9151506694034347,False
PGD,0.01,258,3,6,0.8023633568619306,0.6007751937984496,0.8630900193399891,False
PGD,0.01,259,9,1,0.5878189560783663,0.2676923076923077,0.5221629574833411,False
PGD,0.01,261,6,2,0.5481955576805155,0.25,0.4822734197250833,False
PGD,0.01,262,1,9,0.9048450666771838,0.6465863453815262,0.9363545823507905,False
PGD,0.01,263,9,1,0.7868794900249447,0.5296296296296297,0.9010296775156387,False
PGD,0.01,264,1,8,0.30781365953766077,0.15492957746478872,0.1489027111467753,False
PGD,0.01,266,7,3,0.31259984214557335,0.1781609195402299,0.43710397998181716,False
PGD,0.01,267,9,1,0.9113927179363353,0.8061674008810573,0.9692896426999101,False
PGD,0.01,268,1,8,0.7673407556777049,0.6141732283464567,0.8074275868088993,False
PGD,0.01,269,2,3,0.7908161215335351,0.7226890756302521,0.8844078394584165,False
PGD,0.01,270,6,2,0.7978519349429238,0.6532258064516129,0.8301455328323988,False
PGD,0.01,271,9,1,0.6415531272289051,0.38047138047138046,0.5819008525999497,False
PGD,0.01,272,3,5,0.7956050594045213,0.7531914893617021,0.8979917238111407,False
PGD,0.01,273,4,2,0.23046153819340626,0.3057324840764331,0.5975831617006924,False
PGD,0.01,274,6,3,0.4322162087667133,0.1867816091954023,0.33832108506954944,False
PGD,0.01,275,0,8,0.4564475595906994,0.2974683544303797,0.42847507928505846,False
PGD,0.01,276,0,2,0.8861170967919587,0.7903930131004366,0.9237818021403683,False
PGD,0.01,277,6,3,0.7557351413339971,0.5353159851301115,0.8930213899929506,False
PGD,0.01,278,6,5,0.7830374538016742,0.5648854961832062,0.8111400123050693,False
PGD,0.01,279,6,9,0.35135756408702373,0.17142857142857143,0.25140693493183225,False
PGD,0.01,280,3,4,0.3621686080985337,0.37919463087248323,0.5232742562534664,False
PGD,0.01,281,2,5,0.6841689058532663,0.5073529411764706,0.819666993607085,False
PGD,0.01,282,6,2,0.8352159890373783,0.6078431372549019,0.852689942440126,False
PGD,0.01,283,8,9,0.568929229814252,0.26153846153846155,0.6046374346764115,False
PGD,0.01,284,2,3,0.904278403379508,0.7521367521367521,0.9542174429702888,False
PGD,0.01,285,1,9,0.684853097056669,0.2732919254658385,0.7323847949005369,False
PGD,0.01,287,8,1,0.6199811047528417,0.4143835616438356,0.6731231454551837,False
PGD,0.01,288,6,2,0.5924575673471365,0.30063291139240506,0.5281144145775576,False
PGD,0.01,289,8,0,0.5298735427542055,0.3898305084745763,0.5859272941376693,False
PGD,0.01,290,0,2,0.04273417419819409,0.24024024024024024,0.1608047172295984,False
PGD,0.01,291,4,3,0.420690086591519,0.20234604105571846,0.25917615784003983,False
PGD,0.01,292,7,4,0.6479938995622142,0.42857142857142855,0.6556919516135701,False
PGD,0.01,293,7,4,0.7702056549368261,0.6078431372549019,0.8381321822904308,False
PGD,0.01,294,5,6,0.873010869209583,0.759656652360515,0.9414661565419469,False
PGD,0.01,295,5,3,0.9343273444817617,0.782608695652174,0.9794953655730259,False
PGD,0.01,296,3,7,0.6883021576230871,0.4642857142857143,0.6829381625514115,False
PGD,0.01,297,5,3,0.9275406169203612,0.7982456140350878,0.9735806435529074,False
PGD,0.01,298,2,4,0.7884273080519654,0.659919028340081,0.887121418120599,False
PGD,0.01,299,3,5,0.41510553671234457,0.2852664576802508,0.48476522825898605,False
PGD,0.01,300,4,5,0.13640651967881567,0.09333333333333334,-0.12709711029204926,False
PGD,0.01,301,1,5,0.6042725245550378,0.46953405017921146,0.662530392103798,False
PGD,0.01,302,7,4,0.7875295322851317,0.6942148760330579,0.9131719055618738,False
PGD,0.01,303,5,3,0.5941315589024211,0.2974683544303797,0.6903637878834546,False
PGD,0.01,304,4,2,0.46324963984871836,0.18155619596541786,0.20390149659391543,False
PGD,0.01,305,6,2,0.6896253648770632,0.33986928104575165,0.6936549859635268,False
PGD,0.01,306,1,9,0.9737235290058971,0.8981481481481481,0.9893481791668303,False
PGD,0.01,307,9,1,0.6358992471717871,0.2891566265060241,0.5985786520351277,False
PGD,0.01,308,3,2,0.23686539447613572,0.20234604105571846,0.3892953011257175,False
PGD,0.01,309,6,2,0.812215023029309,0.46953405017921146,0.7892808459598993,False
PGD,0.01,310,9,1,0.7225366481882933,0.5241635687732342,0.6806585792559943,False
PGD,0.01,311,3,5,0.8047778961364422,0.5471698113207547,0.9050305886738228,False
PGD,0.01,312,8,9,0.6666061100494888,0.3183279742765273,0.7902557555140187,False
PGD,0.01,313,0,2,0.6849939648705461,0.46953405017921146,0.8174409850284113,False
PGD,0.01,314,7,1,0.5248017135901465,0.3945578231292517,0.4854092133727637,False
PGD,0.01,315,2,3,0.3197560367221288,0.1833810888252149,0.4091544997310303,False
PGD,0.01,316,6,5,0.3274458407694935,0.3712374581939799,0.6150005455422667,False
PGD,0.01,318,8,0,0.5233374388017774,0.37583892617449666,0.5634735503940563,False
PGD,0.01,319,5,3,0.7237031772070063,0.46953405017921146,0.7517966126769207,False
PGD,0.01,320,4,3,0.8243204436358615,0.680327868852459,0.8613750766472213,False
PGD,0.01,321,8,0,0.005409458782330993,0.012345679012345678,-0.08713981073493905,False
PGD,0.01,322,9,1,0.776872700554203,0.61328125,0.8062024968582518,False
PGD,0.01,323,9,1,0.7578565463776419,0.48375451263537905,0.740873891402145,False
PGD,0.01,324,1,9,0.7817962047748664,0.4909090909090909,0.8225947794726526,False
PGD,0.01,325,0,8,0.686204054552687,0.40955631399317405,0.7127378279310331,False
PGD,0.01,326,2,0,0.7237079977829384,0.5091575091575091,0.7909281024936274,False
PGD,0.01,327,2,4,0.7282522988372025,0.45907473309608543,0.8054221623538661,False
PGD,0.01,329,3,2,0.7190663960597754,0.6532258064516129,0.6749704979218322,False
PGD,0.01,330,2,5,0.4978954374794325,0.28125,0.5230148086034313,False
PGD,0.01,331,8,6,0.8838500247375499,0.7446808510638298,0.8891217315945155,False
PGD,0.01,332,0,2,0.7536110090609838,0.40893470790378006,0.8138259477603682,False
PGD,0.01,335,1,8,0.7540781374696295,0.6872427983539094,0.8444959254456882,False
PGD,0.01,336,4,0,0.6518068250135062,0.36666666666666664,0.6822621211502475,False
PGD,0.01,337,1,9,0.841040828513235,0.5687022900763359,0.9137128541322379,False
PGD,0.01,339,8,0,0.8129425708675679,0.5355805243445693,0.772287705379991,False
PGD,0.01,340,1,9,0.8614350006248824,0.6465863453815262,0.8478545285683156,False
PGD,0.01,342,7,0,0.714188662010449,0.5471698113207547,0.6580410163251454,False
PGD,0.01,343,9,8,0.6684732636832132,0.3225806451612903,0.6043532368101655,False
PGD,0.01,344,4,2,0.6775141344488372,0.34868421052631576,0.694673021109977,False
PGD,0.01,345,2,6,0.5667638350715558,0.3183279742765273,0.6464555529920016,False
PGD,0.01,346,7,5,0.1571243265929803,0.022443890274314215,0.1053514826878463,False
PGD,0.01,347,0,9,-0.16975850067272608,0.3344155844155844,0.13395857352811275,False
PGD,0.01,348,7,9,0.6023818536457666,0.22388059701492538,0.47512498646386736,False
PGD,0.01,349,0,2,0.2770809922190817,0.2732919254658385,0.4530072025178386,False
PGD,0.01,350,6,2,0.7554214145332443,0.6872427983539094,0.7941604141734616,False
PGD,0.01,351,6,2,0.6481671936247917,0.45390070921985815,0.6617492493461344,False
PGD,0.01,352,9,1,0.7475318643450461,0.43356643356643354,0.7667041597150168,False
PGD,0.01,353,0,2,0.6998159947568143,0.36666666666666664,0.7076284694729325,False
PGD,0.01,354,9,0,0.8224871781759361,0.6015625,0.8342478481233124,False
PGD,0.01,356,8,0,0.7051581923757575,0.43859649122807015,0.7620455967379243,False
PGD,0.01,357,7,4,0.7953291383720714,0.5891472868217055,0.7806180586872804,False
PGD,0.01,358,2,7,0.35894286358100774,0.14722222222222223,0.25508590675153425,False
PGD,0.01,359,2,5,0.6819972114345767,0.4714285714285714,0.7506977480100081,False
PGD,0.01,360,5,7,0.7336408039830493,0.583011583011583,0.8619368066688999,False
PGD,0.01,361,1,9,0.8114692969302807,0.6078431372549019,0.9056771982556256,False
PGD,0.01,362,2,0,0.16226871695120462,0.13150684931506848,0.03076411787282515,False
PGD,0.01,363,2,6,0.8556964109987902,0.6942148760330579,0.9076150722159191,False
PGD,0.01,364,9,1,0.5663642498110724,0.43356643356643354,0.6250064273978028,False
PGD,0.01,365,3,4,0.5996712355932342,0.3355048859934853,0.7906812303577404,False
PGD,0.01,366,3,9,-0.05582693193152339,0.0,-0.47944638684022295,False
PGD,0.01,367,9,8,0.8700236891941912,0.7426160337552743,0.8993501607858935,False
PGD,0.01,369,7,2,0.33199931653567794,0.1781609195402299,0.18943900721079893,False
PGD,0.01,370,8,9,0.9087191687444963,0.7521367521367521,0.9483174640894325,False
PGD,0.01,372,0,8,0.42282365387052123,0.30158730158730157,0.32130391794786267,False
PGD,0.01,373,1,9,0.8038901239853992,0.64,0.927762307768046,False
PGD,0.01,374,8,6,0.6785659489370662,0.29337539432176657,0.5814934339839869,False
PGD,0.01,375,2,3,0.7324178016044685,0.3898305084745763,0.8076787033935036,False
PGD,0.01,377,3,5,0.8542186375817603,0.7922077922077922,0.9668346967168028,False
PGD,0.01,378,6,8,0.5353386305353863,0.2772585669781931,0.39234685358491156,False
PGD,0.01,379,1,9,0.7343379466314993,0.5129151291512916,0.7019682824995538,False
PGD,0.01,380,0,9,0.7244024456825835,0.41580756013745707,0.816738994039576,False
PGD,0.01,381,7,2,0.26804726953327535,0.059431524547803614,0.12867667247189066,False
PGD,0.01,382,3,2,0.3475144394038289,0.19827586206896552,0.427241459628896,False
PGD,0.01,383,7,4,0.8149086468847546,0.7154811715481172,0.8475634796992402,False
PGD,0.01,384,4,2,0.5332405721665323,0.20175438596491227,0.42343531747217283,False
PGD,0.01,385,5,4,0.5653784125342417,0.4041095890410959,0.6101770478428732,False
PGD,0.01,387,0,5,0.18962949564778273,0.07894736842105263,0.02978999619496389,False
PGD,0.01,388,2,0,0.9284087270498276,0.8061674008810573,0.9546923787836158,False
PGD,0.01,389,9,1,0.8709688574163872,0.5166051660516605,0.9009927695648661,False
PGD,0.01,391,4,2,0.4149160754251929,0.25382262996941896,0.3366278030935254,False
PGD,0.01,392,0,6,0.5577100505446189,0.3365695792880259,0.7150617767488969,False
PGD,0.01,393,6,3,0.827623277332237,0.7415254237288136,0.9525470311250717,False
PGD,0.01,396,3,5,0.8369481131963475,0.6465863453815262,0.8780917173419589,False
PGD,0.01,397,7,0,0.17295541584079455,0.2599388379204893,0.4687719592283104,False
PGD,0.01,398,3,7,0.6651877052406918,0.5708812260536399,0.6388861412563448,False
PGD,0.01,399,2,6,0.5900936704218531,0.43859649122807015,0.5978797214062108,False
PGD,0.01,400,5,3,0.8245336142252888,0.5335820895522388,0.8565955616009997,False
PGD,0.01,401,3,5,0.8389562925202607,0.673469387755102,0.9037253468940186,False
PGD,0.01,402,1,9,0.9009320272143776,0.6334661354581673,0.9517921104296867,False
PGD,0.01,403,4,2,0.5293251550407719,0.25382262996941896,0.41732984625200165,False
PGD,0.01,404,9,1,0.9154032960798614,0.8222222222222222,0.9463208339866217,False
PGD,0.01,405,9,8,0.639229784805752,0.28125,0.8153608978600347,False
PGD,0.01,406,5,3,0.9016528707548711,0.7748917748917749,0.9478580389770003,False
PGD,0.01,407,7,2,0.508285600854602,0.28125,0.5586991069588734,False
PGD,0.01,408,0,2,0.8466046199246624,0.680327868852459,0.928451417077805,False
PGD,0.01,409,2,3,0.7168439539135971,0.5073529411764706,0.8267191882771995,False
PGD,0.01,411,2,5,0.06654425210340296,0.04060913705583756,-0.12257780315415569,False
PGD,0.01,412,9,1,0.8149874625650383,0.46619217081850534,0.8085441441066631,False
PGD,0.01,413,3,5,0.8209953496236762,0.626984126984127,0.8407111205327442,False
PGD,0.01,414,9,1,0.7466542831892092,0.5769230769230769,0.7868442955792894,False
PGD,0.01,415,4,5,0.6572730282001947,0.46953405017921146,0.8087319304841841,False
PGD,0.01,417,5,7,0.3984388700388813,0.11413043478260869,0.4025280866177679,False
PGD,0.01,419,5,2,0.49017094032213465,0.4143835616438356,0.827965363894714,False
PGD,0.01,420,6,2,0.6168748123430752,0.36423841059602646,0.5512189170556574,False
PGD,0.01,421,1,9,0.7035137284230221,0.5298507462686567,0.7181335924870268,False
PGD,0.01,422,4,2,0.44902061172878127,0.380327868852459,0.6453081769505232,False
PGD,0.01,423,3,4,0.24813846816493407,0.23493975903614459,0.37111450773630017,False
PGD,0.01,424,4,2,0.9393864728995329,0.7982456140350878,0.9762073600917854,False
PGD,0.01,425,4,7,0.454451605392766,0.15492957746478872,0.40068810520799547,False
PGD,0.01,426,3,5,0.19480945590846296,0.017369727047146403,-0.05441794275035083,False
PGD,0.01,427,7,9,0.5182456090714308,0.4642857142857143,0.6753408877691467,False
PGD,0.01,428,8,1,0.8383105246449364,0.5185185185185185,0.9177183156944759,False
PGD,0.01,429,3,5,0.8283536637852178,0.7012448132780082,0.928263383366016,False
PGD,0.01,430,0,8,0.4142264402628196,0.2732919254658385,0.6212979921877428,False
PGD,0.01,431,5,2,0.7535979739395824,0.5355805243445693,0.8447338713881334,False
PGD,0.01,432,7,5,0.6698549658200599,0.44876325088339225,0.6595978648566865,False
PGD,0.01,433,6,5,0.6318853398689073,0.4370629370629371,0.6882825586871519,False
PGD,0.01,435,4,5,0.8605755612518661,0.7083333333333334,0.9467995653837159,False
PGD,0.01,436,8,3,0.3158769692282589,0.21114369501466276,0.00035803059922667074,False
PGD,0.01,437,6,2,0.4222137848350644,0.3194888178913738,0.5591499323083543,False
PGD,0.01,438,8,9,0.6167462299103964,0.33986928104575165,0.4837630520778662,False
PGD,0.01,439,5,3,0.6171115765571263,0.44366197183098594,0.6710631193994683,False
PGD,0.01,440,5,6,0.3596313462562352,0.11413043478260869,0.6146944261308852,False
PGD,0.01,441,9,1,0.8733167822897081,0.6205533596837944,0.9101262453546429,False
PGD,0.01,442,9,1,0.5708495745264522,0.20408163265306123,0.5585349689345378,False
PGD,0.01,444,0,2,0.4062812906471577,0.20234604105571846,0.396843450771145,False
PGD,0.01,445,1,9,0.8983330809946596,0.7372881355932204,0.9230671406203168,False
PGD,0.01,446,0,5,0.2541278847915581,0.1873198847262248,0.2960210870670964,False
PGD,0.01,447,8,9,0.7878667358639677,0.553030303030303,0.8180250320727144,False
PGD,0.01,448,1,9,0.7845543704530191,0.45907473309608543,0.7986578236104174,False
PGD,0.01,449,1,0,0.4737346455065283,0.32051282051282054,0.7889596636362973,False
PGD,0.01,450,0,8,0.7295174173715927,0.3993174061433447,0.8062641877466887,False
PGD,0.01,451,2,5,0.8264293776902222,0.5945945945945946,0.9455057197947844,False
PGD,0.01,452,0,2,0.8149745861762727,0.6141732283464567,0.8575961452736859,False
PGD,0.01,453,4,6,0.6959142403225221,0.6015625,0.8652891642141373,False
PGD,0.01,455,4,5,0.8828565844681842,0.7748917748917749,0.9105046602771277,False
PGD,0.01,456,9,1,0.6053542024483518,0.33986928104575165,0.4490787518380429,False
PGD,0.01,457,4,7,0.3008304012007839,0.2088235294117647,0.23387960623753618,False
PGD,0.01,458,7,4,0.7405369602114144,0.6015625,0.8067291915313941,False
PGD,0.01,459,9,0,0.7035140086670776,0.4456140350877193,0.7345707245283511,False
PGD,0.01,460,4,2,0.8013060039140769,0.48201438848920863,0.8457234885770354,False
PGD,0.01,461,5,3,0.6238165692172768,0.3898305084745763,0.6582316720443084,False
PGD,0.01,462,6,4,0.6724857144807217,0.38461538461538464,0.5886400949138395,False
PGD,0.01,463,6,8,0.6090725033089192,0.35313531353135313,0.5079237239313732,False
PGD,0.01,464,1,9,0.8933543689416711,0.7083333333333334,0.9305296529682825,False
PGD,0.01,465,5,3,0.8689992862075744,0.5769230769230769,0.8628289977240233,False
PGD,0.01,467,5,3,0.8295942685193487,0.6532258064516129,0.8773467162863547,False
PGD,0.01,469,5,2,0.6362204830001725,0.3898305084745763,0.7744802827286131,False
PGD,0.01,470,7,0,0.42585737069658164,0.1349862258953168,0.2744098463591025,False
PGD,0.01,471,0,9,0.8234892808694458,0.6872427983539094,0.9265883955891497,False
PGD,0.01,472,7,5,0.7974184574655769,0.626984126984127,0.8797235329939784,False
PGD,0.01,473,0,1,0.7063924556807477,0.46785714285714286,0.8244116077287275,False
PGD,0.01,474,5,3,0.04222312424822363,0.0,-0.12324062827443256,False
PGD,0.01,475,0,2,0.45821436793480025,0.25766871165644173,0.5217230926750129,False
PGD,0.01,476,0,8,0.5926109045458845,0.41379310344827586,0.6040758792406861,False
PGD,0.01,477,4,0,0.7199289227984949,0.49635036496350365,0.8244803918912615,False
PGD,0.01,478,6,2,0.9225308187967222,0.8034934497816594,0.9490716683757726,False
PGD,0.01,479,9,1,0.533286342638429,0.24624624624624625,0.4071116859346321,False
PGD,0.01,480,9,1,0.7043983764373339,0.38513513513513514,0.6367755068803697,False
PGD,0.01,481,5,0,0.16599055550807879,0.025,-0.03873517795360354,False
PGD,0.01,482,6,2,0.6269594509769011,0.30793650793650795,0.6319467839636853,False
PGD,0.01,483,6,2,0.5953835958736182,0.41379310344827586,0.6999772082720862,False
PGD,0.01,484,6,1,0.6571126703270049,0.3576158940397351,0.6463811302390049,False
PGD,0.01,485,2,6,0.7736471257222122,0.45390070921985815,0.8201851270967625,False
PGD,0.01,486,0,8,0.31333010923944016,0.18,0.28740148460846093,False
PGD,0.01,487,1,9,0.7981855802282074,0.583011583011583,0.7704506384240335,False
PGD,0.01,488,6,0,0.3417453375884701,0.15,0.23352194307310514,False
PGD,0.01,489,5,2,0.6573073117836715,0.5413533834586466,0.78225163287563,False
PGD,0.01,490,9,1,0.5984955715103704,0.36212624584717606,0.6878851331889585,False
PGD,0.01,491,1,9,0.846030645689668,0.583011583011583,0.8448372414337635,False
PGD,0.01,492,6,2,0.7383776354354107,0.6707317073170732,0.5832626448279898,False
PGD,0.01,493,2,7,0.6469882370025548,0.33116883116883117,0.622158449672637,False
PGD,0.01,494,5,3,0.6684246873588111,0.5241635687732342,0.6868931203258811,False
PGD,0.01,495,5,7,0.880586464112327,0.8303571428571429,0.9474900810374065,False
PGD,0.01,497,8,9,0.6546135380335109,0.46953405017921146,0.6616502108307389,False
PGD,0.01,498,5,3,0.44231279738338325,0.20408163265306123,0.1800287888994959,False
PGD,0.01,499,9,1,0.41221041998897606,0.1810344827586207,0.22943452378347695,False
PGD,0.01,500,4,2,0.9440517272998595,0.7226890756302521,0.9480598498856351,False
PGD,0.01,501,4,5,0.6368140814556036,0.3247588424437299,0.475704056558794,False
PGD,0.01,502,3,5,0.5272155737923871,0.2275449101796407,0.5514646366328844,False
PGD,0.01,503,2,0,0.8041592693760903,0.55893536121673,0.8495824880364783,False
PGD,0.01,504,0,2,0.47827836153246933,0.2772585669781931,0.7079358539092834,False
PGD,0.01,506,2,3,0.49438795151902615,0.17142857142857143,0.3850341592166852,False
PGD,0.01,507,2,4,0.7062917899577354,0.45422535211267606,0.8087145250088845,False
PGD,0.01,508,3,5,0.34032236832455276,0.08571428571428572,0.3932328126051278,False
PGD,0.01,509,9,1,0.8460560702779413,0.5471698113207547,0.925623625605192,False
PGD,0.01,510,7,3,0.5366749306021545,0.648,0.7230170411759399,False
PGD,0.01,511,9,0,0.40931564297137185,0.22023809523809523,0.5199174800356986,False
PGD,0.01,512,2,0,0.5657303930185673,0.3333333333333333,0.5425364237398425,False
PGD,0.01,513,6,3,0.7140108615093859,0.43205574912891986,0.6945838166535325,False
PGD,0.01,514,7,4,0.8509176409191633,0.729957805907173,0.8858672981078526,False
PGD,0.01,515,1,9,0.8948360944288016,0.7991266375545851,0.9690955430363739,False
PGD,0.01,516,3,5,0.7828093927199319,0.5953307392996109,0.8921124580643118,False
PGD,0.01,517,6,3,0.7001679716418228,0.45907473309608543,0.7958284032822193,False
PGD,0.01,518,6,2,0.6927126388798451,0.4236111111111111,0.8023889346095071,False
PGD,0.01,520,7,5,0.6333202286918762,0.37583892617449666,0.6607504582650622,False
PGD,0.01,521,4,2,0.7984093014514569,0.5708812260536399,0.8308081885193606,False
PGD,0.01,522,0,4,0.18741753196456407,0.16056338028169015,0.28067939376844675,False
PGD,0.01,523,8,6,0.7489989761079898,0.5355805243445693,0.8503323003526665,False
PGD,0.01,524,4,3,0.7338643830225489,0.4909090909090909,0.7246515208784275,False
PGD,0.01,525,0,2,0.7954431064426899,0.4855072463768116,0.8482056514184422,False
PGD,0.01,526,9,7,0.4969878739652571,0.24096385542168675,0.5972844611497684,False
PGD,0.01,527,3,4,0.6460059518490494,0.5129151291512916,0.7795894548514357,False
PGD,0.01,528,4,2,0.6554199373941957,0.48014440433212996,0.7761213526146887,False
PGD,0.01,529,8,0,0.673767219537307,0.43356643356643354,0.6951285393381104,False
PGD,0.01,530,9,1,0.5665981776284925,0.25766871165644173,0.7356641710354029,False
PGD,0.01,531,6,5,0.7333896245994518,0.4471830985915493,0.7610759000870355,False
PGD,0.01,532,9,1,0.4895085231277034,0.3194888178913738,0.5410220138500944,False
PGD,0.01,533,2,0,0.6881408033198153,0.4748201438848921,0.7112149926618374,False
PGD,0.01,534,6,4,0.747754967075734,0.5413533834586466,0.7749672551700668,False
PGD,0.01,535,1,0,0.9031127616322252,0.8552036199095022,0.9582582037473981,False
PGD,0.01,536,7,5,0.92580871248739,0.8552036199095022,0.961062985868206,False
PGD,0.01,537,3,0,0.4266444690668123,0.3754152823920266,0.6179356485673231,False
PGD,0.01,539,3,6,0.7500016340578096,0.5241635687732342,0.7301933992333547,False
PGD,0.01,540,8,9,0.4777352712427117,0.24620060790273557,0.3536503768318503,False
PGD,0.01,541,5,3,0.8632285641671638,0.6015625,0.894742706403338,False
PGD,0.01,542,0,8,0.7318617537749942,0.44876325088339225,0.8181920635186118,False
PGD,0.01,543,2,0,0.5212910936577978,0.33986928104575165,0.4405249550329617,False
PGD,0.01,545,6,2,0.7293465384144402,0.4748201438848921,0.7095183807386786,False
PGD,0.01,546,4,2,0.36779057705714974,0.12228260869565218,0.2804257135205076,False
PGD,0.01,547,3,0,0.08906228100278583,0.04556962025316456,-0.2263483392882834,False
PGD,0.01,548,3,5,0.40417002847437306,0.1111111111111111,0.6330479755969592,False
PGD,0.01,550,6,2,0.746257199977453,0.5018315018315018,0.7594243603747394,False
PGD,0.01,551,9,1,0.879349532212026,0.8303571428571429,0.9783896742022679,False
PGD,0.01,552,8,0,0.6012533085486857,0.34527687296416937,0.5975535808512432,False
PGD,0.01,553,8,0,0.8407123283698008,0.5073529411764706,0.8292090786606076,False
PGD,0.01,554,5,3,0.16047340084780723,0.07611548556430446,0.11867996741266096,False
PGD,0.01,555,8,9,0.29052974767542095,0.14206128133704735,0.11959396408139072,False
PGD,0.01,556,6,3,0.3175756294048149,0.2668711656441718,0.3982303453272562,False
PGD,0.01,557,6,0,0.8896103803751737,0.8303571428571429,0.9029295694158486,False
PGD,0.01,558,2,0,0.37841096063683183,0.24620060790273557,0.30981915611800187,False
PGD,0.01,559,1,9,0.7729960312514385,0.5953307392996109,0.7892865675079864,False
PGD,0.01,560,7,2,0.23560066232377894,0.15168539325842698,0.36413426089170514,False
PGD,0.01,561,7,2,0.55895547831275,0.26153846153846155,0.43062585316150903,False
PGD,0.01,562,1,9,0.722573593942195,0.4186851211072664,0.652834015865393,False
PGD,0.01,563,2,0,0.3556442984840404,0.15083798882681565,0.14967884771404272,False
PGD,0.01,564,7,5,0.8024261631291999,0.4642857142857143,0.8229355867692343,False
PGD,0.01,565,9,1,0.7488310126995547,0.5110294117647058,0.7480869159479118,False
PGD,0.01,566,9,1,0.9146644018987227,0.7372881355932204,0.9236732540825638,False
PGD,0.01,567,4,5,0.48855647536462377,0.30793650793650795,0.7910791868177796,False
PGD,0.01,568,4,7,0.8659029810209952,0.6666666666666666,0.956269036665482,False
PGD,0.01,569,1,9,0.5726280952018504,0.3247588424437299,0.7461027011673551,False
PGD,0.01,570,2,8,0.8082830402449038,0.5953307392996109,0.8271283202567513,False
PGD,0.01,571,5,2,0.9016655819303185,0.8141592920353983,0.9485928252208472,False
PGD,0.01,572,6,7,0.7877137337827823,0.48201438848920863,0.8401418764426061,False
PGD,0.01,573,8,0,0.7266877751774017,0.6078431372549019,0.8862955211180097,False
PGD,0.01,574,7,5,0.70585547712874,0.42857142857142855,0.7254103451753878,False
PGD,0.01,575,6,2,0.7330454686469228,0.7446808510638298,0.7622368498798788,False
PGD,0.01,576,8,1,0.780204127136943,0.6666666666666666,0.8418215189924649,False
PGD,0.01,577,3,7,0.6051400203261932,0.4909090909090909,0.7606207156933934,False
PGD,0.01,578,0,8,0.8416256378211918,0.55893536121673,0.897985123475648,False
PGD,0.01,579,5,2,0.7321379269588981,0.6141732283464567,0.8320841077169752,False
PGD,0.01,580,5,2,0.564835837560006,0.36212624584717606,0.5445789807473438,False
PGD,0.01,581,3,4,0.80854747188157,0.7154811715481172,0.9504673506643824,False
PGD,0.01,582,0,8,0.6880024438227951,0.43356643356643354,0.7000033981193278,False
PGD,0.01,583,7,5,0.6514987771443406,0.5185185185185185,0.6703064375505886,False
PGD,0.01,584,9,8,0.8373317000781291,0.6465863453815262,0.8355112805682045,False
PGD,0.01,585,3,5,0.7655414584262942,0.7446808510638298,0.7991061523407837,False
PGD,0.01,586,4,7,0.743697350458986,0.6872427983539094,0.9028324554013079,False
PGD,0.01,587,5,7,0.8475989663819149,0.6078431372549019,0.9310418346646954,False
PGD,0.01,588,3,5,0.41383906270373205,0.18497109826589594,0.38546299875241274,False
PGD,0.01,589,9,1,0.5627671551267953,0.3057324840764331,0.4699237917953697,False
PGD,0.01,590,6,2,0.3740501014864315,0.15168539325842698,0.4093675838411643,False
PGD,0.01,591,9,1,0.3659755517131051,0.23493975903614459,0.6207048518902517,False
PGD,0.01,593,1,9,0.7613931505902279,0.5413533834586466,0.6501945475707671,False
PGD,0.01,594,1,9,0.5912383126436606,0.3945578231292517,0.7059380836973332,False
PGD,0.01,595,4,5,0.6441915036432622,0.5072992700729927,0.7842177376100007,False
PGD,0.01,596,1,9,0.6682413912628993,0.6639676113360324,0.90782540367979,False
PGD,0.01,597,9,1,0.7558639013599715,0.4855072463768116,0.8074135924191597,False
PGD,0.01,598,4,2,0.6951963141637706,0.48028673835125446,0.8430354430255304,False
PGD,0.01,599,7,5,0.7229642703214428,0.45936395759717313,0.7032276957269783,False
PGD,0.01,600,3,9,-0.021263150061067736,0.025,-0.10973513383933008,False
PGD,0.01,602,9,1,0.8933773208299333,0.7521367521367521,0.9087797882673135,False
PGD,0.01,603,0,8,0.5769350323750301,0.23795180722891565,0.5017357014358077,False
PGD,0.01,604,1,9,0.7882684888593721,0.5953307392996109,0.788933435774999,False
PGD,0.01,605,3,5,0.7977708783110923,0.5241635687732342,0.8213686423376966,False
PGD,0.01,606,6,8,0.875894228294051,0.5373134328358209,0.789912692723608,False
PGD,0.01,607,3,5,0.8596069251997231,0.6349206349206349,0.9393915022749245,False
PGD,0.01,608,3,8,0.6046181141943726,0.3069620253164557,0.743076944859504,False
PGD,0.01,609,2,5,0.8873438113892572,0.6299212598425197,0.953122731880204,False
PGD,0.01,611,3,4,0.5076211881393308,0.25382262996941896,0.6138947560306257,False
PGD,0.01,612,1,9,0.8194755940924029,0.5769230769230769,0.8237721518056312,False
PGD,0.01,613,0,8,0.09710621024697562,0.009852216748768473,-0.10590503667117838,False
PGD,0.01,616,6,3,0.5333753308483135,0.25,0.5618328375358307,False
PGD,0.01,617,4,3,0.5002127053008498,0.2893081761006289,0.4110473608757678,False
PGD,0.01,618,8,0,0.407066999470244,0.24848484848484848,0.4688815348052487,False
PGD,0.01,619,9,1,0.8030916489881171,0.44405594405594406,0.8176863045397795,False
PGD,0.01,621,9,2,0.33400762183302407,0.11413043478260869,0.2283764723348818,False
PGD,0.01,623,3,5,0.7667355276065597,0.49818181818181817,0.7998596983906253,False
PGD,0.01,624,3,4,0.8973033127082876,0.782608695652174,0.9476931047035556,False
PGD,0.01,625,2,0,0.3421265449390069,0.03015075376884422,0.1181002225782052,False
PGD,0.01,627,7,5,0.726043222846805,0.34201954397394135,0.7430404929193076,False
PGD,0.01,628,8,1,0.8699925402124252,0.583011583011583,0.8961388825330504,False
PGD,0.01,629,3,5,0.9533833536876024,0.7869565217391304,0.9566747889385075,False
PGD,0.01,630,8,0,0.36629210139580687,0.16997167138810199,0.2726821479358905,False
PGD,0.01,631,2,5,0.6951839219215299,0.8552036199095022,0.9051447766988168,False
PGD,0.01,632,7,4,0.8700924171189938,0.7154811715481172,0.8596710940121959,False
PGD,0.01,633,5,2,0.2848962916587562,0.16809116809116809,0.23000715981689765,False
PGD,0.01,634,7,5,0.8015374185396194,0.44876325088339225,0.8527825179835739,False
PGD,0.01,635,2,0,0.41184212736986553,0.30158730158730157,0.6395545158048617,False
PGD,0.01,636,4,3,0.5708685129482751,0.24471299093655588,0.5636448609262451,False
PGD,0.01,637,8,1,0.8299845587572402,0.673469387755102,0.8106030885546881,False
PGD,0.01,638,7,2,0.7694611956734629,0.5891472868217055,0.8253460933445614,False
PGD,0.01,639,4,2,0.8651685784818858,0.5413533834586466,0.9244968791280735,False
PGD,0.01,640,2,0,0.0022037896018898247,0.022443890274314215,-0.006136909055186975,False
PGD,0.01,641,9,7,0.544235428547147,0.44912280701754387,0.7052577254254219,False
PGD,0.01,642,8,0,0.7122712812189098,0.6388888888888888,0.8449346507577039,False
PGD,0.01,643,8,3,0.6676645489182591,0.4748201438848921,0.6444849232608496,False
PGD,0.01,644,6,3,0.6005608586776319,0.4236111111111111,0.6237410600132419,False
PGD,0.01,646,8,4,0.8886722655162304,0.8807339449541285,0.9540648290022121,False
PGD,0.01,647,7,9,0.8750252838318164,0.6078431372549019,0.8950943926376848,False
PGD,0.01,648,4,2,0.7391921785720706,0.410958904109589,0.8973104613691089,False
PGD,0.01,649,3,4,0.288886678946024,0.13259668508287292,0.39405593167057695,False
PGD,0.01,650,3,5,0.861584896480075,0.6872427983539094,0.9124231851034311,False
PGD,0.01,651,8,9,0.7699021171866613,0.3898305084745763,0.6370400321190568,False
PGD,0.01,652,4,7,0.766394694352291,0.5606060606060606,0.6887398882583878,False
PGD,0.01,653,9,8,0.808052473872371,0.5054945054945055,0.7589460451660474,False
PGD,0.01,654,4,7,0.7911793500537703,0.7521367521367521,0.9271956645849091,False
PGD,0.01,655,8,0,0.40102220456781157,0.11653116531165311,0.6293926751525869,False
PGD,0.01,656,8,6,0.5871707545534829,0.23123123123123124,0.5922210086033387,False
PGD,0.01,657,1,9,0.7019159658288462,0.36666666666666664,0.6430681555138698,False
PGD,0.01,658,8,0,0.6039732965315587,0.3945578231292517,0.7853401960142569,False
PGD,0.01,661,6,2,0.7274270646363468,0.44405594405594406,0.8157027346526391,False
PGD,0.01,662,5,3,0.5105829538530174,0.2772585669781931,0.7744998082846659,False
PGD,0.01,663,4,5,0.4916880823900515,0.45907473309608543,0.7194564054191812,False
PGD,0.01,665,9,1,0.6158950658922894,0.3225806451612903,0.6197707340271583,False
PGD,0.01,668,1,0,0.8222169003851668,0.5355805243445693,0.8177603876419186,False
PGD,0.01,669,4,2,0.7691620808293128,0.64,0.8912067986534346,False
PGD,0.01,670,1,9,0.6059277822027953,0.33116883116883117,0.4585694505782414,False
PGD,0.01,672,2,7,0.5644057034022318,0.3268608414239482,0.40206220444610713,False
PGD,0.01,673,7,5,0.7374476890063145,0.6546184738955824,0.9095211499774432,False
PGD,0.01,674,0,8,0.41865583810371143,0.3268608414239482,0.5145098348224322,False
PGD,0.01,675,7,5,0.8012868576633507,0.5708812260536399,0.8362969995238729,False
PGD,0.01,676,9,6,0.4021492120109596,0.6205533596837944,0.8321102841073306,False
PGD,0.01,678,6,8,0.7238103148125156,0.41724137931034483,0.6385537704546743,False
PGD,0.01,679,2,4,0.8026733479917892,0.6205533596837944,0.893181288048159,False
PGD,0.01,680,5,3,0.907991217790976,0.680327868852459,0.932997876725272,False
PGD,0.01,681,9,1,0.7899249300096162,0.46619217081850534,0.825832525846435,False
PGD,0.01,682,2,0,0.7010059891015115,0.43859649122807015,0.7660870174311695,False
PGD,0.01,683,9,1,0.9902496660602164,0.9806763285024155,0.9953488981543498,True
PGD,0.01,685,2,7,0.7742829285121176,0.729957805907173,0.8002893937660325,False
PGD,0.01,686,2,5,0.9538797957481012,0.8114035087719298,0.9832713161670666,False
PGD,0.01,687,6,4,0.2879365544533529,0.10160427807486631,0.4177850979129048,False
PGD,0.01,688,8,0,0.936580879183916,0.8061674008810573,0.9857078189286985,False
PGD,0.01,689,2,0,0.7972094866077928,0.5072992700729927,0.8378097446420077,False
PGD,0.01,690,1,9,0.8683571718225377,0.626984126984127,0.9096436921384,False
PGD,0.01,691,3,5,0.6613286036197936,0.4855072463768116,0.6253667729252871,False
PGD,0.01,692,6,4,0.7462880455574693,0.5054945054945055,0.6854509297722503,False
PGD,0.01,693,6,2,0.7910668304652946,0.583011583011583,0.9060477607819134,False
PGD,0.01,694,0,7,0.8129051527526427,0.673469387755102,0.7569873362744757,False
PGD,0.01,695,1,9,0.23630688297258348,0.1226158038147139,0.525290358472585,False
PGD,0.01,696,2,4,0.8726845940894629,0.6078431372549019,0.8943786023844988,False
PGD,0.01,697,7,4,0.9440062292934169,0.8141592920353983,0.9649526695098356,False
PGD,0.01,698,0,2,0.1469211758003493,0.1111111111111111,0.3363060615676749,False
PGD,0.01,700,4,0,0.5409241982518017,0.2852664576802508,0.5473293673393642,False
PGD,0.01,702,1,9,0.9814803028953146,0.9523809523809523,0.9915638289831441,True
PGD,0.01,703,6,2,0.7341016068470461,0.583011583011583,0.8015636270665458,False
PGD,0.01,704,4,6,0.2557491201824046,0.10810810810810811,-0.04770290541067912,False
PGD,0.01,705,0,2,0.7748641059375726,0.6078431372549019,0.8449659105870512,False
PGD,0.01,706,2,6,-0.07295403781499125,0.12021857923497267,0.15446353689964995,False
PGD,0.01,708,6,2,0.4160656841620453,0.19186046511627908,0.3474835064075963,False
PGD,0.01,709,0,2,0.8044798230124119,0.6983471074380165,0.8615272807340245,False
PGD,0.01,711,9,1,0.8778745690305557,0.5471698113207547,0.8895010197017836,False
PGD,0.01,712,1,9,0.8266043372055483,0.5648854961832062,0.8103526412466824,False
PGD,0.01,713,7,5,0.877211266764875,0.8981481481481481,0.9511750127175121,False
PGD,0.01,714,6,8,0.8446035497882486,0.680327868852459,0.8765670190204736,False
PGD,0.01,715,7,2,0.2924158490775601,0.16147308781869688,-0.003787980626907692,False
PGD,0.01,716,3,5,0.8566498240158402,0.5648854961832062,0.895933296852979,False
PGD,0.01,717,9,0,0.6419110074529105,0.28125,0.5661652250132216,False
PGD,0.01,718,6,2,0.6757582158770566,0.5355805243445693,0.7706687881258857,False
PGD,0.01,719,8,0,0.47984809966512665,0.30793650793650795,0.5257788859658082,False
PGD,0.01,720,3,0,0.15789701176321852,0.21301775147928995,0.21238193131442223,False
PGD,0.01,721,3,6,-0.20872715765083003,0.046798029556650245,-0.09396116538360254,False
PGD,0.01,722,7,2,0.7946259271816389,0.4642857142857143,0.8190544553972009,False
PGD,0.01,723,7,5,0.6917568052920496,0.5355805243445693,0.7913241477405977,False
PGD,0.01,725,4,3,0.48013753409832566,0.24620060790273557,0.6574016876257395,False
PGD,0.01,726,7,4,0.5186577330497727,0.4186851211072664,0.6553639949328468,False
PGD,0.01,727,2,5,0.12574043343554542,0.11716621253405994,0.04965238588069326,False
PGD,0.01,728,7,5,0.6421540409048259,0.45907473309608543,0.6145571918827569,False
PGD,0.01,729,1,9,0.7480543809750023,0.46953405017921146,0.7905651486510475,False
PGD,0.01,730,4,0,0.25880948587847025,0.2166172106824926,0.5517049388084511,False
PGD,0.01,731,7,5,0.7457809324883278,0.38047138047138046,0.7165758130187009,False
PGD,0.01,732,4,5,0.5109228127127645,0.23123123123123124,0.3755489335429344,False
PGD,0.01,733,4,7,0.8860024041854418,0.8552036199095022,0.940646777728992,False
PGD,0.01,734,8,0,0.9307698048430787,0.7748917748917749,0.9548025170733623,False
PGD,0.01,735,4,2,0.8246556277105794,0.6872427983539094,0.9019736781339,False
PGD,0.01,736,7,5,0.8509757183051321,0.7446808510638298,0.9399952498734524,False
PGD,0.01,737,7,5,0.8618667350982773,0.5018315018315018,0.9020242200691643,False
PGD,0.01,739,7,4,0.9028215107656795,0.7372881355932204,0.8988696653202918,False
PGD,0.01,740,2,4,0.32762036173547254,0.15168539325842698,0.4836164092026171,False
PGD,0.01,741,0,9,0.7375647730499536,0.6205533596837944,0.9306334775245523,False
PGD,0.01,742,8,0,0.9135700727884586,0.5891472868217055,0.9202651144710152,False
PGD,0.01,743,9,1,0.2860803335903235,0.1781609195402299,0.31674757056436587,False
PGD,0.01,744,5,2,0.3373340725548808,0.12637362637362637,0.2867890769910705,False
PGD,0.01,745,8,4,0.34236936326436257,0.18840579710144928,0.34897857245682207,False
PGD,0.01,746,3,4,0.5195113153277122,0.28125,0.5673533686533351,False
PGD,0.01,747,6,3,0.29470575699953294,0.12947658402203857,0.34454842607798264,False
PGD,0.01,748,2,7,0.577847713393093,0.3712374581939799,0.7764630923597335,False
PGD,0.01,749,0,2,0.6022817213363814,0.4909090909090909,0.7223065524012525,False
PGD,0.01,750,8,1,0.8774100903575942,0.7154811715481172,0.8955034182111679,False
PGD,0.01,751,7,5,0.4536006226942781,0.33116883116883117,0.4793846313207256,False
PGD,0.01,752,3,5,0.31168383792149373,0.0325,-0.05473804304966804,False
PGD,0.01,753,6,3,0.4551205057292603,0.23353293413173654,0.39230831233421326,False
PGD,0.01,754,5,4,0.758008653331085,0.553030303030303,0.8679310508252607,False
PGD,0.01,755,3,5,0.6032700675302709,0.4767025089605735,0.7498572172504283,False
PGD,0.01,756,1,0,0.7409468553739892,0.3898305084745763,0.7330490304651219,False
PGD,0.01,757,3,9,0.01655784802209619,0.014669926650366748,-0.41674506301018943,False
PGD,0.01,758,2,3,0.8899678644784809,0.7083333333333334,0.9240483966659088,False
PGD,0.01,759,2,5,0.4800546741261686,0.3225806451612903,0.4842683608737913,False
PGD,0.01,760,5,2,0.757715753272049,0.8149779735682819,0.8085672191563595,False
PGD,0.01,761,4,3,0.5209299298251301,0.4642857142857143,0.567966246245458,False
PGD,0.01,762,1,0,0.520545209889898,0.6532258064516129,0.8533480300991821,False
PGD,0.01,763,2,3,0.865542590221357,0.9523809523809523,0.9532670612198292,False
PGD,0.01,764,9,0,0.5927652101357572,0.2515151515151515,0.6893752444237913,False
PGD,0.01,765,2,0,0.8115952068708352,0.44405594405594406,0.8392059693869965,False
PGD,0.01,766,7,5,0.754746742965378,0.5769230769230769,0.8940573947183718,False
PGD,0.01,767,0,8,0.6869105867071618,0.4855072463768116,0.739914132222108,False
PGD,0.01,768,7,5,0.7882542754854103,0.5953307392996109,0.7178868689315796,False
PGD,0.01,769,2,0,0.6058057896247321,0.23493975903614459,0.6499611866884797,False
PGD,0.01,770,1,9,0.5607351043410379,0.3279742765273312,0.5547695418351779,False
PGD,0.01,771,3,2,0.3340913194897116,0.44876325088339225,0.590798864054549,False
PGD,0.01,772,2,4,0.10090799725422536,0.0327455919395466,-0.10108798118759657,False
PGD,0.01,773,2,0,0.11631888588905932,0.0,-0.24822972586575642,False
PGD,0.01,774,4,3,0.6919378744129686,0.4642857142857143,0.6781914935456453,False
PGD,0.01,775,7,2,0.3455906599488305,0.13573407202216067,0.2448144504555547,False
PGD,0.01,776,9,1,0.7388496038851124,0.4186851211072664,0.7400213461642823,False
PGD,0.01,777,8,0,0.6667090170967156,0.41379310344827586,0.5759071500777828,False
PGD,0.01,779,0,2,0.4915063960342351,0.3442622950819672,0.7074248041389379,False
PGD,0.01,780,7,3,0.628809896351483,0.3993174061433447,0.6752097553927117,False
PGD,0.01,781,7,4,0.8351468420504818,0.8149779735682819,0.9281446921116048,False
PGD,0.01,782,0,2,0.7026616258425473,0.5355805243445693,0.8266580925173832,False
PGD,0.01,783,8,6,0.7391061694168392,0.5471698113207547,0.8406583223798875,False
PGD,0.01,784,4,7,0.7918947171089212,0.6334661354581673,0.88794275425829,False
PGD,0.01,785,6,2,0.7338672374986862,0.37583892617449666,0.726827680233947,False
PGD,0.01,786,3,2,0.40148962280794304,0.41724137931034483,0.6897622504970208,False
PGD,0.01,787,3,5,0.8698710038288106,0.7053941908713693,0.9455609519049173,False
PGD,0.01,788,0,8,0.650585153107063,0.5129151291512916,0.7550373582129454,False
PGD,0.01,789,1,9,0.7969423896638599,0.4748201438848921,0.7898712317438227,False
PGD,0.01,790,3,5,0.48222015443162924,0.3225806451612903,0.6856134589240231,False
PGD,0.01,791,7,5,0.3716663733167269,0.17478510028653296,0.12943178711388556,False
PGD,0.01,792,0,2,0.31392077732102436,0.1484593837535014,0.07515399599132863,False
PGD,0.01,793,1,9,0.355628659810937,0.10160427807486631,0.02371368524412666,False
PGD,0.01,794,3,5,0.7585677238037953,0.659919028340081,0.9038225429966794,False
PGD,0.01,796,4,3,0.5619949275609133,0.3141025641025641,0.8227328529630745,False
PGD,0.01,797,2,6,0.7085275585699783,0.673469387755102,0.8977134511185011,False
PGD,0.01,798,3,1,0.5358930748851023,0.38513513513513514,0.5918090292502644,False
PGD,0.01,799,8,9,0.8075784747351027,0.5846153846153846,0.85206643616717,False
PGD,0.01,800,4,2,0.40267378651983377,0.23053892215568864,0.3345109413542011,False
PGD,0.01,801,2,5,0.9190026290670654,0.8385650224215246,0.9580267088428173,False
PGD,0.01,802,3,7,0.5678156389250901,0.4236111111111111,0.7142708674665612,False
PGD,0.01,803,7,4,0.9138353410557177,0.7682403433476395,0.9567754865001371,False
PGD,0.01,804,8,0,0.8449897052576909,0.5708812260536399,0.8938833355150639,False
PGD,0.01,807,0,8,0.2301037756885614,0.22255192878338279,0.20487270581245823,False
PGD,0.01,808,9,1,0.8198260808550923,0.5355805243445693,0.8586264968393698,False
PGD,0.01,809,0,8,0.29209156430662386,0.28125,0.12904652928314103,False
PGD,0.01,810,0,8,0.29670935982523816,0.1781609195402299,0.3886828274693901,False
PGD,0.01,811,1,8,0.8095411693115206,0.5687022900763359,0.8205625528222379,False
PGD,0.01,812,4,6,0.8426222648669982,0.7083333333333334,0.9177534708503613,False
PGD,0.01,813,4,3,0.7649525017426339,0.6205533596837944,0.8205603472554577,False
PGD,0.01,814,6,2,0.8674182733796405,0.8061674008810573,0.8917538750243464,False
PGD,0.01,815,7,3,0.7497860065843227,0.6015625,0.8824977757899026,False
PGD,0.01,817,1,9,0.7552133079552086,0.5953307392996109,0.830156058685611,False
PGD,0.01,818,1,9,0.7382574209932392,0.5355805243445693,0.7048672867707202,False
PGD,0.01,819,3,5,0.14242186195453607,0.10215053763440861,0.060540608514461094,False
PGD,0.01,820,7,4,0.7983349853473545,0.626984126984127,0.7736866936000116,False
PGD,0.01,822,5,3,0.7035305790669291,0.6141732283464567,0.8250471553001821,False
PGD,0.01,823,2,3,0.9142265342749082,0.8222222222222222,0.9606928433505729,False
PGD,0.01,824,6,2,0.6822421302985863,0.5413533834586466,0.7500397213942936,False
PGD,0.01,825,6,8,0.4251331035151097,0.19883040935672514,0.4744092045267251,False
PGD,0.01,826,5,3,0.4737216520130761,0.18497109826589594,0.25862314180335894,False
PGD,0.01,827,8,0,0.6219423562054076,0.6334661354581673,0.826439399581326,False
PGD,0.01,829,1,0,0.738689435117247,0.45907473309608543,0.8209091229494889,False
PGD,0.01,830,6,3,0.6820308333817324,0.25766871165644173,0.6986059726584626,False
PGD,0.01,831,8,9,0.940800687265114,0.61328125,0.9654694941472293,False
PGD,0.01,832,8,1,0.5789351376714171,0.3898305084745763,0.7290952521341204,False
PGD,0.01,834,3,6,0.5262219132792677,0.4041095890410959,0.7470018469564452,False
PGD,0.01,835,0,3,0.5989573536442108,0.3993174061433447,0.7873797734706377,False
PGD,0.01,836,4,2,0.4306806944828679,0.2261904761904762,0.46720670567449996,False
PGD,0.01,837,0,2,0.35664687767819797,0.2654320987654321,0.6492945261403279,False
PGD,0.01,838,1,9,0.8980938679367833,0.6788617886178862,0.9108112694144025,False
PGD,0.01,840,8,9,0.6197642546392338,0.3173076923076923,0.5477575375564467,False
PGD,0.01,841,8,1,0.5215919360514323,0.30158730158730157,0.40269405267739494,False
PGD,0.01,842,0,1,0.8391401973172757,0.6141732283464567,0.9034715996055995,False
PGD,0.01,843,6,0,0.005851633720872814,0.0,-0.1950081111662933,False
PGD,0.01,844,9,1,0.7201096181972668,0.5355805243445693,0.647360708335332,False
PGD,0.01,845,9,1,0.8854547360548254,0.6995884773662552,0.915073744518244,False
PGD,0.01,847,5,0,0.3604198196739614,0.18497109826589594,0.253385654014239,False
PGD,0.01,848,8,2,0.5411789511978288,0.2852664576802508,0.5984027349402736,False
PGD,0.01,849,0,2,0.879771476380042,0.5884615384615385,0.8826309545783698,False
PGD,0.01,850,0,8,0.8081740577286385,0.9069767441860465,0.9188254828130571,False
PGD,0.01,851,4,2,0.8595792993285952,0.6078431372549019,0.9383902489882237,False
PGD,0.01,852,2,3,0.6735490859877429,0.43859649122807015,0.7040507176838807,False
PGD,0.01,853,3,1,0.19780766973645666,0.11413043478260869,-0.012683382782811697,False
PGD,0.01,856,2,3,0.8785688436242955,0.6872427983539094,0.87892614360113,False
PGD,0.01,857,2,3,0.7346333131337395,0.6205533596837944,0.7133746989504369,False
PGD,0.01,858,5,3,0.7208102402619476,0.6532258064516129,0.8299336201895475,False
PGD,0.01,859,9,1,0.84270080298009,0.583011583011583,0.8606593304427005,False
PGD,0.01,860,8,0,0.6870633075399512,0.43356643356643354,0.7871299551826193,False
PGD,0.01,862,1,9,0.23502545869811411,0.13573407202216067,0.1736199697217262,False
PGD,0.01,863,7,5,0.7583433327529602,0.5708812260536399,0.8607120136238336,False
PGD,0.01,865,0,8,0.5805180236124076,0.3979591836734694,0.7014501393045032,False
PGD,0.01,866,0,2,0.6315864503064011,0.38,0.8120236022240733,False
PGD,0.01,867,1,9,0.6229143419624004,0.33225806451612905,0.6823717806455325,False
PGD,0.01,868,8,1,0.8592414808784716,0.45390070921985815,0.9341632496122412,False
PGD,0.01,869,3,5,0.6274907253159089,0.45907473309608543,0.6317257241673078,False
PGD,0.01,870,9,1,0.8386194381267714,0.5355805243445693,0.9002908969741037,False
PGD,0.01,871,6,0,0.6091071335378309,0.3057324840764331,0.5948095732026575,False
PGD,0.01,872,4,7,0.7715282847763166,0.7154811715481172,0.8337801121709615,False
PGD,0.01,873,7,5,0.6693107088608943,0.43859649122807015,0.80387323672093,False
PGD,0.01,874,0,2,0.21738607110029406,0.16246498599439776,0.4187939062723018,False
PGD,0.01,875,3,5,-0.15802861024202733,0.04591836734693878,-0.0024231657915666166,False
PGD,0.01,876,7,5,0.5163102997577137,0.2974683544303797,0.6447650640282531,False
PGD,0.01,877,8,1,0.8176126462226931,0.64,0.8438315624245112,False
PGD,0.01,878,9,1,0.8824076422396496,0.6872427983539094,0.8389649135003507,False
PGD,0.01,879,1,8,0.8393486941442687,0.55893536121673,0.8953247357722325,False
PGD,0.01,880,1,9,0.558966354917137,0.45229681978798586,0.48151004095200606,False
PGD,0.01,881,6,2,0.2683625314501803,0.30990415335463256,0.4881441482078367,False
PGD,0.01,882,6,2,0.7185752626712374,0.34868421052631576,0.7508455884038224,False
PGD,0.01,883,6,5,0.4994422199869991,0.4642857142857143,0.7711827779780203,False
PGD,0.01,885,9,0,0.671757936986031,0.42214532871972316,0.6507266543967825,False
PGD,0.01,886,1,9,0.6231638495617452,0.33116883116883117,0.4991801470625367,False
PGD,0.01,887,9,1,0.7905912439630934,0.5298507462686567,0.7747335590201085,False
PGD,0.01,888,9,1,0.37333964952681015,0.05128205128205128,0.17590211853701618,False
PGD,0.01,889,4,2,0.5682407505011197,0.29337539432176657,0.6976782931550267,False
PGD,0.01,890,2,3,0.3121897140142409,0.05128205128205128,0.507767770614392,False
PGD,0.01,891,1,9,0.6060028826850935,0.3141025641025641,0.5460175710612063,False
PGD,0.01,892,7,0,0.7267694277117117,0.6205533596837944,0.8067594470843891,False
PGD,0.01,893,0,8,0.36036251346166,0.2166172106824926,0.2982054739784942,False
PGD,0.01,894,6,2,0.602611216161429,0.37583892617449666,0.7557281400335301,False
PGD,0.01,895,8,0,0.731440595621188,0.4748201438848921,0.7939060007060983,False
PGD,0.01,897,9,1,0.8860352735900314,0.7521367521367521,0.8805289419388584,False
PGD,0.01,898,2,3,0.4212113029362094,0.15492957746478872,0.4330649085869262,False
PGD,0.01,899,9,0,0.7004585975117034,0.2724458204334365,0.7926756686467548,False
PGD,0.01,900,0,3,0.17723797647374054,0.14206128133704735,0.15989920043727995,False
PGD,0.01,901,4,2,0.8921035191363836,0.6465863453815262,0.9196182519604928,False
PGD,0.01,902,7,5,0.8053415617822896,0.6205533596837944,0.8964193379141685,False
PGD,0.01,903,8,0,0.7053831942639859,0.4186851211072664,0.6700657852879031,False
PGD,0.01,904,3,5,0.7910368976530415,0.6078431372549019,0.7703566111037391,False
PGD,0.01,906,2,0,0.3857431137841677,0.553030303030303,0.7811391170845372,False
PGD,0.01,907,0,8,0.38691398493198886,0.25609756097560976,0.43888599436106035,False
PGD,0.01,908,1,9,0.8895812007273443,0.6205533596837944,0.9106386328267394,False
PGD,0.01,909,5,3,0.7788708326599655,0.3712374581939799,0.8169490865642899,False
PGD,0.01,911,4,7,0.7032234367498433,0.49818181818181817,0.7965617049906385,False
PGD,0.01,912,3,2,0.6594168051086041,0.5241635687732342,0.6341449744162415,False
PGD,0.01,913,8,0,0.5521070374817912,0.2654320987654321,0.631424412084844,False
PGD,0.01,914,1,9,0.7102114576522602,0.3355048859934853,0.6863665190404825,False
PGD,0.01,915,3,2,0.25206488499158897,0.10512129380053908,-0.03214858107182209,False
PGD,0.01,916,8,1,0.8778428215555538,0.6141732283464567,0.9032280322656472,False
PGD,0.01,917,5,3,0.8531895988791652,0.6141732283464567,0.909585175333705,False
PGD,0.01,919,8,4,0.4404307633869835,0.23867069486404835,0.29300540629373506,False
PGD,0.01,920,4,5,0.6225529095676469,0.38047138047138046,0.6225248414496802,False
PGD,0.01,921,8,0,0.7919936556844458,0.44876325088339225,0.8745145779082194,False
PGD,0.01,922,1,9,0.8298489454935288,0.4855072463768116,0.8657098434911423,False
PGD,0.01,923,1,9,0.9195536554476919,0.8193832599118943,0.9423779205196718,False
PGD,0.01,924,8,0,0.8103603539470385,0.7372881355932204,0.927892263804318,False
PGD,0.01,925,9,8,0.5458721367769032,0.4236111111111111,0.5215189005114054,False
PGD,0.01,926,6,8,0.6674775784592745,0.3898305084745763,0.645496868553741,False
PGD,0.01,927,0,2,0.7370068810483408,0.5147058823529411,0.8452870015368058,False
PGD,0.01,928,8,0,0.799808379461074,0.45936395759717313,0.8368748444756696,False
PGD,0.01,929,6,2,0.5907835351666931,0.38047138047138046,0.47166430447456975,False
PGD,0.01,930,1,0,0.241757082222126,0.07894736842105263,0.001962168578995557,False
PGD,0.01,931,3,5,0.9268487074671412,0.7226890756302521,0.965731465574038,False
PGD,0.01,932,4,2,0.005776732110558905,0.0,-0.3578936442514903,False
PGD,0.01,933,1,9,0.919009650600027,0.5471698113207547,0.9214238635541047,False
PGD,0.01,934,0,2,0.953522209320548,0.8303571428571429,0.9787359033032111,False
PGD,0.01,936,1,8,0.8402603628574017,0.6872427983539094,0.9272586764984366,False
PGD,0.01,937,0,8,0.6191636727559353,0.37,0.7391659345034167,False
PGD,0.01,938,0,2,0.9224571081749081,0.8552036199095022,0.9621808248282986,False
PGD,0.01,939,3,5,0.7539498160466463,0.5220588235294118,0.8939969987464594,False
PGD,0.01,940,5,3,0.6897461483552612,0.6532258064516129,0.8779217685937022,False
PGD,0.01,941,0,6,0.799698366127776,0.4748201438848921,0.7425873267346199,False
PGD,0.01,942,0,7,0.8034615465081655,0.6334661354581673,0.9337163822700784,False
PGD,0.01,943,6,2,0.3143681974163845,0.15406162464985995,0.09040921200967322,False
PGD,0.01,944,6,2,0.46419095417027245,0.26153846153846155,0.47230432138499306,False
PGD,0.01,945,3,5,0.6783896227082729,0.4186851211072664,0.7826971542872186,False
PGD,0.01,946,3,0,0.7790481629698763,0.6205533596837944,0.874808569997601,False
PGD,0.01,947,6,2,0.38027165752045805,0.45390070921985815,0.6175835758708192,False
PGD,0.01,948,3,5,0.5021423548690771,0.37583892617449666,0.4427137572283317,False
PGD,0.01,950,6,4,0.30059104863481567,0.15126050420168066,0.10820696866227543,False
PGD,0.01,951,0,1,0.6563338897543678,0.44876325088339225,0.7517770108572346,False
PGD,0.01,952,7,9,0.39194948129602514,0.17329545454545456,0.22863029205181298,False
PGD,0.01,953,2,3,0.8836416564220507,0.8141592920353983,0.9472740106165776,False
PGD,0.01,956,2,7,-0.18853245966059648,0.112565445026178,0.09618043790742156,False
PGD,0.01,957,8,1,0.9344147872289962,0.6465863453815262,0.9681805275506339,False
PGD,0.01,958,5,3,0.7066534960631435,0.38047138047138046,0.7460241487569512,False
PGD,0.01,959,2,0,0.8672279236320208,0.5708812260536399,0.9016158604853717,False
PGD,0.01,960,1,0,0.6989120278955566,0.45422535211267606,0.6832835799759025,False
PGD,0.01,961,1,9,0.3039460933695619,0.1781609195402299,0.3397002232457861,False
PGD,0.01,964,2,6,0.3883158666351755,0.15492957746478872,0.12576081133905548,False
PGD,0.01,965,3,5,0.6943770669774048,0.5202952029520295,0.7594944458377586,False
PGD,0.01,966,1,9,0.7573875079934413,0.583011583011583,0.7535438316783102,False
PGD,0.01,967,5,2,0.6872940812969082,0.5185185185185185,0.7193886002602837,False
PGD,0.01,968,3,4,0.4751855281647295,0.17231638418079095,0.4925165457512541,False
PGD,0.01,969,7,5,0.6197918726814313,0.30158730158730157,0.6480393128866316,False
PGD,0.01,970,6,1,0.4162358545173668,0.22388059701492538,0.4292219485484974,False
PGD,0.01,971,8,9,0.7068800170459515,0.33116883116883117,0.5613444833418224,False
PGD,0.01,972,9,1,0.6297371008740972,0.26153846153846155,0.8023067970622795,False
PGD,0.01,973,1,9,0.8852450266568619,0.729957805907173,0.9362077233482309,False
PGD,0.01,974,6,7,0.7195922881254607,0.44947735191637633,0.8400623969874147,False
PGD,0.01,975,4,5,0.7362880064160756,0.5129151291512916,0.8208968089126296,False
PGD,0.01,976,9,5,0.01818135634568222,0.012285012285012284,-0.30899452188998966,False
PGD,0.01,977,3,5,0.5048507909841915,0.5907335907335908,0.7994447812649749,False
PGD,0.01,978,9,1,0.5791513114870035,0.31309904153354634,0.512176192830042,False
PGD,0.01,979,0,8,0.7041729708004484,0.5298507462686567,0.7738060108099533,False
PGD,0.01,980,9,0,0.7793676774045066,0.5241635687732342,0.8478694084477377,False
PGD,0.01,981,6,3,0.3996951600482285,0.08465608465608465,0.18703555141190606,False
PGD,0.01,982,3,7,0.7447890127463453,0.5769230769230769,0.7641171988797976,False
PGD,0.01,984,7,5,0.8064176615922761,0.680327868852459,0.9075751708770021,False
PGD,0.01,986,8,0,0.3608127388894453,0.16666666666666666,0.16780132673200865,False
PGD,0.01,987,0,8,0.6668921883690541,0.4355400696864111,0.7590511926317167,False
PGD,0.01,988,0,9,0.5332853320597523,0.23867069486404835,0.4174930291559248,False
PGD,0.01,989,6,3,0.7075165145818321,0.6141732283464567,0.8294737830024878,False
PGD,0.01,990,6,2,0.8635771284265631,0.5129151291512916,0.9002471979293883,False
PGD,0.01,991,9,1,0.4388907822730714,0.11716621253405994,0.6060439790551936,False
PGD,0.01,992,4,7,0.7912355358299066,0.33116883116883117,0.7645449557470662,False
PGD,0.01,993,6,3,0.7552298757319267,0.659919028340081,0.6883427216188803,False
PGD,0.01,994,3,5,0.7568917928274567,0.5708812260536399,0.7987086220401725,False
PGD,0.01,995,6,3,0.5529688248256175,0.2893081761006289,0.6612623303484114,False
PGD,0.01,996,0,8,0.7763511467888295,0.7012448132780082,0.85404756524413,False
PGD,0.01,997,8,0,0.7761449236532992,0.48014440433212996,0.7121047114624455,False
PGD,0.01,998,6,3,0.6414515814845886,0.4855072463768116,0.8173068214628706,False
PGD,0.01,999,0,5,0.3386603937489576,0.19533527696793002,0.3159852565167249,False
PGD,0.03,0,3,8,0.5877139687835385,0.30158730158730157,0.6567853768061928,False
PGD,0.03,1,8,1,0.8323497407182434,0.5891472868217055,0.8204860847681188,False
PGD,0.03,3,6,2,0.5964120179217136,0.1873198847262248,0.649418255994761,False
PGD,0.03,4,6,4,0.5219975671518771,0.37333333333333335,0.4264376942048697,False
PGD,0.03,5,1,9,0.7836384520984458,0.5073529411764706,0.8853156814890774,False
PGD,0.03,6,6,2,0.5147234235102167,0.3355048859934853,0.4972950746973605,False
PGD,0.03,7,3,4,0.41713964273827975,0.12295081967213115,0.6057389423801443,False
PGD,0.03,8,1,9,0.7129297841715037,0.35973597359735976,0.7387024811810335,False
PGD,0.03,9,0,5,0.8592396390420445,0.8222222222222222,0.9544957053998678,False
PGD,0.03,10,9,1,0.9434276506216568,0.7758620689655172,0.9669110669238928,False
PGD,0.03,11,5,4,0.6932583664872507,0.5241635687732342,0.7606398179557183,False
PGD,0.03,12,7,5,0.4767209263945538,0.30158730158730157,0.3697768441245667,False
PGD,0.03,13,9,1,0.6819045301910818,0.3945578231292517,0.5758915602021261,False
PGD,0.03,14,8,6,0.7467569906075799,0.553030303030303,0.8368431927540271,False
PGD,0.03,15,5,3,0.7166729065528988,0.5907335907335908,0.804943256222165,False
PGD,0.03,16,7,9,0.1985194930714967,0.059431524547803614,0.06382209198776892,False
PGD,0.03,17,8,0,0.8629867503937532,0.48375451263537905,0.8783238691158365,False
PGD,0.03,18,6,2,0.8309860343675641,0.6465863453815262,0.8895372825845244,False
PGD,0.03,19,7,5,0.652202214086814,0.40893470790378006,0.6378397492471385,False
PGD,0.03,20,0,2,0.8568722152057484,0.7083333333333334,0.9263128742072276,False
PGD,0.03,21,4,6,0.5804360217608363,0.2275449101796407,0.5350433657452066,False
PGD,0.03,22,9,1,0.6293995613739527,0.4186851211072664,0.5429945899402562,False
PGD,0.03,23,5,4,0.7504187714330544,0.4186851211072664,0.8354273400609947,False
PGD,0.03,24,2,3,0.3687903428375831,0.38513513513513514,0.5058779895433333,False
PGD,0.03,25,4,6,-0.026366136097776313,0.12947658402203857,0.15885359917556083,False
PGD,0.03,26,9,1,0.6313147548828605,0.3779264214046823,0.661577555229002,False
PGD,0.03,27,6,4,0.7918945187978315,0.7372881355932204,0.8391124976285829,False
PGD,0.03,28,6,3,0.3887503906318466,0.3355048859934853,0.2718884750194793,False
PGD,0.03,29,5,3,0.5742091033878955,0.2893081761006289,0.5840524342682789,False
PGD,0.03,31,5,2,0.4850301077142847,0.40893470790378006,0.5516383259081521,False
PGD,0.03,32,9,1,0.9445612718896753,0.7521367521367521,0.9687480966672383,False
PGD,0.03,34,1,9,0.6709387244561708,0.30063291139240506,0.6930678059215993,False
PGD,0.03,35,5,2,0.6718218792340106,0.5298507462686567,0.8133235900039193,False
PGD,0.03,36,6,2,0.5809752782112739,0.3183279742765273,0.5990829350010946,False
PGD,0.03,37,6,2,0.7332450070531389,0.3576158940397351,0.7568914672605933,False
PGD,0.03,38,0,2,0.6532093602999495,0.41724137931034483,0.8291818807793265,False
PGD,0.03,39,9,1,0.8915417476077757,0.6078431372549019,0.9081278976167608,False
PGD,0.03,40,3,6,0.7015024820544492,0.3993174061433447,0.709025320154177,False
PGD,0.03,41,7,4,0.8889235744374038,0.8222222222222222,0.9125974428938405,False
PGD,0.03,42,6,2,0.6309625531034269,0.6666666666666666,0.8455001431548216,False
PGD,0.03,43,9,0,0.580002931037576,0.36303630363036304,0.8393348230675209,False
PGD,0.03,44,8,6,0.8125158505447188,0.4236111111111111,0.8184648010824862,False
PGD,0.03,46,8,0,0.6844263766071147,0.3333333333333333,0.6672662635415689,False
PGD,0.03,47,8,2,0.9044000748875578,0.782608695652174,0.9506009059834265,False
PGD,0.03,48,7,4,0.6152890130668085,0.3268608414239482,0.7256249617031987,False
PGD,0.03,50,4,5,0.6327564091777799,0.5298507462686567,0.7165187165931673,False
PGD,0.03,52,7,5,0.9248447461197009,0.7748917748917749,0.964415824363227,False
PGD,0.03,54,6,7,0.6829262695911743,0.3675496688741722,0.7471131417889816,False
PGD,0.03,55,3,5,0.5497074427717563,0.43902439024390244,0.8482260185053084,False
PGD,0.03,56,6,2,0.7451207007759543,0.7521367521367521,0.8704240230902769,False
PGD,0.03,57,2,6,0.6297787999577226,0.3712374581939799,0.6510197023497819,False
PGD,0.03,58,2,1,0.6348222344755553,0.3898305084745763,0.4941009777889936,False
PGD,0.03,59,3,6,0.5181817135301049,0.26993865030674846,0.7292021664398758,False
PGD,0.03,60,7,4,0.8483603146566442,0.7672413793103449,0.915552992335609,False
PGD,0.03,61,2,5,0.5544456036640166,0.4340277777777778,0.7210723047204632,False
PGD,0.03,62,6,5,0.7837800630010091,0.46099290780141844,0.8235439281929708,False
PGD,0.03,63,8,0,0.9318044119509015,0.673469387755102,0.9582198882764916,False
PGD,0.03,64,8,0,0.8607833260262506,0.5054945054945055,0.8837886722267819,False
PGD,0.03,65,0,9,0.7580299420425525,0.6465863453815262,0.7801556049552062,False
PGD,0.03,66,2,3,0.7107136133755488,0.626984126984127,0.8209927852798421,False
PGD,0.03,67,9,0,0.6502516767376559,0.553030303030303,0.8537085324485194,False
PGD,0.03,68,3,8,0.43857954452489367,0.33766233766233766,0.6410323968162888,False
PGD,0.03,69,3,5,0.8601727493261621,0.7903930131004366,0.9149870634161619,False
PGD,0.03,70,8,4,0.6745439738740583,0.2607361963190184,0.5935110881519873,False
PGD,0.03,71,8,3,0.46608536689715824,0.23353293413173654,0.5155356226551603,False
PGD,0.03,72,1,9,0.5676168190685966,0.35526315789473684,0.5445622044382099,False
PGD,0.03,73,1,9,0.9289142552035801,0.7083333333333334,0.9351178351354356,False
PGD,0.03,74,7,5,0.49517684209418134,0.25688073394495414,0.32339157294160364,False
PGD,0.03,75,2,3,0.5386142227592046,0.3057324840764331,0.6096217855922555,False
PGD,0.03,76,5,7,0.6994240163610532,0.8303571428571429,0.9029305885402894,False
PGD,0.03,77,7,3,0.7657285970608159,0.759656652360515,0.9414842057842336,False
PGD,0.03,78,8,9,0.7528238435170459,0.43859649122807015,0.882184999719186,False
PGD,0.03,79,9,1,0.871582138688254,0.5241635687732342,0.913508770259434,False
PGD,0.03,80,0,8,0.7988212394291128,0.6205533596837944,0.8991020593328611,False
PGD,0.03,81,8,9,0.7963168476294924,0.55893536121673,0.9397253308679123,False
PGD,0.03,82,6,2,0.7502926794823105,0.583011583011583,0.8371147681046026,False
PGD,0.03,83,4,5,0.8272901264035842,0.55893536121673,0.7994756231897404,False
PGD,0.03,85,6,4,0.036870866507541844,0.0873015873015873,0.009223779248790916,False
PGD,0.03,86,0,2,0.6983775287183255,0.5296296296296297,0.7614303291847219,False
PGD,0.03,87,0,2,0.7537480833810705,0.44876325088339225,0.854459776516952,False
PGD,0.03,88,7,5,0.7582886296836935,0.3993174061433447,0.7676965644163853,False
PGD,0.03,89,4,7,0.7804712075850314,0.7154811715481172,0.8596541697702171,False
PGD,0.03,90,5,4,0.7650338553895171,0.7521367521367521,0.896347164960895,False
PGD,0.03,91,6,2,0.6486030542370919,0.5413533834586466,0.754415639073036,False
PGD,0.03,92,3,6,0.7676239701362668,0.5953307392996109,0.8976938156963015,False
PGD,0.03,93,1,9,0.919018574455786,0.659919028340081,0.9392554892639424,False
PGD,0.03,94,1,9,0.9049701587511942,0.7280334728033473,0.9537626617642506,False
PGD,0.03,95,3,6,0.5659082504618774,0.33986928104575165,0.7027141084885696,False
PGD,0.03,96,6,2,0.2476172136510006,0.047979797979797977,-0.07489798338947158,False
PGD,0.03,97,7,5,0.9090375115532847,0.659919028340081,0.929266399674985,False
PGD,0.03,98,4,2,0.6387089694658648,0.45907473309608543,0.6882803833901485,False
PGD,0.03,99,0,8,0.4205851428795912,0.3333333333333333,0.6167355007449027,False
PGD,0.03,101,2,6,0.6024968570641438,0.16809116809116809,0.5408487610748034,False
PGD,0.03,102,1,9,0.9276202294600786,0.6015625,0.9378223323849112,False
PGD,0.03,103,3,6,0.6011399072512279,0.3057324840764331,0.7438511143239642,False
PGD,0.03,104,0,8,0.6477201634979416,0.5073529411764706,0.6562568446819554,False
PGD,0.03,105,4,0,0.7732493600549077,0.5185185185185185,0.8721632335595991,False
PGD,0.03,107,7,6,0.5356786346476585,0.2852664576802508,0.2988952245518272,False
PGD,0.03,108,8,1,0.7615529903205189,0.4236111111111111,0.7708439930329251,False
PGD,0.03,109,3,5,0.91810563131726,0.7982456140350878,0.9388233360904008,False
PGD,0.03,110,1,9,0.9048141122040664,0.7154811715481172,0.9527270151381508,False
PGD,0.03,111,2,3,0.794628767087262,0.55893536121673,0.8648651908830499,False
PGD,0.03,112,8,9,0.7484872194514032,0.5298507462686567,0.8005764639556591,False
PGD,0.03,113,0,2,-0.12718963657449453,0.0,-0.331590226071424,False
PGD,0.03,114,8,1,0.7509123560305707,0.45907473309608543,0.8369786570471144,False
PGD,0.03,115,3,6,0.3291947457190006,0.13150684931506848,0.06185518928597768,False
PGD,0.03,117,2,0,0.40945702536615747,0.3344155844155844,0.5708297624898468,False
PGD,0.03,118,4,2,0.7677815620258407,0.7672413793103449,0.9291141519415944,False
PGD,0.03,119,1,9,0.6482682662558626,0.3355048859934853,0.546903987275578,False
PGD,0.03,120,8,1,0.8966347648811763,0.6334661354581673,0.9000747217425233,False
PGD,0.03,121,9,1,0.9023578159907866,0.680327868852459,0.9053042141990929,False
PGD,0.03,122,1,6,0.702166500925665,0.5129151291512916,0.7095652846135183,False
PGD,0.03,123,2,3,0.2960260057701071,0.25766871165644173,0.4270838465109119,False
PGD,0.03,124,9,1,0.7252097777449168,0.5622641509433962,0.8107727807118409,False
PGD,0.03,125,7,9,0.19718690658222054,0.06493506493506493,0.011825315145066547,False
PGD,0.03,126,2,3,0.9322878645633804,0.8061674008810573,0.9609520183736628,False
PGD,0.03,127,9,8,0.6498302785203015,0.45907473309608543,0.8916567633712081,False
PGD,0.03,128,6,3,0.7738945555815352,0.44405594405594406,0.8781450539825104,False
PGD,0.03,129,6,3,0.7257093104627534,0.3247588424437299,0.8513716244440657,False
PGD,0.03,131,8,0,0.715999846892244,0.3300970873786408,0.7361628102040095,False
PGD,0.03,132,7,3,0.5088136435194305,0.17142857142857143,0.3966029425043702,False
PGD,0.03,133,6,2,0.7912572207481782,0.8061674008810573,0.837708838035826,False
PGD,0.03,134,5,7,0.27079355451292164,0.08465608465608465,0.06255836124212424,False
PGD,0.03,135,2,3,0.7907837930041746,0.5185185185185185,0.7740344164583902,False
PGD,0.03,136,8,0,0.6301178534421519,0.37583892617449666,0.4893341028575738,False
PGD,0.03,137,9,1,0.7886343966265754,0.60546875,0.8606260317027464,False
PGD,0.03,138,6,0,0.5610187786201445,0.37583892617449666,0.4691123951079991,False
PGD,0.03,139,0,2,0.7617175009855229,0.5298507462686567,0.8413311732196295,False
PGD,0.03,141,5,6,0.5133203266685507,0.1388888888888889,0.5749751756592689,False
PGD,0.03,142,2,6,0.6045122517413355,0.38047138047138046,0.5817777700822926,False
PGD,0.03,143,9,1,0.7875081745235348,0.3576158940397351,0.7815227220860641,False
PGD,0.03,145,4,0,0.8737883890521597,0.8303571428571429,0.9194051012042487,False
PGD,0.03,146,2,0,0.38582977366195603,0.2166172106824926,0.2874919740798773,False
PGD,0.03,147,1,9,0.599303270538941,0.27076923076923076,0.5484145829510111,False
PGD,0.03,148,6,2,0.4861420689391099,0.4748201438848921,0.6788107387217497,False
PGD,0.03,149,6,2,0.12433426697585544,0.017326732673267328,-0.12761790695594658,False
PGD,0.03,151,4,2,0.7890534705383229,0.691358024691358,0.9392346026708388,False
PGD,0.03,152,8,9,0.5847599020988278,0.3825503355704698,0.8270975879842292,False
PGD,0.03,153,4,2,0.6082514625320972,0.5769230769230769,0.7518326283244485,False
PGD,0.03,154,5,9,0.5363697193124877,0.3540983606557377,0.6229274630311344,False
PGD,0.03,156,9,1,0.8923560234569233,0.659919028340081,0.9151645899313448,False
PGD,0.03,158,9,8,0.9488877042158116,0.5945945945945946,0.9558933265582666,False
PGD,0.03,159,8,2,0.49774229836412065,0.23723723723723725,0.49247362297112807,False
PGD,0.03,161,9,1,0.9549400851395003,0.8721461187214612,0.9855098182293452,False
PGD,0.03,162,3,6,0.7074315490465634,0.33986928104575165,0.8435414652342142,False
PGD,0.03,163,7,5,0.6250403976087189,0.40273037542662116,0.6810463741386534,False
PGD,0.03,164,5,3,0.720268349904607,0.4626334519572954,0.726248115580474,False
PGD,0.03,165,0,8,0.8231980069402671,0.5451127819548872,0.8768828784786477,False
PGD,0.03,166,0,3,0.6337516247487721,0.5278810408921933,0.7894264022372367,False
PGD,0.03,167,5,3,0.6463202674013491,0.30158730158730157,0.7145592045453435,False
PGD,0.03,168,2,0,0.6985165856402511,0.5355805243445693,0.8248918679119849,False
PGD,0.03,169,2,6,0.20306210227153257,0.44876325088339225,0.5387055748757157,False
PGD,0.03,170,3,5,0.4430836856757158,0.5584905660377358,0.6747265268032282,False
PGD,0.03,171,8,4,0.7153035024478591,0.5355805243445693,0.7732400037947562,False
PGD,0.03,172,6,2,0.7394288048236328,0.7012448132780082,0.9027684166384665,False
PGD,0.03,173,3,8,0.7839677466311046,0.5241635687732342,0.7286516786305907,False
PGD,0.03,174,4,3,0.39158256225785265,0.23493975903614459,0.40564760469737204,False
PGD,0.03,175,0,8,0.0349557795367681,0.004901960784313725,-0.2605698956321504,False
PGD,0.03,176,8,4,0.5754216005434984,0.20588235294117646,0.6035236239317485,False
PGD,0.03,178,1,7,0.6813616384614325,0.6205533596837944,0.7039299408353344,False
PGD,0.03,179,7,5,0.36657399581139083,0.23123123123123124,0.3118500032558018,False
PGD,0.03,180,8,9,0.7461348689704054,0.4642857142857143,0.6851018832889182,False
PGD,0.03,181,8,4,0.14672383674580228,0.1349862258953168,0.37435599871421277,False
PGD,0.03,182,7,3,0.5635779455322056,0.36303630363036304,0.5634226372638226,False
PGD,0.03,183,8,6,0.8403118403088412,0.5769230769230769,0.8199763540980073,False
PGD,0.03,184,5,3,0.7137856904924269,0.36666666666666664,0.6803312486228867,False
PGD,0.03,185,1,0,0.6914554852220787,0.46953405017921146,0.6839689538285145,False
PGD,0.03,186,8,1,0.6187262178946992,0.3464052287581699,0.6854017627676401,False
PGD,0.03,187,7,9,0.6488998591357059,0.4748201438848921,0.6751465739111211,False
PGD,0.03,188,1,9,0.7657288045308294,0.4370629370629371,0.7296437272452584,False
PGD,0.03,189,3,5,0.7124831657808484,0.45390070921985815,0.8222042632955294,False
PGD,0.03,190,5,3,0.5948621411255035,0.2553191489361702,0.5911623786815474,False
PGD,0.03,191,7,5,0.7635090623516589,0.4855072463768116,0.7917595432112776,False
PGD,0.03,192,9,8,0.88471121874434,0.8078602620087336,0.9406238412054261,False
PGD,0.03,193,7,3,0.7181827900955349,0.3576158940397351,0.7841739514303424,False
PGD,0.03,194,4,8,0.7559898046434984,0.4642857142857143,0.7679817619207433,False
PGD,0.03,195,5,3,0.5631208515880332,0.29874213836477986,0.5135960329481368,False
PGD,0.03,197,8,1,0.6514570829651413,0.4748201438848921,0.7900549787111294,False
PGD,0.03,198,0,2,0.06214882636501935,0.07329842931937172,-0.1979019709002826,False
PGD,0.03,199,7,3,0.7252816479190214,0.49635036496350365,0.8277936872777194,False
PGD,0.03,200,9,1,0.8378844763091683,0.583011583011583,0.9086364121640426,False
PGD,0.03,201,2,7,0.8698657375909168,0.680327868852459,0.8938664763238454,False
PGD,0.03,202,7,5,0.6071473281326313,0.29245283018867924,0.512192389206188,False
PGD,0.03,203,6,3,0.4931901825596055,0.30158730158730157,0.6155839927453625,False
PGD,0.03,204,9,7,0.6739404528400414,0.3183279742765273,0.8177404997493569,False
PGD,0.03,205,4,3,0.1745043413468775,0.4788732394366197,0.5749699746158466,False
PGD,0.03,207,9,1,0.8727197520126252,0.5708812260536399,0.8911833840296871,False
PGD,0.03,209,4,2,0.4987882452082859,0.23493975903614459,0.3138696405606173,False
PGD,0.03,210,7,6,0.24909894534801036,0.19883040935672514,0.3976282021462378,False
PGD,0.03,211,6,2,0.217456310013549,0.21893491124260356,0.3254258997384199,False
PGD,0.03,212,5,3,0.6513410611835876,0.5769230769230769,0.723076443405778,False
PGD,0.03,213,1,9,0.7640765244967839,0.4041095890410959,0.6844793123243075,False
PGD,0.03,214,5,3,0.7183915918748743,0.49818181818181817,0.8581358692550549,False
PGD,0.03,215,8,1,0.8465911943531601,0.7083333333333334,0.814953423210488,False
PGD,0.03,216,8,0,0.8286980048328991,0.648,0.9139347102087609,False
PGD,0.03,217,0,8,0.7533752744102619,0.5241635687732342,0.8064436033982078,False
PGD,0.03,219,5,3,0.8491911176570068,0.626984126984127,0.8142036022093956,False
PGD,0.03,220,1,9,0.849642960299578,0.6666666666666666,0.8574327104476129,False
PGD,0.03,221,1,9,0.8112050581877753,0.5241635687732342,0.8285256753759742,False
PGD,0.03,222,8,1,0.9007327822450351,0.8385650224215246,0.9307691546231784,False
PGD,0.03,223,9,0,0.4155190363736443,0.24471299093655588,0.2834525657030843,False
PGD,0.03,224,0,2,0.603510630069047,0.3047619047619048,0.7017355626042622,False
PGD,0.03,225,3,2,0.008777708189906322,0.07049608355091384,-0.09803676213918898,False
PGD,0.03,226,1,9,0.9679876837504686,0.8185840707964602,0.979403981111901,False
PGD,0.03,227,9,8,0.43366640509562926,0.18497109826589594,0.43916472419192043,False
PGD,0.03,228,2,6,0.7899227328818931,0.48201438848920863,0.7999507628143984,False
PGD,0.03,229,2,0,0.2914012949009627,0.09042553191489362,0.17464290097349683,False
PGD,0.03,230,5,9,0.6657789772233138,0.6078431372549019,0.8525192568533762,False
PGD,0.03,231,3,5,0.5590803339722127,0.2974683544303797,0.5023924696315955,False
PGD,0.03,232,9,1,0.3785990038239149,0.23123123123123124,0.06827661594256841,False
PGD,0.03,233,9,8,0.8903119093214972,0.8070175438596491,0.8985835015425105,False
PGD,0.03,234,4,2,0.3716892134494661,0.21301775147928995,0.42548509779325683,False
PGD,0.03,235,0,8,0.7079673345040904,0.5413533834586466,0.8047614086352207,False
PGD,0.03,236,3,6,0.8548426565951144,0.7341772151898734,0.9047900663344026,False
PGD,0.03,237,0,8,0.7736821371108602,0.5471698113207547,0.9248114056158377,False
PGD,0.03,238,9,1,0.59006100448197,0.33986928104575165,0.6670843167970127,False
PGD,0.03,239,8,6,0.6625234685068779,0.33116883116883117,0.5834273729903503,False
PGD,0.03,240,1,9,0.8786585018832302,0.729957805907173,0.8995704590288279,False
PGD,0.03,241,5,3,0.7727446091421962,0.7748917748917749,0.8384831511004621,False
PGD,0.03,242,7,3,0.5151437495716471,0.3442622950819672,0.7888729411493121,False
PGD,0.03,244,8,2,0.5948320153326391,0.33986928104575165,0.5650261639030427,False
PGD,0.03,245,2,8,0.8678883522660774,0.6872427983539094,0.8734792802840206,False
PGD,0.03,246,4,6,0.442878822016486,0.1742857142857143,0.263845142617392,False
PGD,0.03,247,7,5,0.7619454704601174,0.6465863453815262,0.8756354154854614,False
PGD,0.03,248,0,3,0.6110538353788054,0.38047138047138046,0.7119978220036212,False
PGD,0.03,249,2,4,0.0033825220128234764,0.03535353535353535,-0.2814252828446011,False
PGD,0.03,250,3,5,0.7688055923924997,0.5769230769230769,0.760278261068678,False
PGD,0.03,251,6,2,0.6797647900037611,0.4855072463768116,0.7976626449227846,False
PGD,0.03,253,8,1,0.803034049607593,0.5471698113207547,0.8334371804920728,False
PGD,0.03,255,0,8,0.6080162603912335,0.44876325088339225,0.6511991712684306,False
PGD,0.03,257,4,6,0.7372652269523046,0.4856115107913669,0.8065076937043244,False
PGD,0.03,258,3,6,0.7176461991305172,0.4855072463768116,0.7075444095842317,False
PGD,0.03,259,9,1,0.2372816476072653,0.05612244897959184,-0.20177519921397916,False
PGD,0.03,261,6,2,0.5716966431720193,0.25,0.5630023935477935,False
PGD,0.03,262,1,9,0.9297028051678246,0.7446808510638298,0.9492680065754613,False
PGD,0.03,263,9,8,0.791200062226967,0.40476190476190477,0.7241048165188061,False
PGD,0.03,264,1,8,0.5368272656610665,0.23493975903614459,0.3809602224430717,False
PGD,0.03,266,7,3,0.45166953047255287,0.18497109826589594,0.5687717662356466,False
PGD,0.03,267,9,1,0.8501019181584465,0.6532258064516129,0.9037912092397158,False
PGD,0.03,268,1,8,0.8566237972421054,0.7672413793103449,0.883816036041341,False
PGD,0.03,269,2,3,0.8858783994553358,0.7446808510638298,0.8997150810296667,False
PGD,0.03,270,6,2,0.7264110057961923,0.583011583011583,0.8231653088302706,False
PGD,0.03,271,9,1,0.6658839352760249,0.41379310344827586,0.6767553788611467,False
PGD,0.03,272,3,4,0.8371806103493687,0.8468468468468469,0.9197412000348127,False
PGD,0.03,273,4,2,0.25230244578195726,0.3183279742765273,0.6317980116704892,False
PGD,0.03,274,6,3,0.5704306923176752,0.20588235294117646,0.4374468845155054,False
PGD,0.03,275,0,8,0.5241012501381558,0.34868421052631576,0.5755111662109986,False
PGD,0.03,276,0,2,0.8400613092018302,0.7154811715481172,0.880847435761821,False
PGD,0.03,277,6,3,0.6342656433516176,0.45907473309608543,0.8907000449318904,False
PGD,0.03,278,6,2,0.38940522196005545,0.32371794871794873,0.6122843307171667,False
PGD,0.03,279,6,9,0.3782960994914966,0.18497109826589594,0.2967446689807436,False
PGD,0.03,280,3,4,0.35605732835684384,0.25688073394495414,0.476316605273674,False
PGD,0.03,281,2,5,0.5781180696581221,0.37583892617449666,0.6704833460267533,False
PGD,0.03,282,6,2,0.7747726611280689,0.5241635687732342,0.8057904908542058,False
PGD,0.03,283,8,9,0.6181489231613239,0.34527687296416937,0.6399987302576711,False
PGD,0.03,284,2,6,0.6405059147306537,0.48014440433212996,0.8019943361289908,False
PGD,0.03,285,1,9,0.5785579068545589,0.24242424242424243,0.6584522875468077,False
PGD,0.03,287,8,9,0.4532498226105563,0.27469135802469136,0.549769297209622,False
PGD,0.03,288,6,2,0.5857181929352558,0.3183279742765273,0.6151098499950131,False
PGD,0.03,289,8,0,0.5440476362251804,0.3898305084745763,0.5969424751620721,False
PGD,0.03,290,0,3,0.1255725559354181,0.22023809523809523,0.2663603681831234,False
PGD,0.03,291,4,3,0.43070836236856097,0.19533527696793002,0.3190011284375203,False
PGD,0.03,292,7,2,0.5590436388242482,0.35313531353135313,0.6418490297297751,False
PGD,0.03,293,7,4,0.8970303223771456,0.7982456140350878,0.9257841870792072,False
PGD,0.03,294,5,6,0.8609835380280512,0.5747126436781609,0.8881854134662804,False
PGD,0.03,295,5,3,0.7579716883996535,0.7672413793103449,0.9357201577114387,False
PGD,0.03,296,3,2,0.7675995959420882,0.5413533834586466,0.8402240710849731,False
PGD,0.03,297,5,3,0.8810304648424747,0.8026315789473685,0.9369986210291281,False
PGD,0.03,298,2,4,0.8283577634561696,0.5992217898832685,0.8871510397861417,False
PGD,0.03,299,3,5,0.5945430991603041,0.4236111111111111,0.7155863101257773,False
PGD,0.03,300,4,5,0.13603142735700036,0.09333333333333334,-0.09158316809873375,False
PGD,0.03,301,1,5,0.6303147648548302,0.45907473309608543,0.6503857644239028,False
PGD,0.03,302,7,4,0.6887544974568989,0.6205533596837944,0.6836061532199369,False
PGD,0.03,303,5,3,0.7673748422375489,0.45390070921985815,0.802734658105693,False
PGD,0.03,304,4,2,0.6002299005090612,0.37583892617449666,0.6031780596529136,False
PGD,0.03,305,6,2,0.5025526214192605,0.28125,0.4543140828200139,False
PGD,0.03,306,1,9,0.9566908857878849,0.7372881355932204,0.9905641948130949,False
PGD,0.03,307,9,0,0.6598312316005003,0.34069400630914826,0.8545686022848777,False
PGD,0.03,308,3,2,0.23525835081112445,0.22388059701492538,0.45411560588510114,False
PGD,0.03,309,6,2,0.8007983372232618,0.4748201438848921,0.8139917123962905,False
PGD,0.03,310,9,1,0.7251572106143779,0.5185185185185185,0.7022771434202708,False
PGD,0.03,311,3,5,0.8099969493214195,0.5018315018315018,0.8788882812974471,False
PGD,0.03,312,8,6,0.8801246254578144,0.8468468468468469,0.9728433287907757,False
PGD,0.03,313,0,2,0.6281737009300671,0.3268608414239482,0.6845701051154196,False
PGD,0.03,314,7,1,0.6614108206690482,0.5413533834586466,0.6906439338956937,False
PGD,0.03,315,2,3,0.5456826144391285,0.2786377708978328,0.6774404343451849,False
PGD,0.03,316,6,5,0.39296652492481565,0.3431372549019608,0.610302064042605,False
PGD,0.03,318,8,0,0.5673687389139748,0.40893470790378006,0.6285540242236044,False
PGD,0.03,319,5,3,0.7855161453690931,0.5129151291512916,0.8093748052049039,False
PGD,0.03,320,4,3,0.920928819645086,0.8385650224215246,0.9596056922794246,False
PGD,0.03,321,8,0,0.6072798262115364,0.3576158940397351,0.6777771492279636,False
PGD,0.03,322,9,1,0.7645531427445849,0.5315985130111525,0.7912874725584061,False
PGD,0.03,323,9,1,0.8169750373964831,0.5509433962264151,0.8100914427208463,False
PGD,0.03,324,1,9,0.76509934729902,0.5018315018315018,0.7588970911091285,False
PGD,0.03,325,0,8,0.7732798877949193,0.475,0.8161391923397899,False
PGD,0.03,326,2,0,0.7779721548042354,0.5413533834586466,0.8213299030330198,False
PGD,0.03,327,2,4,0.6543645626099328,0.6334661354581673,0.6789791593426299,False
PGD,0.03,329,3,2,0.6973155201045925,0.5648854961832062,0.6194742958540136,False
PGD,0.03,330,2,3,0.6349364211080188,0.4855072463768116,0.788860729760645,False
PGD,0.03,331,8,6,0.8541248924368937,0.6465863453815262,0.840826034347301,False
PGD,0.03,332,0,3,0.6843904946660678,0.3654485049833887,0.6490703542481997,False
PGD,0.03,333,9,1,0.6709287755698319,0.3795379537953795,0.8434351614494298,False
PGD,0.03,334,8,6,0.5492191499209523,0.23123123123123124,0.6685882264525653,False
PGD,0.03,335,1,8,0.7313811347465797,0.6872427983539094,0.8278759811097928,False
PGD,0.03,336,4,0,0.7808312653459212,0.5769230769230769,0.8614892938728961,False
PGD,0.03,337,1,9,0.8442301681743468,0.5930232558139535,0.9227020338094134,False
PGD,0.03,339,8,0,0.8155243970982774,0.5891472868217055,0.8302180824514662,False
PGD,0.03,340,1,9,0.8276057275530149,0.5953307392996109,0.8059419333770361,False
PGD,0.03,342,7,0,0.7741509020196263,0.49097472924187724,0.7072815901369532,False
PGD,0.03,343,9,8,0.8146751157101795,0.45390070921985815,0.8217930400897373,False
PGD,0.03,344,4,2,0.6799646959193713,0.35313531353135313,0.7185536150751954,False
PGD,0.03,345,2,6,0.4962134788539736,0.2732919254658385,0.5127432311263809,False
PGD,0.03,346,7,2,0.10678785492493165,0.022443890274314215,0.10335593806628084,False
PGD,0.03,347,0,3,-0.20383648352421566,0.25766871165644173,0.1081913315426252,False
PGD,0.03,348,7,2,0.5911062584787651,0.2772585669781931,0.6052363163245338,False
PGD,0.03,349,0,2,0.1477509018407521,0.1232876712328767,0.2599388172478984,False
PGD,0.03,350,6,2,0.5593473193006739,0.34868421052631576,0.5594714559963317,False
PGD,0.03,351,6,2,0.6305981141586716,0.36212624584717606,0.6107560953347235,False
PGD,0.03,352,9,1,0.7634724174705734,0.37583892617449666,0.7676295506018825,False
PGD,0.03,353,0,2,0.7118437595048247,0.4909090909090909,0.7726766758864791,False
PGD,0.03,354,9,8,0.8523004604117758,0.6078431372549019,0.851533693773181,False
PGD,0.03,356,8,0,0.8651393518380864,0.7446808510638298,0.9038057135071703,False
PGD,0.03,357,7,4,0.7852490319920009,0.6666666666666666,0.7333465518471518,False
PGD,0.03,358,2,5,0.4825172859999026,0.2275449101796407,0.43091732825920465,False
PGD,0.03,359,2,3,0.6991063955835116,0.5333333333333333,0.7173606818981293,False
PGD,0.03,360,5,7,0.7381586119223981,0.6015625,0.8370020984134796,False
PGD,0.03,361,1,9,0.8324975191709205,0.5471698113207547,0.8638554620594165,False
PGD,0.03,362,2,0,0.7910103325307722,0.5110294117647058,0.8985369779233838,False
PGD,0.03,363,2,6,0.8977443028307526,0.7226890756302521,0.9571431458738509,False
PGD,0.03,364,9,1,0.7517292401450273,0.5547169811320755,0.7904065751485732,False
PGD,0.03,365,3,4,0.6457744051162264,0.603112840466926,0.8770488522922938,False
PGD,0.03,366,3,9,0.02376251585782263,0.0,-0.3679480347257584,False
PGD,0.03,367,9,8,0.925928063778835,0.7801724137931034,0.9601849015819585,False
PGD,0.03,369,7,2,0.5472654512871233,0.29337539432176657,0.5190733417373027,False
PGD,0.03,370,8,9,0.9086478482160343,0.7226890756302521,0.9508607133061702,False
PGD,0.03,372,0,8,0.48431614891814684,0.3442622950819672,0.4178515729473573,False
PGD,0.03,373,1,9,0.8549412117290074,0.7672413793103449,0.9687405286272528,False
PGD,0.03,374,8,6,0.6830221495464356,0.3183279742765273,0.5959975654494718,False
PGD,0.03,375,2,3,0.7764165245834187,0.43356643356643354,0.8364914105026203,False
PGD,0.03,377,3,5,0.8559617468943963,0.7280334728033473,0.9646968817006266,False
PGD,0.03,378,6,8,0.8019917353370486,0.4909090909090909,0.8165275122327079,False
PGD,0.03,379,1,9,0.7385232374072075,0.55893536121673,0.7235693746745459,False
PGD,0.03,380,0,9,0.680765960872526,0.4013605442176871,0.7451143378496526,False
PGD,0.03,381,7,2,0.4423144480887561,0.07329842931937172,0.25642044808116793,False
PGD,0.03,382,3,2,0.6071060061779909,0.3627450980392157,0.8161629007139772,False
PGD,0.03,383,7,4,0.8188706353835805,0.7154811715481172,0.8604293922704758,False
PGD,0.03,384,4,2,0.4764215412936549,0.1742857142857143,0.34120954069433534,False
PGD,0.03,385,5,4,0.5862348365367351,0.46953405017921146,0.6485863110488742,False
PGD,0.03,387,0,8,0.5944566358123305,0.35313531353135313,0.6385906664678412,False
PGD,0.03,388,2,5,0.8170191055747884,0.64,0.933515215411112,False
PGD,0.03,389,9,8,0.9590262990202424,0.7489361702127659,0.9830398829563539,False
PGD,0.03,391,4,2,0.3958711381309346,0.24242424242424243,0.2888589241498903,False
PGD,0.03,392,0,6,0.603733431525837,0.33225806451612905,0.7166717940218832,False
PGD,0.03,393,6,8,0.5525925464297166,0.33116883116883117,0.6974904747876639,False
PGD,0.03,396,3,5,0.8961575302851976,0.729957805907173,0.9197303090442666,False
PGD,0.03,397,7,3,0.14223266857071615,0.21301775147928995,0.12437194874506767,False
PGD,0.03,398,3,7,0.5971565424601035,0.553030303030303,0.5962652794152784,False
PGD,0.03,399,2,6,0.46180968018201835,0.3268608414239482,0.45491163848649313,False
PGD,0.03,400,5,3,0.7480148222936681,0.6816326530612244,0.8732741078354157,False
PGD,0.03,401,3,5,0.8029630137001269,0.6078431372549019,0.8797430218985034,False
PGD,0.03,402,1,9,0.8788053259341675,0.64,0.9325406950343279,False
PGD,0.03,403,4,2,0.5610710454642491,0.2772585669781931,0.37206098721370084,False
PGD,0.03,404,9,1,0.8320628715866416,0.64,0.8550727818398389,False
PGD,0.03,405,9,8,0.6162276438772527,0.3183279742765273,0.8200228722143239,False
PGD,0.03,406,5,6,0.9142297874893662,0.7672413793103449,0.9493394492266637,False
PGD,0.03,407,7,2,0.8352424032798798,0.553030303030303,0.8979269761199768,False
PGD,0.03,408,0,2,0.7639593417871986,0.5298507462686567,0.8295553078038453,False
PGD,0.03,409,2,3,0.756908899629158,0.5355805243445693,0.8369722616199421,False
PGD,0.03,411,2,5,0.03286573991813895,0.02756892230576441,-0.14596122132108433,False
PGD,0.03,412,9,1,0.8346505311466533,0.7012448132780082,0.8411541240754172,False
PGD,0.03,413,3,6,0.6284194504208422,0.3712374581939799,0.6250289911123117,False
PGD,0.03,414,9,1,0.482433065772401,0.3183279742765273,0.43620622375318135,False
PGD,0.03,415,4,2,0.8884766542259053,0.7649572649572649,0.9520986452033218,False
PGD,0.03,417,5,4,0.27721192495845404,0.12947658402203857,0.26022935522322505,False
PGD,0.03,419,5,2,0.5455422027741929,0.5769230769230769,0.8754910503031393,False
PGD,0.03,420,6,2,0.7029659675748346,0.4405594405594406,0.7073550735959092,False
PGD,0.03,421,1,9,0.633068759121089,0.38047138047138046,0.5036004102093197,False
PGD,0.03,422,4,2,0.4453539387047638,0.3758169934640523,0.6525314889008476,False
PGD,0.03,423,3,4,0.31738271624037234,0.2852664576802508,0.5220239358214603,False
PGD,0.03,424,4,2,0.8559003746544821,0.680327868852459,0.9036157303145473,False
PGD,0.03,425,4,7,0.3773678499435835,0.1484593837535014,0.37469614084150715,False
PGD,0.03,426,3,6,0.4756690632013229,0.15492957746478872,0.3421293082135533,False
PGD,0.03,427,7,9,0.5132314081664732,0.44876325088339225,0.6532183722565074,False
PGD,0.03,428,8,1,0.7422163562749969,0.4186851211072664,0.876497983093517,False
PGD,0.03,429,3,4,0.7806972452830634,0.6205533596837944,0.8721542074295459,False
PGD,0.03,430,0,8,0.3548210367164988,0.23493975903614459,0.5013282179869318,False
PGD,0.03,431,5,2,0.6706493843412964,0.3993174061433447,0.7859613328566987,False
PGD,0.03,432,7,5,0.7269409093303199,0.4855072463768116,0.7090431508858966,False
PGD,0.03,433,6,3,0.7473112895978703,0.5891472868217055,0.7959006766355959,False
PGD,0.03,435,4,5,0.6603210051926321,0.45390070921985815,0.7706942715892744,False
PGD,0.03,436,8,3,0.3699976082341181,0.24773413897280966,0.09157794634172574,False
PGD,0.03,437,6,2,0.7175830610360973,0.5183823529411765,0.801893235253169,False
PGD,0.03,438,8,3,0.656037734076794,0.34868421052631576,0.5464671752645265,False
PGD,0.03,439,5,3,0.7188235042539574,0.5413533834586466,0.809619637504034,False
PGD,0.03,440,5,6,0.6136499598908883,0.2852664576802508,0.7961052029369999,False
PGD,0.03,441,9,1,0.874560193726297,0.5953307392996109,0.9226588044706252,False
PGD,0.03,442,9,1,0.5217224353278254,0.22321428571428573,0.43999371474781257,False
PGD,0.03,444,0,2,0.4921637238940147,0.38047138047138046,0.5715197542003362,False
PGD,0.03,445,1,9,0.8710243335137,0.6334661354581673,0.8958176286000075,False
PGD,0.03,446,0,5,0.2621025473484563,0.2772585669781931,0.48267678495928173,False
PGD,0.03,447,8,4,0.7421373586506533,0.4856115107913669,0.6395907742933193,False
PGD,0.03,448,1,9,0.7531035901129951,0.36666666666666664,0.7214892103278883,False
PGD,0.03,449,1,9,0.9019130826349089,0.48201438848920863,0.9409935069216943,False
PGD,0.03,450,0,8,0.7871973593140671,0.48014440433212996,0.8653779630529884,False
PGD,0.03,451,2,5,0.8171991319698695,0.6465863453815262,0.9507603322663866,False
PGD,0.03,452,0,2,0.764340358325015,0.5353159851301115,0.80446974264016,False
PGD,0.03,453,4,6,0.6706067708730091,0.5953307392996109,0.7859526206999289,False
PGD,0.03,455,4,2,0.9526533170123778,0.8636363636363636,0.9721504868742495,False
PGD,0.03,456,9,1,0.5631387830111225,0.33116883116883117,0.39701492451094783,False
PGD,0.03,457,4,3,0.45654998545172576,0.23867069486404835,0.32353485844148744,False
PGD,0.03,458,7,4,0.7787006571206964,0.5953307392996109,0.857496702418319,False
PGD,0.03,459,9,0,0.8493574596280177,0.6747967479674797,0.8909197699450898,False
PGD,0.03,460,4,2,0.8336736060370354,0.5846153846153846,0.8816060498803736,False
PGD,0.03,461,5,3,0.5679127345104101,0.44366197183098594,0.7351397969436515,False
PGD,0.03,462,6,4,0.7051072226032703,0.40476190476190477,0.6250263596694987,False
PGD,0.03,463,6,8,0.877655661846759,0.759656652360515,0.9410372593098437,False
PGD,0.03,464,1,9,0.8688298878673266,0.6465863453815262,0.9120184751997576,False
PGD,0.03,465,5,3,0.8286645676632075,0.5769230769230769,0.8192555227694951,False
PGD,0.03,466,8,0,0.4277216437355045,0.1867816091954023,0.4054713462926221,False
PGD,0.03,467,5,3,0.755530066883602,0.49097472924187724,0.6976624389508526,False
PGD,0.03,469,5,2,0.6147397982246606,0.3576158940397351,0.7424784224127678,False
PGD,0.03,470,7,0,0.7221866773094254,0.2834890965732087,0.6982900411358259,False
PGD,0.03,471,0,8,0.7320720018411176,0.659919028340081,0.9139589433756665,False
PGD,0.03,472,7,5,0.8475558219488556,0.6666666666666666,0.915488425459406,False
PGD,0.03,473,0,8,0.5292552908715109,0.41724137931034483,0.6597904654910278,False
PGD,0.03,474,5,6,0.34560840997601083,0.0962566844919786,0.20558004083307027,False
PGD,0.03,475,0,2,0.41095371445959167,0.19533527696793002,0.39376221567492226,False
PGD,0.03,476,0,8,0.6561991813311563,0.44366197183098594,0.6639097451566138,False
PGD,0.03,477,4,0,0.7145594381589508,0.7310924369747899,0.9069365472968607,False
PGD,0.03,478,6,2,0.9155101276184681,0.8636363636363636,0.962682773789767,False
PGD,0.03,479,9,8,0.8823871074696265,0.7166666666666667,0.8780634092966669,False
PGD,0.03,480,9,1,0.8066556365752714,0.5413533834586466,0.7610685787015516,False
PGD,0.03,481,5,2,0.36691007484198335,0.17142857142857143,0.3530391444542948,False
PGD,0.03,482,6,2,0.5687268562408263,0.26851851851851855,0.6508852203957858,False
PGD,0.03,483,6,2,0.5905865852296706,0.4642857142857143,0.7204132074976917,False
PGD,0.03,484,6,2,0.43209595297747044,0.12568306010928962,0.22217745174305767,False
PGD,0.03,485,2,6,0.7098540467080611,0.34868421052631576,0.7595241109407384,False
PGD,0.03,486,0,8,0.4146452536772022,0.2668711656441718,0.4270127152519788,False
PGD,0.03,487,1,9,0.8121898806483082,0.6078431372549019,0.7871252142739005,False
PGD,0.03,488,6,9,0.6921880630633006,0.44876325088339225,0.6791085402376278,False
PGD,0.03,489,5,2,0.8788462327517701,0.7154811715481172,0.9389803293458049,False
PGD,0.03,490,9,1,0.8459090170334782,0.6205533596837944,0.8652268888556923,False
PGD,0.03,491,1,9,0.8394591554382144,0.5413533834586466,0.8065311885538716,False
PGD,0.03,492,6,2,0.5427051862854742,0.5185185185185185,0.615817463448021,False
PGD,0.03,493,2,7,0.6800915854679939,0.33225806451612905,0.5938751994755768,False
PGD,0.03,494,5,3,0.6774265252559352,0.5018315018315018,0.6605655111932168,False
PGD,0.03,495,5,7,0.8214506753362142,0.759656652360515,0.8709626344667967,False
PGD,0.03,497,8,9,0.7145920027840948,0.5185185185185185,0.776435794794335,False
PGD,0.03,498,5,3,0.6431590002870529,0.45936395759717313,0.583983451163735,False
PGD,0.03,499,9,1,0.5489317579491108,0.2530487804878049,0.4300745944134277,False
PGD,0.03,500,4,2,0.9330500756671443,0.7012448132780082,0.9370757123664992,False
PGD,0.03,501,4,5,0.6519812460580273,0.3057324840764331,0.5021639806938278,False
PGD,0.03,502,3,6,0.5709176424387209,0.4189189189189189,0.7723442264883768,False
PGD,0.03,503,2,0,0.8765202673405585,0.7154811715481172,0.9379165251271798,False
PGD,0.03,504,0,2,0.2733499031934471,0.09283819628647215,0.5088251940361292,False
PGD,0.03,506,2,3,0.6417979578254744,0.5665399239543726,0.6829550521363003,False
PGD,0.03,507,2,4,0.6723432882760235,0.44876325088339225,0.8201837171648887,False
PGD,0.03,508,3,5,0.4714895250341516,0.29411764705882354,0.6327414836911517,False
PGD,0.03,509,9,1,0.9153115913360077,0.6465863453815262,0.9559863941927526,False
PGD,0.03,510,7,3,0.5003135413207929,0.64,0.6774935901332914,False
PGD,0.03,511,9,8,0.9559519978669974,0.6857142857142857,0.965414344973519,False
PGD,0.03,512,2,0,0.5881499393296169,0.3442622950819672,0.527779202601975,False
PGD,0.03,513,6,3,0.5620328689189683,0.25688073394495414,0.4611046558648853,False
PGD,0.03,514,7,4,0.9154003199476463,0.8303571428571429,0.9387957827172239,False
PGD,0.03,515,1,9,0.8286213736385989,0.7372881355932204,0.9123274044693044,False
PGD,0.03,516,3,5,0.7482243337883399,0.6078431372549019,0.8817510538611196,False
PGD,0.03,517,6,3,0.8185655684403238,0.659919028340081,0.8740985080396835,False
PGD,0.03,518,6,2,0.6484385794138855,0.34868421052631576,0.7618615855234137,False
PGD,0.03,520,7,5,0.5126457745071566,0.24242424242424243,0.4505904250729212,False
PGD,0.03,521,4,2,0.7476542962456023,0.5241635687732342,0.7842673619320871,False
PGD,0.03,522,0,2,0.13866121417063718,0.13812154696132597,0.08501438116977854,False
PGD,0.03,523,8,6,0.6609336109454785,0.44876325088339225,0.7596966679131203,False
PGD,0.03,524,4,3,0.5631540405327047,0.37583892617449666,0.5591876403379671,False
PGD,0.03,525,0,2,0.7662533487154711,0.3712374581939799,0.7467875994057649,False
PGD,0.03,526,9,1,0.7688405064303847,0.5091575091575091,0.8291027916622082,False
PGD,0.03,527,3,6,0.6268338698118142,0.2772585669781931,0.6846721044377913,False
PGD,0.03,528,4,2,0.5454941978881317,0.37666666666666665,0.6493957369536688,False
PGD,0.03,529,8,0,0.7394967067961928,0.5355805243445693,0.7424011603771282,False
PGD,0.03,530,9,1,0.7395120059799943,0.5185185185185185,0.8572264830671985,False
PGD,0.03,531,6,5,0.8216940828588014,0.6284584980237155,0.8543477891170451,False
PGD,0.03,532,9,1,0.5220543272433714,0.31210191082802546,0.534246691252095,False
PGD,0.03,533,2,0,0.7127479980727272,0.46953405017921146,0.7067007791536346,False
PGD,0.03,534,6,4,0.7938425700461282,0.5298507462686567,0.7696092325640924,False
PGD,0.03,535,1,0,0.9110206454639604,0.9069767441860465,0.9417598850402512,False
PGD,0.03,536,7,5,0.8722890443967645,0.8222222222222222,0.9352960809499152,False
PGD,0.03,537,3,2,0.2329406580851915,0.10344827586206896,0.17009549058483553,False
PGD,0.03,539,3,6,0.7773185734741787,0.553030303030303,0.7965773664852471,False
PGD,0.03,540,8,6,0.7078584358454324,0.5648854961832062,0.7424237686421755,False
PGD,0.03,541,5,3,0.8507554818760361,0.759656652360515,0.9084453746722462,False
PGD,0.03,542,0,8,0.7312282521674442,0.48014440433212996,0.8085547559318432,False
PGD,0.03,543,2,0,0.6038587880341513,0.44876325088339225,0.6010734655231303,False
PGD,0.03,544,1,9,0.8267322519474481,0.6465863453815262,0.85135657816909,False
PGD,0.03,545,6,2,0.8168516403736448,0.673469387755102,0.8234767915848609,False
PGD,0.03,546,4,2,0.31606173790326264,0.07329842931937172,0.3739697638339672,False
PGD,0.03,547,3,0,0.162112455465921,0.10133333333333333,-0.058770622495539125,False
PGD,0.03,548,3,5,0.4883933328721533,0.15492957746478872,0.5955395274934921,False
PGD,0.03,549,9,1,0.8685842206668571,0.659919028340081,0.891060390950536,False
PGD,0.03,550,6,2,0.9031262140302263,0.7226890756302521,0.9176117922405658,False
PGD,0.03,551,9,1,0.8741804273170832,0.7446808510638298,0.969951901225034,False
PGD,0.03,552,8,3,0.5616431578121716,0.3141025641025641,0.5906351447031721,False
PGD,0.03,553,8,2,0.6026397243075998,0.4186851211072664,0.7534616109337553,False
PGD,0.03,554,5,3,0.5907354627855772,0.3057324840764331,0.5610822476098987,False
PGD,0.03,555,8,9,0.3198166922590359,0.16809116809116809,0.22827469273266565,False
PGD,0.03,556,6,3,0.41165794921176474,0.33986928104575165,0.47609216110105945,False
PGD,0.03,557,6,0,0.9027852808406367,0.8303571428571429,0.9294597676222601,False
PGD,0.03,558,2,3,0.6422413305734896,0.4236111111111111,0.8044313968257363,False
PGD,0.03,559,1,9,0.7125649074359952,0.46953405017921146,0.6677461789658946,False
PGD,0.03,560,7,2,0.771910526472338,0.46953405017921146,0.8088911651779492,False
PGD,0.03,561,7,2,0.5969968208787927,0.2772585669781931,0.5705581423558792,False
PGD,0.03,562,1,9,0.688023685681573,0.36666666666666664,0.5827497915915418,False
PGD,0.03,563,2,9,0.2167259052673254,0.11413043478260869,0.08105202356181367,False
PGD,0.03,564,7,4,0.9244779632289029,0.7982456140350878,0.9651634666019838,False
PGD,0.03,565,9,1,0.7243969616364445,0.49635036496350365,0.7024305435385224,False
PGD,0.03,566,9,1,0.898843854313066,0.6942148760330579,0.9105612453558323,False
PGD,0.03,567,4,3,0.47753758993262935,0.26461538461538464,0.7062502682522741,False
PGD,0.03,568,4,7,0.7669262762164929,0.55893536121673,0.9018576127619525,False
PGD,0.03,569,1,9,0.5311968190204241,0.3258785942492013,0.751939735002406,False
PGD,0.03,570,2,8,0.8580518776231264,0.626984126984127,0.8636846665382659,False
PGD,0.03,571,5,2,0.8985823069274779,0.8061674008810573,0.9478138560665939,False
PGD,0.03,572,6,7,0.781833611649169,0.6747967479674797,0.8520395996123694,False
PGD,0.03,573,8,0,0.7966272460638418,0.7383966244725738,0.8978197215903455,False
PGD,0.03,574,7,4,0.8539182758895603,0.7521367521367521,0.8582102806632547,False
PGD,0.03,575,6,2,0.6302113806410037,0.5708812260536399,0.5886553642102416,False
PGD,0.03,576,8,1,0.7681060149651241,0.626984126984127,0.8139027441954262,False
PGD,0.03,577,3,6,0.5102842098512527,0.2654320987654321,0.5801766421643967,False
PGD,0.03,578,0,8,0.8327401720384169,0.6465863453815262,0.9321473991526633,False
PGD,0.03,579,5,2,0.652821166429823,0.6015625,0.7493408796985431,False
PGD,0.03,580,5,2,0.5534642391027703,0.3712374581939799,0.5567786219201243,False
PGD,0.03,581,3,4,0.8315210697697833,0.7672413793103449,0.9625305156161288,False
PGD,0.03,582,0,8,0.6831920514180816,0.43859649122807015,0.6998635556965563,False
PGD,0.03,583,7,5,0.7070008215395259,0.5471698113207547,0.6895268893859557,False
PGD,0.03,584,9,8,0.8927831998943577,0.6666666666666666,0.8935194249780511,False
PGD,0.03,585,3,6,0.21542599554274908,0.08465608465608465,0.22670441586168724,False
PGD,0.03,586,4,7,0.660823394891602,0.64,0.8724185037739451,False
PGD,0.03,587,5,7,0.7669983086005382,0.49635036496350365,0.8376645426073843,False
PGD,0.03,588,3,5,0.587932035609041,0.30158730158730157,0.532498301559616,False
PGD,0.03,589,9,1,0.577108695477622,0.3268608414239482,0.5125644506748237,False
PGD,0.03,590,6,2,0.5809357980563796,0.33116883116883117,0.6869919266754158,False
PGD,0.03,591,9,1,0.5456801861050654,0.3225806451612903,0.6738012549971089,False
PGD,0.03,593,1,9,0.6567898709051443,0.30990415335463256,0.5232606391635538,False
PGD,0.03,594,1,9,0.564492441178575,0.36666666666666664,0.6242321936891045,False
PGD,0.03,595,4,6,0.5074829186778946,0.3028391167192429,0.44902689457744277,False
PGD,0.03,596,1,9,0.936361771627996,0.7947598253275109,0.9802674432741612,False
PGD,0.03,597,9,8,0.5772895042115641,0.2893081761006289,0.2147744126063211,False
PGD,0.03,598,4,2,0.6606499758916191,0.4963768115942029,0.7894410346424042,False
PGD,0.03,599,7,5,0.8731223434738858,0.7154811715481172,0.8563669653130294,False
PGD,0.03,600,3,2,0.4703870696106412,0.2732919254658385,0.46993705300507704,False
PGD,0.03,602,9,1,0.911090029590934,0.6942148760330579,0.9149932458079124,False
PGD,0.03,603,0,8,0.6160983740732339,0.3365695792880259,0.5986984787010698,False
PGD,0.03,604,1,9,0.7134179305202554,0.5241635687732342,0.7143941515174435,False
PGD,0.03,605,3,5,0.6665269862474686,0.3945578231292517,0.7188635547507484,False
PGD,0.03,606,6,8,0.9239946134697051,0.6546184738955824,0.9453623441667449,False
PGD,0.03,607,3,5,0.8674187590891617,0.6349206349206349,0.8831041166657166,False
PGD,0.03,608,3,8,0.7340392740966873,0.49097472924187724,0.8383888223667568,False
PGD,0.03,609,2,5,0.9196555327028918,0.6983471074380165,0.9757763392213907,False
PGD,0.03,611,3,4,0.42771809153326307,0.20943952802359883,0.47054551483320595,False
PGD,0.03,612,1,9,0.7547209503228319,0.43859649122807015,0.7409528488686549,False
PGD,0.03,613,0,8,0.15480390041977024,0.03015075376884422,-0.02345137871901342,False
PGD,0.03,616,6,3,0.6418523619312396,0.45907473309608543,0.756387333863221,False
PGD,0.03,617,4,3,0.5667339791957091,0.3268608414239482,0.4483732766483866,False
PGD,0.03,618,8,9,-0.09837626332944788,0.0,-0.5658376652397394,False
PGD,0.03,619,9,1,0.8534583111221974,0.5355805243445693,0.8741589878453452,False
PGD,0.03,621,9,2,0.44325657171154526,0.15730337078651685,0.5098629305955067,False
PGD,0.03,623,3,6,0.6845812999575189,0.43356643356643354,0.6979778833943042,False
PGD,0.03,624,3,4,0.8115200705519057,0.729957805907173,0.8407392346244226,False
PGD,0.03,625,2,0,0.657520696128162,0.25,0.6026595655488521,False
PGD,0.03,627,7,4,0.7344133820847647,0.4748201438848921,0.7992045260995018,False
PGD,0.03,628,8,0,0.8053313836719863,0.5891472868217055,0.8290332531678948,False
PGD,0.03,629,3,5,0.9644401263908522,0.8597285067873304,0.9779064277101339,False
PGD,0.03,630,8,0,0.44960637155397776,0.1867816091954023,0.31498840060118455,False
PGD,0.03,631,2,3,0.7806865276338962,0.8894009216589862,0.9713809780963765,False
PGD,0.03,632,7,4,0.7982209566649954,0.6205533596837944,0.7826262935392498,False
PGD,0.03,633,5,2,0.39530942269780717,0.26153846153846155,0.43532778140633743,False
PGD,0.03,634,7,5,0.8664186030802642,0.5355805243445693,0.8926907217738395,False
PGD,0.03,635,2,0,0.47889267315260775,0.32903225806451614,0.7184295983741057,False
PGD,0.03,636,4,3,0.6875746032035739,0.34868421052631576,0.6718503269129733,False
PGD,0.03,637,8,2,0.45341358414576277,0.3057324840764331,0.30791510235581815,False
PGD,0.03,638,7,2,0.6998746320963479,0.44876325088339225,0.6932339425171571,False
PGD,0.03,639,4,2,0.7617743397076454,0.4041095890410959,0.8275064345945902,False
PGD,0.03,640,2,0,0.14567642240852569,0.10810810810810811,0.13399875387808755,False
PGD,0.03,641,9,7,0.7368437827581308,0.5953307392996109,0.84146485964452,False
PGD,0.03,642,8,0,0.7577446972697797,0.7333333333333333,0.8839603209504581,False
PGD,0.03,643,8,6,0.8384025534229166,0.652,0.8511199041530385,False
PGD,0.03,644,6,2,0.5432844331719466,0.49635036496350365,0.676001280494204,False
PGD,0.03,646,8,4,0.8798204619415413,0.652,0.9241338290747486,False
PGD,0.03,647,7,6,0.8467774973002941,0.6532258064516129,0.9365465627839505,False
PGD,0.03,648,4,5,0.7283522686755737,0.4041095890410959,0.8369918029638181,False
PGD,0.03,649,3,4,0.30989336218552654,0.17045454545454544,0.34710913965162643,False
PGD,0.03,650,3,2,0.6792349288317227,0.4855072463768116,0.776733261619383,False
PGD,0.03,651,8,9,0.7801384495339803,0.6532258064516129,0.7682703913507914,False
PGD,0.03,652,4,7,0.7004924379619797,0.45390070921985815,0.5608877026121243,False
PGD,0.03,653,9,8,0.8785104883845741,0.5984555984555985,0.8910892818036207,False
PGD,0.03,654,4,7,0.734160980088471,0.7012448132780082,0.9243280020674145,False
PGD,0.03,655,8,0,0.7646159158589748,0.4645390070921986,0.8815907803866629,False
PGD,0.03,656,8,6,0.7226144719273734,0.3183279742765273,0.6946442420010255,False
PGD,0.03,657,1,9,0.8161344779490014,0.48375451263537905,0.7706383544890538,False
PGD,0.03,658,8,9,0.9361928995015353,0.7982456140350878,0.9521901266077415,False
PGD,0.03,661,6,2,0.7086788178827977,0.44912280701754387,0.8159731725295768,False
PGD,0.03,662,5,3,0.6888418372213487,0.5298507462686567,0.8750791198760898,False
PGD,0.03,663,4,5,0.4511376942670491,0.36666666666666664,0.5668248329816643,False
PGD,0.03,665,9,1,0.5367437811133028,0.2654320987654321,0.4762811092850452,False
PGD,0.03,668,1,0,0.8349408388314162,0.5241635687732342,0.8236818929663785,False
PGD,0.03,669,4,2,0.7935898925161221,0.5185185185185185,0.8285482139849896,False
PGD,0.03,670,1,9,0.4362930942761792,0.20588235294117646,0.1964483902245715,False
PGD,0.03,672,2,5,0.35338135112418667,0.13573407202216067,0.1457905758253711,False
PGD,0.03,673,7,2,0.6949032834309468,0.410958904109589,0.7239751468751721,False
PGD,0.03,674,0,8,0.5153176756813356,0.44366197183098594,0.6963560781224608,False
PGD,0.03,675,7,5,0.6071374467760049,0.24620060790273557,0.5477152157585948,False
PGD,0.03,676,9,6,0.3819711378293408,0.7066115702479339,0.864325050092733,False
PGD,0.03,678,6,8,0.8185546201097189,0.5129151291512916,0.7965473008019577,False
PGD,0.03,679,2,4,0.8668304581743439,0.7521367521367521,0.9498108700730935,False
PGD,0.03,680,5,3,0.8312582333941432,0.659919028340081,0.915001259681891,False
PGD,0.03,681,9,1,0.7950087796301532,0.5846153846153846,0.8195940668416726,False
PGD,0.03,682,2,0,0.7235022873986932,0.5413533834586466,0.7364636246224856,False
PGD,0.03,683,9,1,0.9853937930962038,0.9248826291079812,0.9929355509745025,True
PGD,0.03,684,1,9,0.7682014695594649,0.5708812260536399,0.7655406458995511,False
PGD,0.03,685,2,5,0.7559359922740586,0.5769230769230769,0.724701618094068,False
PGD,0.03,686,2,5,0.9094848735974386,0.8807339449541285,0.9830927631564876,False
PGD,0.03,687,6,4,0.46293159142491674,0.2834890965732087,0.55051082235262,False
PGD,0.03,688,8,0,0.9438450003164054,0.7083333333333334,0.9724601112503684,False
PGD,0.03,689,2,0,0.7524903751248438,0.40476190476190477,0.7521258105126931,False
PGD,0.03,690,1,9,0.8632169903294574,0.626984126984127,0.8876379586484143,False
PGD,0.03,691,3,5,0.5656341170649645,0.3028391167192429,0.38764774928316637,False
PGD,0.03,692,6,4,0.7322276356966185,0.5147058823529411,0.6461379353319775,False
PGD,0.03,693,6,2,0.6802035690968603,0.4041095890410959,0.8108085190952176,False
PGD,0.03,694,0,7,0.862267726977196,0.7446808510638298,0.8124944802638308,False
PGD,0.03,695,1,9,0.47715295577852657,0.17142857142857143,0.6536960928572004,False
PGD,0.03,696,2,5,0.8729378780317024,0.6141732283464567,0.9104623428757133,False
PGD,0.03,697,7,4,0.8876839780948571,0.6205533596837944,0.9065396618029459,False
PGD,0.03,698,0,2,0.08906173973293291,0.10215053763440861,0.23584621196801342,False
PGD,0.03,700,4,0,0.5821397989912899,0.2893081761006289,0.6289892063747323,False
PGD,0.03,702,1,9,0.9752771909949343,0.8603603603603603,0.9862659517060129,False
PGD,0.03,703,6,2,0.5336931545665203,0.2654320987654321,0.5111713978802587,False
PGD,0.03,704,4,6,0.286409702817441,0.2166172106824926,0.30697765340320116,False
PGD,0.03,705,0,2,0.7658409550124724,0.6334661354581673,0.8446218249694429,False
PGD,0.03,706,2,6,-0.15692449705148276,0.10512129380053908,0.14113108786139986,False
PGD,0.03,708,6,2,0.3328548917219149,0.11716621253405994,0.26275736767297925,False
PGD,0.03,709,0,2,0.7740251725241982,0.43205574912891986,0.8666622909339463,False
PGD,0.03,711,9,1,0.9022214942165381,0.5953307392996109,0.924457895614745,False
PGD,0.03,712,1,9,0.4938146217812966,0.22686567164179106,0.42527773810544556,False
PGD,0.03,713,7,5,0.9346094387170125,0.8894009216589862,0.962562663579492,False
PGD,0.03,714,6,8,0.706720334911697,0.4642857142857143,0.7158808995668265,False
PGD,0.03,715,7,6,0.6730651021356413,0.5413533834586466,0.8079037043372537,False
PGD,0.03,716,3,5,0.8998924434934494,0.6374501992031872,0.9361909702475555,False
PGD,0.03,717,9,0,0.6789487382981199,0.34201954397394135,0.611828092070129,False
PGD,0.03,718,6,2,0.6218163569760233,0.46953405017921146,0.6896648644544792,False
PGD,0.03,719,8,0,0.6839251363561791,0.5129151291512916,0.7572272500835142,False
PGD,0.03,720,3,0,0.2746741803894272,0.4645390070921986,0.7533411215098987,False
PGD,0.03,721,3,6,-0.18212299230251425,0.036585365853658534,-0.03725847969197493,False
PGD,0.03,722,7,2,0.8546141490075715,0.5355805243445693,0.8707938359707978,False
PGD,0.03,723,7,5,0.7217889475559033,0.5413533834586466,0.8033775646671256,False
PGD,0.03,725,4,3,0.694220437155761,0.3712374581939799,0.8486999388342577,False
PGD,0.03,726,7,6,0.5442170897820247,0.2654320987654321,0.5641025762522325,False
PGD,0.03,727,2,5,0.14423370142868575,0.13573407202216067,0.17735454239523052,False
PGD,0.03,728,7,5,0.5352258670006702,0.26153846153846155,0.4493596930412055,False
PGD,0.03,729,1,9,0.7445873909825514,0.4236111111111111,0.7402125326972004,False
PGD,0.03,730,4,0,0.537850881499974,0.40893470790378006,0.7957691956368886,False
PGD,0.03,731,7,5,0.7140464258983665,0.3333333333333333,0.6627260545501169,False
PGD,0.03,732,4,2,0.6052603915267618,0.34868421052631576,0.4529710303012495,False
PGD,0.03,733,4,7,0.8464959214424946,0.8303571428571429,0.8599373421080465,False
PGD,0.03,734,8,0,0.9278852847024534,0.7136929460580913,0.9621075383604222,False
PGD,0.03,735,4,6,0.7892978884122671,0.5355805243445693,0.7640666180810307,False
PGD,0.03,736,7,5,0.7649431825372991,0.49635036496350365,0.7674731170261153,False
PGD,0.03,737,7,5,0.912086334233806,0.609375,0.9320908429964215,False
PGD,0.03,739,7,4,0.8962565420647345,0.6872427983539094,0.8902721971617429,False
PGD,0.03,740,2,4,0.7997239886193409,0.680327868852459,0.8744761242665956,False
PGD,0.03,741,0,2,0.6354567187227937,0.3355048859934853,0.7910900026481028,False
PGD,0.03,742,8,0,0.7971170139030592,0.5241635687732342,0.8240384597231643,False
PGD,0.03,743,9,8,0.3688019146059899,0.20588235294117646,0.45163185253260313,False
PGD,0.03,744,5,6,0.2305364079977325,0.09333333333333334,0.2675954276927205,False
PGD,0.03,745,8,4,0.6473017409085654,0.41379310344827586,0.747872419865422,False
PGD,0.03,746,3,4,0.5159327283469938,0.3057324840764331,0.6020488772683682,False
PGD,0.03,747,6,3,0.44320873258170085,0.20588235294117646,0.5811025315849426,False
PGD,0.03,748,2,7,0.5620206829831046,0.3898305084745763,0.7869583433692121,False
PGD,0.03,749,0,8,0.5252458523096484,0.2772585669781931,0.5687714282984353,False
PGD,0.03,750,8,0,0.926983390510435,0.7372881355932204,0.9291763157345528,False
PGD,0.03,751,7,4,0.8476478896550173,0.64,0.9234543182209456,False
PGD,0.03,752,3,5,0.1574941209469243,0.017369727047146403,-0.21311765280843228,False
PGD,0.03,753,6,2,0.6433805386307125,0.40893470790378006,0.6643135519696789,False
PGD,0.03,754,5,4,0.7478109323502292,0.55893536121673,0.8423427406952231,False
PGD,0.03,755,3,5,0.7143988909321071,0.603112840466926,0.8926504357292601,False
PGD,0.03,756,1,0,0.8364301070394601,0.5185185185185185,0.8819425326513122,False
PGD,0.03,757,3,6,0.10418825891570149,0.035175879396984924,-0.2116059683860164,False
PGD,0.03,758,2,3,0.8066657708335073,0.5846153846153846,0.8483619333038052,False
PGD,0.03,759,2,5,0.4676366596253308,0.3057324840764331,0.45874189271861127,False
PGD,0.03,760,5,2,0.7619333564897602,0.8558558558558559,0.816100304286816,False
PGD,0.03,761,4,3,0.5679855959444478,0.5648854961832062,0.6694264788700321,False
PGD,0.03,762,1,0,0.49019133123278497,0.5891472868217055,0.8257306688114534,False
PGD,0.03,763,2,4,0.5458194514283271,0.2732919254658385,0.37016538481936045,False
PGD,0.03,764,9,0,0.8404713686081696,0.42857142857142855,0.821907324983617,False
PGD,0.03,765,2,0,0.716955472279847,0.3442622950819672,0.7713530589399491,False
PGD,0.03,766,7,5,0.8109966313918314,0.5129151291512916,0.8618316737363316,False
PGD,0.03,767,0,8,0.7273533936774568,0.5568181818181818,0.7936001699922819,False
PGD,0.03,768,7,5,0.7111032502532842,0.5298507462686567,0.6281612972395472,False
PGD,0.03,769,2,0,0.5315489269677307,0.1907514450867052,0.5469366646982746,False
PGD,0.03,770,1,9,0.5432265939565717,0.3057324840764331,0.485461435751196,False
PGD,0.03,771,3,2,0.44707356263218156,0.55893536121673,0.7576348678295542,False
PGD,0.03,772,2,4,0.5413724107312358,0.30158730158730157,0.5059779667731056,False
PGD,0.03,773,2,6,0.4186818933709574,0.24242424242424243,0.45316218460008134,False
PGD,0.03,774,4,3,0.7188755919248935,0.4909090909090909,0.681244252966581,False
PGD,0.03,775,7,2,0.4430699404101096,0.23123123123123124,0.36274298516814185,False
PGD,0.03,776,9,1,0.8691912716221527,0.6465863453815262,0.8765498679048558,False
PGD,0.03,777,8,0,0.7587184646778559,0.5708812260536399,0.7068052050016852,False
PGD,0.03,779,0,6,0.6892697915266759,0.4186851211072664,0.8019263106935386,False
PGD,0.03,780,7,3,0.57184266799423,0.3442622950819672,0.6102038958530095,False
PGD,0.03,781,7,4,0.7119563133979337,0.5298507462686567,0.8098911531713822,False
PGD,0.03,782,0,8,0.7956214349733434,0.6465863453815262,0.8401591087627803,False
PGD,0.03,783,8,0,0.44226357621354667,0.23053892215568864,0.4186477262599702,False
PGD,0.03,784,4,7,0.6996523440986343,0.6141732283464567,0.8285490764648606,False
PGD,0.03,785,6,2,0.5629287351676423,0.25766871165644173,0.5584531386202165,False
PGD,0.03,786,3,2,0.4323326983907916,0.4642857142857143,0.7620768339925046,False
PGD,0.03,787,3,2,0.4427180652831786,0.30158730158730157,0.6695157888719389,False
PGD,0.03,788,0,8,0.5805215231975066,0.46619217081850534,0.6953785402007903,False
PGD,0.03,789,1,9,0.7720705156142895,0.45936395759717313,0.7473694191465324,False
PGD,0.03,790,3,5,0.5418244605264337,0.34868421052631576,0.7098863050138787,False
PGD,0.03,791,7,3,0.41369194822722066,0.17478510028653296,0.14619348587931713,False
PGD,0.03,792,0,2,0.5485713300880695,0.2893081761006289,0.5379862366450008,False
PGD,0.03,793,1,9,0.19415117577582836,0.017326732673267328,-0.176519129293142,False
PGD,0.03,794,3,6,0.7088728013652317,0.3945578231292517,0.7899100309223053,False
PGD,0.03,795,1,9,0.7869846845960476,0.55893536121673,0.7796010919155608,False
PGD,0.03,796,4,3,0.5210690121770442,0.3057324840764331,0.8139847553884529,False
PGD,0.03,797,2,6,0.6174514570036496,0.5708812260536399,0.8731281191200717,False
PGD,0.03,798,3,8,0.7159611129427934,0.4748201438848921,0.8401906705160225,False
PGD,0.03,799,8,3,0.7863926086784891,0.7024793388429752,0.8853205982788981,False
PGD,0.03,800,4,2,0.5576315341591724,0.33876221498371334,0.6058813095222193,False
PGD,0.03,801,2,5,0.864075186557671,0.7672413793103449,0.9216771535613356,False
PGD,0.03,802,3,2,0.7022131083181598,0.3258064516129032,0.7643605055384192,False
PGD,0.03,803,7,4,0.9217553054968987,0.7238493723849372,0.950430861783826,False
PGD,0.03,804,8,0,0.9656159653818819,0.8222222222222222,0.9793692270817577,False
PGD,0.03,807,0,8,0.21765532807020618,0.15819209039548024,0.13569947754719613,False
PGD,0.03,808,9,1,0.8798813683768878,0.6334661354581673,0.929359713450054,False
PGD,0.03,809,0,8,0.22341537408806422,0.1232876712328767,-0.10494589033012275,False
PGD,0.03,810,0,8,0.34775685030707304,0.2275449101796407,0.44575229479759554,False
PGD,0.03,811,1,6,0.6752273865457771,0.43356643356643354,0.6732235440853667,False
PGD,0.03,812,4,6,0.8414806165903278,0.680327868852459,0.9182400309236177,False
PGD,0.03,813,4,3,0.7472197767347097,0.6015625,0.8259618017032692,False
PGD,0.03,814,6,2,0.7634523881712278,0.673469387755102,0.8604194183795714,False
PGD,0.03,815,7,3,0.8234825945023955,0.8141592920353983,0.9299109009617225,False
PGD,0.03,817,1,9,0.7902437449162881,0.5355805243445693,0.79775314386782,False
PGD,0.03,818,1,9,0.6254900783429903,0.3993174061433447,0.5321856119525549,False
PGD,0.03,819,3,6,0.8408255263633982,0.583011583011583,0.9369588723107624,False
PGD,0.03,820,7,4,0.7617904680089463,0.4645390070921986,0.7398583094409623,False
PGD,0.03,822,5,2,0.7506612598229222,0.5298507462686567,0.8991446450940468,False
PGD,0.03,823,2,6,0.719931865126148,0.37583892617449666,0.7778630732491415,False
PGD,0.03,824,6,2,0.5913933826797813,0.615686274509804,0.6790770852159003,False
PGD,0.03,825,6,2,0.7140702299729607,0.46619217081850534,0.7139220305129436,False
PGD,0.03,826,5,3,0.5255608392125767,0.23123123123123124,0.36845068897048144,False
PGD,0.03,827,8,0,0.6930895879225442,0.5018181818181818,0.8227622386563995,False
PGD,0.03,829,1,0,0.7154863238659792,0.44366197183098594,0.8090574954494653,False
PGD,0.03,830,6,3,0.5814138933963143,0.2515151515151515,0.509755217478915,False
PGD,0.03,831,8,9,0.933291273709585,0.673469387755102,0.9673133979955847,False
PGD,0.03,832,8,1,0.5418949560565356,0.30158730158730157,0.7301252858090582,False
PGD,0.03,834,3,6,0.6732602070950897,0.5298507462686567,0.8398624850585835,False
PGD,0.03,835,0,3,0.6461010995932673,0.4013605442176871,0.8359519372998557,False
PGD,0.03,836,4,2,0.2892658070884314,0.17142857142857143,0.2353687988781862,False
PGD,0.03,837,0,8,0.44932071533122653,0.2772585669781931,0.5591170850115209,False
PGD,0.03,838,1,9,0.6648996078392723,0.42857142857142855,0.5870846813885794,False
PGD,0.03,840,8,3,0.7603624991234943,0.4370629370629371,0.7089476653089621,False
PGD,0.03,841,8,1,0.5094394966805331,0.3057324840764331,0.37091885076062087,False
PGD,0.03,842,0,2,0.5936872392063465,0.2974683544303797,0.5187598402109369,False
PGD,0.03,843,6,2,0.12605341985590443,0.03258145363408521,-0.03299866994878924,False
PGD,0.03,844,9,1,0.6446040791780385,0.42857142857142855,0.5671360395912896,False
PGD,0.03,845,9,1,0.8283296406114772,0.7352941176470589,0.892743676562973,False
PGD,0.03,847,5,0,0.33212939968550326,0.19186046511627908,0.23259786289261125,False
PGD,0.03,848,8,2,0.6311137300584336,0.36666666666666664,0.697047754273281,False
PGD,0.03,849,0,2,0.8418516981134401,0.5239852398523985,0.8415435501152024,False
PGD,0.03,850,0,8,0.7530382786775504,0.75,0.885365178171739,False
PGD,0.03,851,4,2,0.8153717250469521,0.4909090909090909,0.7840552814068972,False
PGD,0.03,852,2,5,0.6685382706885014,0.4642857142857143,0.6144930095878929,False
PGD,0.03,853,3,2,0.748139158182484,0.680327868852459,0.829660811306432,False
PGD,0.03,855,7,5,0.7655607444460134,0.43859649122807015,0.9041533069690548,False
PGD,0.03,856,2,3,0.9434355608457644,0.8385650224215246,0.9650219887963273,False
PGD,0.03,857,2,3,0.5787100876377036,0.40893470790378006,0.509930852174021,False
PGD,0.03,858,5,4,0.8311601591533457,0.64,0.8393974818698144,False
PGD,0.03,859,9,1,0.8500239951811599,0.5891472868217055,0.8767459280186359,False
PGD,0.03,860,8,0,0.8320479804330324,0.5648854961832062,0.8709550487418074,False
PGD,0.03,861,9,1,0.5365702341773586,0.2795031055900621,0.39409073372640724,False
PGD,0.03,862,1,9,0.13575908889078375,0.06770833333333333,-0.10912955541495371,False
PGD,0.03,863,7,5,0.9337423435417858,0.8552036199095022,0.9747816303416614,False
PGD,0.03,865,0,8,0.5583495777871834,0.3993174061433447,0.7347199951394854,False
PGD,0.03,866,0,2,0.5358853769893676,0.24324324324324326,0.5431708903667617,False
PGD,0.03,867,1,9,0.7354537697026565,0.3859060402684564,0.7633975441071504,False
PGD,0.03,868,8,1,0.8078609956263085,0.49635036496350365,0.9388088842073793,False
PGD,0.03,869,3,5,0.6782965395904763,0.5355805243445693,0.7537548368165112,False
PGD,0.03,870,9,1,0.9020979758903119,0.6872427983539094,0.951890644659951,False
PGD,0.03,871,6,0,0.483992793356873,0.2275449101796407,0.5243117148985795,False
PGD,0.03,872,4,5,0.7766793034750329,0.55893536121673,0.7786312303383389,False
PGD,0.03,873,7,4,0.9218932936882832,0.8468468468468469,0.9434056817194376,False
PGD,0.03,874,0,8,0.35977975096418896,0.1846590909090909,0.6997416448711292,False
PGD,0.03,875,3,6,0.07509100586097563,0.34201954397394135,0.5431736643456837,False
PGD,0.03,876,7,5,0.7811737166353937,0.44405594405594406,0.8054429088941983,False
PGD,0.03,877,8,1,0.8321614888553183,0.6334661354581673,0.8812553481077511,False
PGD,0.03,878,9,1,0.9078260493525386,0.759656652360515,0.8736695134535811,False
PGD,0.03,879,1,8,0.8520906969199519,0.6141732283464567,0.9195972880663,False
PGD,0.03,880,1,8,0.4762147600776667,0.36212624584717606,0.6516886880324813,False
PGD,0.03,881,6,2,0.26222294382268796,0.25766871165644173,0.5070164623183414,False
PGD,0.03,882,6,2,0.5965719611629204,0.25,0.5708775986022637,False
PGD,0.03,883,6,5,0.5241114084385666,0.40893470790378006,0.751806527889324,False
PGD,0.03,885,9,0,0.633117585834226,0.3609271523178808,0.6092549431112164,False
PGD,0.03,886,1,9,0.6637590400145813,0.3576158940397351,0.5443700754336528,False
PGD,0.03,887,9,1,0.8753985644004049,0.7012448132780082,0.9009240500312015,False
PGD,0.03,888,9,1,0.806886971217288,0.6334661354581673,0.8727625355654139,False
PGD,0.03,889,4,2,0.5082283428130147,0.2693498452012384,0.6395996374696307,False
PGD,0.03,890,2,3,0.37684072123426454,0.08443271767810026,0.6054846274949706,False
PGD,0.03,891,1,9,0.5911123977588991,0.3183279742765273,0.500117603241955,False
PGD,0.03,892,7,8,0.6584042384563108,0.6015625,0.7264296248539834,False
PGD,0.03,893,0,8,0.5508315359192664,0.3141025641025641,0.5792442473943393,False
PGD,0.03,894,6,2,0.6020406866308368,0.4041095890410959,0.7868067148501174,False
PGD,0.03,895,8,0,0.7177762597049835,0.43859649122807015,0.7532460358712338,False
PGD,0.03,897,9,1,0.8898898136509946,0.759656652360515,0.8806565713657071,False
PGD,0.03,898,2,3,0.6058996761604846,0.41379310344827586,0.7458989174148907,False
PGD,0.03,899,9,0,0.6909826557733748,0.29245283018867924,0.8577187606985265,False
PGD,0.03,900,0,5,0.14113685521304906,0.12021857923497267,0.14932307147727814,False
PGD,0.03,901,4,2,0.7128301275805873,0.44876325088339225,0.7616678121714305,False
PGD,0.03,902,7,5,0.6875008918350485,0.4855072463768116,0.7080871925056014,False
PGD,0.03,903,8,0,0.759261915228776,0.5185185185185185,0.7428839464910534,False
PGD,0.03,904,3,5,0.8998762303467333,0.759656652360515,0.9211565504205985,False
PGD,0.03,905,1,9,0.7541639390649527,0.36212624584717606,0.7311267798515202,False
PGD,0.03,906,2,0,0.35556993267197584,0.5708812260536399,0.7436091324915385,False
PGD,0.03,907,0,8,0.4939289775769331,0.32051282051282054,0.5413789157828647,False
PGD,0.03,908,1,9,0.8869563980391745,0.5687022900763359,0.8780006388529149,False
PGD,0.03,909,5,3,0.6359812318452099,0.35313531353135313,0.767844462591895,False
PGD,0.03,910,8,1,0.7933042008407722,0.37583892617449666,0.8038457135206702,False
PGD,0.03,911,4,3,0.5997173723160211,0.36303630363036304,0.6513796498420412,False
PGD,0.03,912,3,2,0.6271011816281219,0.5278810408921933,0.7275607634964102,False
PGD,0.03,913,8,2,0.6468506392598505,0.4186851211072664,0.7000257695925676,False
PGD,0.03,914,1,9,0.5888541627020201,0.25382262996941896,0.5677222395401937,False
PGD,0.03,915,3,2,0.4893177372152702,0.25,0.6052384963761648,False
PGD,0.03,916,8,1,0.8629417450927727,0.5355805243445693,0.8967525867384281,False
PGD,0.03,917,5,3,0.9003506510039053,0.7521367521367521,0.94444886652622,False
PGD,0.03,919,8,4,0.5079669671000729,0.29245283018867924,0.42948805334746576,False
PGD,0.03,920,4,3,0.35850859618609354,0.1111111111111111,0.27802235744334103,False
PGD,0.03,921,8,3,0.6719948926998424,0.48014440433212996,0.6845467972186312,False
PGD,0.03,922,1,9,0.8826566342506889,0.583011583011583,0.9199488052317225,False
PGD,0.03,923,1,9,0.7538418017283699,0.4186851211072664,0.686361252459144,False
PGD,0.03,924,8,0,0.8290480039793359,0.7154811715481172,0.9205982805608132,False
PGD,0.03,925,9,8,0.484726576735238,0.3344155844155844,0.37876019383944354,False
PGD,0.03,926,6,8,0.7214478528927516,0.44366197183098594,0.6847934887220682,False
PGD,0.03,927,0,2,0.805239656444132,0.5953307392996109,0.912277774587221,False
PGD,0.03,928,8,3,0.8188866946030651,0.6205533596837944,0.9216274855553762,False
PGD,0.03,929,6,2,0.6488560159971728,0.4748201438848921,0.6431763318892798,False
PGD,0.03,930,1,9,0.8347343423750979,0.5355805243445693,0.8486314564337886,False
PGD,0.03,931,3,4,0.8416250516500698,0.6942148760330579,0.8829554884827694,False
PGD,0.03,932,4,2,0.4750110458061871,0.3442622950819672,0.752782092532813,False
PGD,0.03,933,1,9,0.7792373973793232,0.38047138047138046,0.7755896687726199,False
PGD,0.03,934,0,2,0.8994542237305077,0.7521367521367521,0.9625503168569004,False
PGD,0.03,936,1,8,0.788723472527851,0.7012448132780082,0.9256262953492037,False
PGD,0.03,937,0,8,0.6667430412200605,0.4236111111111111,0.7839346830199438,False
PGD,0.03,938,0,2,0.8438316343804083,0.729957805907173,0.8949283036334114,False
PGD,0.03,939,3,5,0.5287929872269935,0.34868421052631576,0.7600355203834237,False
PGD,0.03,940,5,4,0.3044597424746535,0.20234604105571846,0.2911200795294698,False
PGD,0.03,941,0,6,0.8610117017958291,0.6666666666666666,0.8244773062686356,False
PGD,0.03,942,0,7,0.7929732262559192,0.6141732283464567,0.9332875345320752,False
PGD,0.03,943,6,2,0.2641515600610078,0.25609756097560976,0.30112685765917874,False
PGD,0.03,944,6,2,0.5695955941960569,0.3355048859934853,0.6300220938526698,False
PGD,0.03,945,3,5,0.7945051389107806,0.5129151291512916,0.9083082617300533,False
PGD,0.03,946,3,0,0.8538535429528479,0.673469387755102,0.9391768887888367,False
PGD,0.03,947,6,2,0.3055235843212735,0.26153846153846155,0.46265210861560246,False
PGD,0.03,948,3,6,0.20930404489988752,0.09919571045576407,-0.14958556711602627,False
PGD,0.03,950,6,4,0.34697945781063133,0.20175438596491227,0.18288359943277055,False
PGD,0.03,951,0,1,0.6420269985297508,0.553030303030303,0.7862662153289056,False
PGD,0.03,952,7,9,0.431177371955124,0.2088235294117647,0.23438757230227025,False
PGD,0.03,953,2,3,0.8872375167774026,0.7372881355932204,0.9032422076004337,False
PGD,0.03,956,2,7,-0.2103446542766543,0.10677083333333333,0.07497210795829581,False
PGD,0.03,957,8,0,0.8238192781276957,0.42857142857142855,0.8753257093583824,False
PGD,0.03,958,5,3,0.7607738179403196,0.43356643356643354,0.7936222977883187,False
PGD,0.03,959,2,0,0.9064042835369618,0.6872427983539094,0.9450715536263767,False
PGD,0.03,960,1,0,0.674111455877328,0.42857142857142855,0.6482806722150806,False
PGD,0.03,961,1,9,0.39124905877331956,0.17142857142857143,0.3599771807499284,False
PGD,0.03,964,2,6,0.32594022169689313,0.10810810810810811,-0.005694064367824121,False
PGD,0.03,965,3,5,0.6751094938268934,0.5413533834586466,0.7715525990587884,False
PGD,0.03,966,1,9,0.7184621344744806,0.5018315018315018,0.6917183731493184,False
PGD,0.03,967,5,2,0.6967721817981914,0.5298507462686567,0.7679086763141569,False
PGD,0.03,968,3,4,0.5137446442778779,0.19767441860465115,0.43581543474263096,False
PGD,0.03,969,7,5,0.5979702007211469,0.3111111111111111,0.6162092560626778,False
PGD,0.03,970,6,1,0.5170864659590928,0.2974683544303797,0.5466910404281023,False
PGD,0.03,971,8,9,0.8810509970554938,0.7154811715481172,0.8468739468912491,False
PGD,0.03,972,9,1,0.8527630446754264,0.4236111111111111,0.8856248568297898,False
PGD,0.03,973,1,9,0.8227170215996765,0.5953307392996109,0.8833304236503857,False
PGD,0.03,974,6,2,0.7624790709377569,0.7426160337552743,0.9447817471173902,False
PGD,0.03,975,4,5,0.6812151645620377,0.4041095890410959,0.7448979151804354,False
PGD,0.03,976,9,5,0.22273653852112713,0.1226158038147139,0.11793385855118085,False
PGD,0.03,977,3,2,0.33021158902160547,0.4305555555555556,0.5424784743648046,False
PGD,0.03,978,9,1,0.5646340967921992,0.3089171974522293,0.45358578730459304,False
PGD,0.03,979,0,8,0.7926811030332258,0.6532258064516129,0.8516865022700704,False
PGD,0.03,980,9,8,0.8114871283679355,0.38047138047138046,0.9048199598260692,False
PGD,0.03,981,6,3,0.19726560187089318,0.03768844221105527,0.025613755626409645,False
PGD,0.03,982,3,5,0.69375761916252,0.41379310344827586,0.7549155883782273,False
PGD,0.03,984,7,3,0.8308236152154101,0.659919028340081,0.8580210696575441,False
PGD,0.03,986,8,0,0.6301092036604363,0.37209302325581395,0.5479014831754038,False
PGD,0.03,987,0,8,0.6009160285462907,0.35313531353135313,0.7189092678139098,False
PGD,0.03,988,0,3,0.7147581356208352,0.5185185185185185,0.8381099458998935,False
PGD,0.03,989,6,3,0.7377132898037798,0.782608695652174,0.8618277506380984,False
PGD,0.03,990,6,2,0.8119139522534503,0.43205574912891986,0.8436370057495729,False
PGD,0.03,991,9,8,0.6554853551064965,0.3945578231292517,0.8925699949443777,False
PGD,0.03,992,4,5,0.506624692624928,0.15819209039548024,0.537082114164724,False
PGD,0.03,993,6,3,0.7436452936491317,0.6465863453815262,0.6700725731924999,False
PGD,0.03,994,3,5,0.8195303160498834,0.626984126984127,0.8315932837035699,False
PGD,0.03,995,6,3,0.7282215844012849,0.46953405017921146,0.8073384777195166,False
PGD,0.03,996,0,8,0.7431133780290907,0.49635036496350365,0.8230086094730719,False
PGD,0.03,997,8,0,0.8572008421964193,0.7226890756302521,0.8330321140522973,False
PGD,0.03,998,6,3,0.4023179514244056,0.2693498452012384,0.5666229654425825,False
PGD,0.03,999,0,5,0.4749114434667911,0.33116883116883117,0.5777919174563158,False
PGD,0.05,0,3,2,0.5838977327531055,0.3898305084745763,0.6313464776039682,False
PGD,0.05,1,8,2,0.8037622644615596,0.6666666666666666,0.915895049048091,False
PGD,0.05,3,6,2,0.6013247220227275,0.18051575931232092,0.6390728992806218,False
PGD,0.05,4,6,3,0.4284402654151854,0.22388059701492538,0.3275197898256302,False
PGD,0.05,5,1,9,0.7855563199904626,0.4855072463768116,0.8806418751803164,False
PGD,0.05,6,6,2,0.5299435622742835,0.30158730158730157,0.6319587798024077,False
PGD,0.05,7,3,4,0.38228926711071537,0.12947658402203857,0.570245469645867,False
PGD,0.05,8,1,9,0.6572428764720287,0.3268608414239482,0.6920145825270145,False
PGD,0.05,9,0,5,0.8500056859745077,0.7903930131004366,0.9509849622049803,False
PGD,0.05,10,9,1,0.9566642187050813,0.8230088495575221,0.9764775378419772,False
PGD,0.05,11,5,6,0.5518638218529853,0.33116883116883117,0.5464446793884741,False
PGD,0.05,12,7,4,0.7827451601624489,0.5708812260536399,0.772330376943808,False
PGD,0.05,13,9,1,0.6926959236164525,0.4041095890410959,0.6084599660282947,False
PGD,0.05,14,8,6,0.7508526228274599,0.5648854961832062,0.8400824946379459,False
PGD,0.05,15,5,3,0.7148792351804574,0.7154811715481172,0.8531928335406268,False
PGD,0.05,16,7,9,0.24062783895961734,0.12637362637362637,0.15464410764836953,False
PGD,0.05,17,8,0,0.8567259772377607,0.49454545454545457,0.8798418501414612,False
PGD,0.05,18,6,2,0.9001610229706624,0.782608695652174,0.948543454322231,False
PGD,0.05,19,7,5,0.6985599944180638,0.3712374581939799,0.7083652605974212,False
PGD,0.05,20,0,3,0.7487330982494637,0.4855072463768116,0.787928051198921,False
PGD,0.05,21,4,6,0.6602350654267877,0.29559748427672955,0.6371570298743511,False
PGD,0.05,22,9,1,0.5799334160571976,0.38513513513513514,0.4831460997530455,False
PGD,0.05,23,5,4,0.7630738074610219,0.42857142857142855,0.8460383338792526,False
PGD,0.05,24,2,3,0.2913768265731137,0.28125,0.2707071976876454,False
PGD,0.05,25,4,6,-0.02962427027325474,0.09919571045576407,0.1615732887949365,False
PGD,0.05,26,9,1,0.6242718390525269,0.3779264214046823,0.6439487483583585,False
PGD,0.05,27,6,2,0.7610761067615106,0.626984126984127,0.8360640560760212,False
PGD,0.05,28,6,3,0.23027021489925847,0.20943952802359883,0.14235886251808305,False
PGD,0.05,29,5,3,0.5038458859415714,0.36666666666666664,0.544743375584007,False
PGD,0.05,31,5,6,0.678463004289757,0.36423841059602646,0.6738203085534974,False
PGD,0.05,32,9,1,0.9412856655713369,0.7521367521367521,0.9673686731709624,False
PGD,0.05,34,1,9,0.6387030375245187,0.2866043613707165,0.6384225864269977,False
PGD,0.05,35,5,6,0.6293195566925711,0.36212624584717606,0.7423472713722569,False
PGD,0.05,36,6,2,0.46215408953690634,0.30990415335463256,0.5101775364402105,False
PGD,0.05,37,6,2,0.7653491414577794,0.4290657439446367,0.825736280977718,False
PGD,0.05,38,0,2,0.6033497761505154,0.46953405017921146,0.8467022312668789,False
PGD,0.05,39,9,1,0.9086727576671972,0.64,0.9322300118701373,False
PGD,0.05,40,3,6,0.7168612843954566,0.37333333333333335,0.7136882845756346,False
PGD,0.05,41,7,4,0.8568308017045788,0.782608695652174,0.8662240503444197,False
PGD,0.05,42,6,2,0.5524047248244744,0.5413533834586466,0.7604721749890041,False
PGD,0.05,43,9,0,0.7757164745181028,0.4041095890410959,0.8782284211688322,False
PGD,0.05,44,8,6,0.8315537706984981,0.43859649122807015,0.7969390965108363,False
PGD,0.05,46,8,0,0.7494801138720569,0.42857142857142855,0.7409629450320807,False
PGD,0.05,47,8,2,0.9317541938032624,0.7383966244725738,0.9674549646785898,False
PGD,0.05,48,7,4,0.651013105399576,0.36666666666666664,0.7581851936048052,False
PGD,0.05,50,4,3,0.665059959353361,0.5708812260536399,0.7528821266884941,False
PGD,0.05,52,7,5,0.8956528437184721,0.7521367521367521,0.960413896376877,False
PGD,0.05,54,6,7,0.6724320955756369,0.35855263157894735,0.7404140808034619,False
PGD,0.05,55,3,5,0.5443763658483568,0.3712374581939799,0.8279442239394419,False
PGD,0.05,56,6,2,0.7347530405686,0.7238493723849372,0.8415983776727013,False
PGD,0.05,57,2,6,0.649337457091177,0.39057239057239057,0.6681952228383459,False
PGD,0.05,58,2,1,0.6508055516978803,0.4186851211072664,0.5408876993725227,False
PGD,0.05,59,3,6,0.5029795844736096,0.29375,0.7112746997273658,False
PGD,0.05,60,7,4,0.7637247170635758,0.626984126984127,0.8191708533546289,False
PGD,0.05,61,2,6,0.39651596239032966,0.3173076923076923,0.3572030644252567,False
PGD,0.05,62,6,2,0.6514934536932887,0.4041095890410959,0.7815037250475152,False
PGD,0.05,63,8,0,0.9499906749414975,0.8222222222222222,0.9711167429014042,False
PGD,0.05,64,8,2,0.5739384900479572,0.3225806451612903,0.6386599581500914,False
PGD,0.05,65,0,9,0.7581328268675409,0.6788617886178862,0.7848035683298323,False
PGD,0.05,66,2,3,0.8489473204751162,0.7226890756302521,0.8973078501511935,False
PGD,0.05,67,9,2,0.44962059784673586,0.09549071618037135,0.47011375757041624,False
PGD,0.05,68,3,6,0.4443776370167385,0.20943952802359883,0.5572577544114332,False
PGD,0.05,69,3,6,0.5296420832495232,0.19186046511627908,0.4939822080879848,False
PGD,0.05,70,8,4,0.6526447143876676,0.25688073394495414,0.5450320544499581,False
PGD,0.05,71,8,6,0.3808496580335185,0.10512129380053908,0.20191342916446173,False
PGD,0.05,72,1,9,0.5494165823322351,0.35855263157894735,0.5295193877917916,False
PGD,0.05,73,1,9,0.872820210174696,0.553030303030303,0.8947196795288103,False
PGD,0.05,74,7,3,0.6840874616982493,0.5,0.6902748943298898,False
PGD,0.05,75,2,3,0.5584453925756964,0.3225806451612903,0.6644359508748525,False
PGD,0.05,76,5,3,0.5564439416912621,0.7446808510638298,0.8373195983320718,False
PGD,0.05,77,7,3,0.7303061343663366,0.7606837606837606,0.9276894826675298,False
PGD,0.05,78,8,9,0.8355980715273532,0.5568181818181818,0.9218055230780889,False
PGD,0.05,79,9,8,0.7410716459970679,0.38047138047138046,0.7108359488769813,False
PGD,0.05,80,0,8,0.8035395933238006,0.6205533596837944,0.8913661509980934,False
PGD,0.05,81,8,9,0.6904098223288648,0.45907473309608543,0.8859405098345755,False
PGD,0.05,82,6,2,0.7154698593200312,0.5054945054945055,0.7780142987264356,False
PGD,0.05,83,4,3,0.7800062529717919,0.64,0.8656469818550713,False
PGD,0.05,85,6,2,0.04718382930359063,0.09893048128342247,0.16482946293847847,False
PGD,0.05,86,0,2,0.6807771881921052,0.5413533834586466,0.7693191947893346,False
PGD,0.05,87,0,2,0.7663404505535238,0.5129151291512916,0.9098319486141763,False
PGD,0.05,88,7,3,0.7150043497680405,0.36212624584717606,0.7099374228809062,False
PGD,0.05,89,4,2,0.8102844744623148,0.7226890756302521,0.8898055779549225,False
PGD,0.05,90,5,4,0.7504782012564587,0.7672413793103449,0.8909949872238012,False
PGD,0.05,91,6,2,0.7022157948582637,0.6141732283464567,0.8045877624048448,False
PGD,0.05,92,3,6,0.7902995280483351,0.5953307392996109,0.9071272619489602,False
PGD,0.05,93,1,9,0.9043254793219312,0.673469387755102,0.9119396914510377,False
PGD,0.05,94,1,3,0.6811683388301529,0.5018181818181818,0.80549269570624,False
PGD,0.05,95,3,6,0.5227291814500009,0.30990415335463256,0.6631714193262725,False
PGD,0.05,96,6,2,0.3202109751861595,0.06443298969072164,0.07478101430473669,False
PGD,0.05,97,7,2,0.7705001290997809,0.5769230769230769,0.9071544279476378,False
PGD,0.05,98,4,2,0.5618076626877521,0.42857142857142855,0.5894901524407858,False
PGD,0.05,99,0,8,0.46962744143695745,0.19420289855072465,0.4027537095743365,False
PGD,0.05,101,2,6,0.63917190059,0.19533527696793002,0.565182866496982,False
PGD,0.05,102,1,9,0.9048348213793963,0.55893536121673,0.9224847482865144,False
PGD,0.05,103,3,6,0.616082896696839,0.33986928104575165,0.7592964443654492,False
PGD,0.05,104,0,8,0.6374651013347238,0.4855072463768116,0.646975641338271,False
PGD,0.05,105,4,0,0.7858214421120621,0.55893536121673,0.879636906881049,False
PGD,0.05,107,7,6,0.5766846445135639,0.30158730158730157,0.40625261926321143,False
PGD,0.05,108,8,6,0.8011186785511011,0.4041095890410959,0.8092779399411621,False
PGD,0.05,109,3,2,0.6201884218838793,0.3979591836734694,0.7247271670751655,False
PGD,0.05,110,1,9,0.878844150601054,0.6007751937984496,0.9396492898199776,False
PGD,0.05,111,2,3,0.8770778679107067,0.7012448132780082,0.9351189431697663,False
PGD,0.05,112,8,3,0.4033342811796324,0.2275449101796407,0.32674811449533236,False
PGD,0.05,113,0,2,-0.18693476316541496,0.0,-0.3694286455492687,False
PGD,0.05,114,8,1,0.674823338409387,0.3712374581939799,0.7444277843122746,False
PGD,0.05,115,3,6,0.28989458415752345,0.11924119241192412,-0.014089634488533148,False
PGD,0.05,117,2,0,0.46824413656460995,0.35313531353135313,0.6250990117491784,False
PGD,0.05,118,4,2,0.7482404782458831,0.6942148760330579,0.9141059755365455,False
PGD,0.05,119,1,9,0.6613964323784822,0.36212624584717606,0.5636421282032039,False
PGD,0.05,120,8,1,0.8897633356808206,0.6465863453815262,0.8840426309089268,False
PGD,0.05,121,9,1,0.9212660532025896,0.7226890756302521,0.9231266153589323,False
PGD,0.05,122,1,6,0.7112003225590703,0.5241635687732342,0.7277296789156014,False
PGD,0.05,123,2,3,0.38246965974127767,0.3183279742765273,0.5302758279176559,False
PGD,0.05,124,9,7,0.6116947883990809,0.32371794871794873,0.7932273086963613,False
PGD,0.05,125,7,9,0.1617161738949748,0.05670103092783505,-0.011619939462047141,False
PGD,0.05,126,2,3,0.916558035732021,0.7748917748917749,0.9449436563438187,False
PGD,0.05,127,9,8,0.669766665719444,0.4748201438848921,0.9027282337953959,False
PGD,0.05,128,6,3,0.6926920996974057,0.45936395759717313,0.7732069713988677,False
PGD,0.05,129,6,3,0.7303129435246866,0.31629392971246006,0.7893150777444883,False
PGD,0.05,131,8,0,0.7788527316948366,0.42560553633217996,0.7933379857370697,False
PGD,0.05,132,7,6,0.3861261572133951,0.12947658402203857,0.23940796331033076,False
PGD,0.05,133,6,2,0.741874291629051,0.7012448132780082,0.8513676316134698,False
PGD,0.05,134,5,7,0.26679198674965854,0.07894736842105263,0.034165840205263046,False
PGD,0.05,135,2,3,0.6790846938518091,0.38047138047138046,0.624759844144382,False
PGD,0.05,136,8,0,0.6179079544019593,0.3945578231292517,0.4997107706720339,False
PGD,0.05,137,9,1,0.8192853010838201,0.6334661354581673,0.8934846590475206,False
PGD,0.05,138,6,4,0.697025486372808,0.43859649122807015,0.6318289589168299,False
PGD,0.05,139,0,2,0.8348173974357413,0.5643939393939394,0.8969131827444102,False
PGD,0.05,141,5,6,0.5251080484044072,0.17094017094017094,0.6033883308544988,False
PGD,0.05,142,2,6,0.5625857752572178,0.33225806451612905,0.48373015737293906,False
PGD,0.05,143,9,8,0.9528957812567435,0.8222222222222222,0.9843902425552027,False
PGD,0.05,145,4,0,0.853471804388176,0.6942148760330579,0.8982872533689419,False
PGD,0.05,146,2,9,0.6020876447361557,0.4041095890410959,0.6250666049464645,False
PGD,0.05,147,1,9,0.6638672928389205,0.34967320261437906,0.6244342487356164,False
PGD,0.05,148,6,2,0.5710351760423406,0.6015625,0.7254785697067677,False
PGD,0.05,149,6,2,0.17063206851157944,0.0275,-0.05227663852462385,False
PGD,0.05,151,4,2,0.7639642421860687,0.6374501992031872,0.9319343650339436,False
PGD,0.05,152,8,9,0.6088967706998479,0.49818181818181817,0.8325656063444414,False
PGD,0.05,153,4,2,0.6342849523020555,0.5891472868217055,0.7517031500494417,False
PGD,0.05,154,5,2,0.7854460856144333,0.5468164794007491,0.9154350623632636,False
PGD,0.05,156,9,1,0.7903525111149754,0.5185185185185185,0.7498117283009106,False
PGD,0.05,158,9,2,0.8499650549165596,0.4963768115942029,0.8958847032524974,False
PGD,0.05,159,8,2,0.49782446337039854,0.21470588235294116,0.45655836282509993,False
PGD,0.05,161,9,1,0.9705494768344439,0.9158878504672897,0.9877579206722129,False
PGD,0.05,162,3,6,0.7006297695571722,0.30990415335463256,0.8368882821571606,False
PGD,0.05,163,7,4,0.696894415681796,0.6532258064516129,0.5869986095528742,False
PGD,0.05,164,5,2,0.7943732819558512,0.6465863453815262,0.8665654290158559,False
PGD,0.05,165,0,8,0.8383434766506743,0.5868725868725869,0.8997336011342854,False
PGD,0.05,166,0,3,0.6468613044876803,0.5278810408921933,0.783416746442831,False
PGD,0.05,167,5,3,0.6900539850725202,0.41379310344827586,0.812113762722845,False
PGD,0.05,168,2,0,0.7284827276454005,0.4855072463768116,0.8349659195562792,False
PGD,0.05,169,2,6,0.18174201290320088,0.3712374581939799,0.4568271519862834,False
PGD,0.05,170,3,0,0.3055362519129598,0.25835866261398177,0.5079074231993818,False
PGD,0.05,171,8,4,0.83317702603058,0.626984126984127,0.8792099967629788,False
PGD,0.05,172,6,2,0.6973466430763169,0.659919028340081,0.8837351034769955,False
PGD,0.05,173,3,2,0.8293773258578848,0.5708812260536399,0.8984086802890838,False
PGD,0.05,174,4,3,0.392026016834473,0.25,0.4298227061139704,False
PGD,0.05,175,0,8,0.03971707707787788,0.0,-0.25160627317546336,False
PGD,0.05,176,8,6,0.81674942553881,0.5769230769230769,0.8547815513781988,False
PGD,0.05,178,1,7,0.6708213168047589,0.6078431372549019,0.6904602822761446,False
PGD,0.05,179,7,3,0.3236368504339435,0.043256997455470736,0.18719489695500752,False
PGD,0.05,180,8,6,0.5764647936350724,0.20760233918128654,0.5345645833142922,False
PGD,0.05,181,8,4,0.0713684724261688,0.11716621253405994,0.054697096194825184,False
PGD,0.05,182,7,3,0.595823113632956,0.3712374581939799,0.5922699979703684,False
PGD,0.05,183,8,6,0.8532718334721743,0.6205533596837944,0.8531589711604827,False
PGD,0.05,184,5,6,0.47175501334066255,0.19186046511627908,0.43974249480269045,False
PGD,0.05,185,1,0,0.6754720237370603,0.44366197183098594,0.6428754466284102,False
PGD,0.05,186,8,1,0.5950303312269031,0.3333333333333333,0.6457495893520049,False
PGD,0.05,187,7,9,0.710927695840509,0.5129151291512916,0.7301407365240307,False
PGD,0.05,188,1,6,0.8672252888598385,0.64,0.8567717589211182,False
PGD,0.05,189,3,6,0.3621376192158413,0.12637362637362637,0.5666348583204315,False
PGD,0.05,190,5,2,0.933687018087277,0.8894009216589862,0.9618242520599475,False
PGD,0.05,191,7,5,0.7717642682554895,0.5185185185185185,0.7972474675818686,False
PGD,0.05,192,9,8,0.8369894950766359,0.48201438848920863,0.8861433346513126,False
PGD,0.05,193,7,4,0.832787986514131,0.64,0.9001695373776443,False
PGD,0.05,194,4,8,0.7525825686532365,0.4241379310344828,0.6967604823529199,False
PGD,0.05,195,5,2,0.8169404529696386,0.6007751937984496,0.8824434078058707,False
PGD,0.05,197,8,1,0.6403399061951676,0.46953405017921146,0.7843270917084769,False
PGD,0.05,198,0,2,0.13368430799801528,0.08179419525065963,-0.12618032242321026,False
PGD,0.05,199,7,3,0.8062202642236412,0.6334661354581673,0.9194206771444421,False
PGD,0.05,200,9,1,0.8409375354383118,0.6078431372549019,0.9124719466780769,False
PGD,0.05,201,2,7,0.8458605064795568,0.6546184738955824,0.8690294727165911,False
PGD,0.05,202,7,5,0.5849441918255155,0.2786377708978328,0.5052516912712394,False
PGD,0.05,203,6,3,0.4523198609395344,0.2852664576802508,0.5666843757243774,False
PGD,0.05,204,9,7,0.6936269385873453,0.35313531353135313,0.8473162499906024,False
PGD,0.05,205,4,3,0.14724584293771142,0.5126353790613718,0.5823916845373608,False
PGD,0.05,207,9,1,0.8729989773775699,0.55893536121673,0.8854774847995955,False
PGD,0.05,209,4,2,0.3310069502281375,0.20588235294117646,0.19642415289045387,False
PGD,0.05,210,7,6,0.19599092898918102,0.12568306010928962,0.22480435018164602,False
PGD,0.05,211,6,2,0.2230952612582295,0.23723723723723725,0.3482941783086981,False
PGD,0.05,212,5,3,0.6755755255708317,0.4697508896797153,0.6833481340434846,False
PGD,0.05,213,1,9,0.7440533061572433,0.3898305084745763,0.6507534471439932,False
PGD,0.05,214,5,3,0.6516613010675288,0.38513513513513514,0.7914601496379475,False
PGD,0.05,215,8,1,0.8796864174438651,0.729957805907173,0.8658051519942407,False
PGD,0.05,216,8,6,0.6735276409023415,0.35526315789473684,0.7580352171996515,False
PGD,0.05,217,0,8,0.7517180690574928,0.553030303030303,0.7988750880953704,False
PGD,0.05,219,5,3,0.8728656284290658,0.7012448132780082,0.8545759677113155,False
PGD,0.05,220,1,8,0.8573113129496266,0.7226890756302521,0.8906555641963001,False
PGD,0.05,221,1,9,0.8146532560373552,0.4748201438848921,0.8194156392168387,False
PGD,0.05,222,8,4,0.8070371635809276,0.6872427983539094,0.813418443725232,False
PGD,0.05,223,9,8,0.7883076548201622,0.48014440433212996,0.8537919407682522,False
PGD,0.05,224,0,2,0.5227611422505692,0.3141025641025641,0.6411738461257203,False
PGD,0.05,225,3,2,0.018503499719442446,0.07894736842105263,-0.06758551224596566,False
PGD,0.05,226,1,9,0.9660328378867821,0.8114035087719298,0.9780607305539701,False
PGD,0.05,227,9,8,0.4689192680560036,0.2166172106824926,0.5431383690441929,False
PGD,0.05,228,2,6,0.7726727186002322,0.48201438848920863,0.7866398697786299,False
PGD,0.05,229,2,0,0.3640398774192288,0.15126050420168066,0.27923026197697914,False
PGD,0.05,230,5,9,0.6633543996195469,0.626984126984127,0.8626724359303928,False
PGD,0.05,231,3,6,0.56589313640724,0.25382262996941896,0.48992906973921385,False
PGD,0.05,232,9,1,0.4053393161060707,0.2732919254658385,0.11188495078045382,False
PGD,0.05,233,9,8,0.8883335247812186,0.729957805907173,0.8971049192832371,False
PGD,0.05,234,4,2,0.38531287670793,0.2088235294117647,0.4322813894760249,False
PGD,0.05,235,0,8,0.6892805643973475,0.5413533834586466,0.7963508641315694,False
PGD,0.05,236,3,6,0.8635813079377603,0.7083333333333334,0.8882847542563946,False
PGD,0.05,237,0,8,0.7595523222189082,0.5413533834586466,0.9189624802807417,False
PGD,0.05,238,9,1,0.6764130652096872,0.4748201438848921,0.8324087104878201,False
PGD,0.05,239,8,6,0.6050476567150154,0.2772585669781931,0.5045458359686756,False
PGD,0.05,240,1,9,0.7366368094315896,0.41379310344827586,0.7690173297345656,False
PGD,0.05,241,5,6,0.6126723745136905,0.3355048859934853,0.6196884417617357,False
PGD,0.05,242,7,3,0.4530509480752413,0.23867069486404835,0.5161752645022796,False
PGD,0.05,244,8,2,0.6206589031443771,0.3898305084745763,0.6006147258503641,False
PGD,0.05,245,2,6,0.5624206917015656,0.21301775147928995,0.412792763520454,False
PGD,0.05,246,4,6,0.5093390933311505,0.22686567164179106,0.3959375262920778,False
PGD,0.05,247,7,5,0.8224035504566142,0.729957805907173,0.7871720482071188,False
PGD,0.05,248,0,3,0.6711605225562961,0.44876325088339225,0.8119660813670275,False
PGD,0.05,249,2,6,0.42178622543324096,0.20234604105571846,0.25780809149304795,False
PGD,0.05,250,3,2,0.7861468947586223,0.6205533596837944,0.858088465919413,False
PGD,0.05,251,6,2,0.6543503880787355,0.48375451263537905,0.7771027672328156,False
PGD,0.05,253,8,1,0.8059402254118017,0.5018315018315018,0.831065008939043,False
PGD,0.05,255,0,8,0.6513043135946969,0.4855072463768116,0.7114394038675385,False
PGD,0.05,257,4,6,0.6678243787317212,0.3945578231292517,0.7225533381238796,False
PGD,0.05,258,3,6,0.6808653610686843,0.44405594405594406,0.6271205687150305,False
PGD,0.05,259,9,0,0.8356207797865896,0.410958904109589,0.8696934046822898,False
PGD,0.05,261,6,2,0.5291095583158208,0.2852664576802508,0.5513849252865013,False
PGD,0.05,262,1,9,0.9198097019682269,0.7024793388429752,0.9434579700229636,False
PGD,0.05,263,9,8,0.8004105740926675,0.4,0.7466284551667708,False
PGD,0.05,264,1,8,0.6001493713247436,0.25914634146341464,0.48611321795668083,False
PGD,0.05,266,7,3,0.4985771299635691,0.15819209039548024,0.6002762972741195,False
PGD,0.05,267,9,8,0.7448865222199076,0.43859649122807015,0.7472534821825284,False
PGD,0.05,268,1,8,0.8523443027360905,0.759656652360515,0.8842164446751486,False
PGD,0.05,269,2,3,0.8569675791545732,0.7372881355932204,0.893950885195246,False
PGD,0.05,270,6,2,0.8303765332280635,0.759656652360515,0.9304098858786374,False
PGD,0.05,271,9,1,0.7214605455044326,0.44366197183098594,0.7697279895497604,False
PGD,0.05,272,3,5,0.7695886896449257,0.6872427983539094,0.8056267930312464,False
PGD,0.05,273,4,2,0.21991153124075097,0.2693498452012384,0.587872413308029,False
PGD,0.05,274,6,3,0.6132971703587375,0.25382262996941896,0.4826852219082523,False
PGD,0.05,275,0,8,0.5362720623524231,0.3576158940397351,0.6004102678842083,False
PGD,0.05,276,0,2,0.8013550963214208,0.6465863453815262,0.818724759898621,False
PGD,0.05,277,6,3,0.6582519079994851,0.45907473309608543,0.893217173208722,False
PGD,0.05,278,6,2,0.38585457905762577,0.37583892617449666,0.5622983759179433,False
PGD,0.05,279,6,2,0.5458168770040567,0.3993174061433447,0.5803860735684894,False
PGD,0.05,280,3,4,0.3402174027194407,0.23795180722891565,0.4863061170826209,False
PGD,0.05,281,2,5,0.5254972096830166,0.34868421052631576,0.6122140764941827,False
PGD,0.05,282,6,2,0.7370459667886414,0.4748201438848921,0.7485648251863243,False
PGD,0.05,283,8,1,0.8120580328485141,0.7521367521367521,0.8664822538482946,False
PGD,0.05,284,2,6,0.6974640218513473,0.5298507462686567,0.8532674478683062,False
PGD,0.05,285,1,9,0.45856382073175395,0.19130434782608696,0.5888389940778391,False
PGD,0.05,287,8,9,0.5066875789163651,0.34967320261437906,0.6354588774609297,False
PGD,0.05,288,6,2,0.5554553650294778,0.3225806451612903,0.6116085821465469,False
PGD,0.05,289,8,2,0.5269369597907713,0.37583892617449666,0.602773250608034,False
PGD,0.05,290,0,6,0.34580958921485716,0.6015625,0.6036767137875061,False
PGD,0.05,291,4,3,0.3536005460494611,0.16147308781869688,0.1839804665796492,False
PGD,0.05,292,7,2,0.5167655769608827,0.3057324840764331,0.5744726590491017,False
PGD,0.05,293,7,4,0.8617695681971206,0.7372881355932204,0.8961024023523492,False
PGD,0.05,294,5,6,0.8155372250141829,0.5413533834586466,0.8461191589169378,False
PGD,0.05,295,5,6,0.6683501238296133,0.4236111111111111,0.7692937893266452,False
PGD,0.05,296,3,2,0.7144922358397197,0.5298507462686567,0.7344286222710009,False
PGD,0.05,297,5,4,0.7631709755084218,0.6465863453815262,0.9180319056629158,False
PGD,0.05,298,2,4,0.7397451749038414,0.4748201438848921,0.7760077124398489,False
PGD,0.05,299,3,2,0.6484835346721212,0.5471698113207547,0.7581360526998846,False
PGD,0.05,300,4,2,0.457493367379658,0.40476190476190477,0.7112720063162703,False
PGD,0.05,301,1,2,0.37008964670350164,0.26153846153846155,0.4736384421167829,False
PGD,0.05,302,7,4,0.671202627266895,0.5891472868217055,0.6350045383548746,False
PGD,0.05,303,5,3,0.8896160436540665,0.7372881355932204,0.9250394097799012,False
PGD,0.05,304,4,2,0.6349345927297885,0.4236111111111111,0.6940795533048625,False
PGD,0.05,305,6,2,0.41116390683596604,0.20234604105571846,0.34034115113380986,False
PGD,0.05,306,1,9,0.9589986487253178,0.7903930131004366,0.9906102021781189,False
PGD,0.05,307,9,0,0.7594877220345826,0.4,0.9014318436372127,False
PGD,0.05,308,3,2,0.2900201971691753,0.3057324840764331,0.5681179128098999,False
PGD,0.05,309,6,2,0.8392770080524083,0.5769230769230769,0.9199807791830354,False
PGD,0.05,310,9,1,0.770919891019192,0.553030303030303,0.765392244827021,False
PGD,0.05,311,3,6,0.43769273690510124,0.19186046511627908,0.48106226288322906,False
PGD,0.05,312,8,2,0.8335653109222474,0.659919028340081,0.9298868871684359,False
PGD,0.05,313,0,2,0.7043311000876018,0.41379310344827586,0.7680059840504206,False
PGD,0.05,314,7,4,0.8989219633785225,0.4909090909090909,0.8943216125397664,False
PGD,0.05,315,2,6,0.2779272798691276,0.11320754716981132,0.2004968584682794,False
PGD,0.05,316,6,5,0.4067252596355744,0.38047138047138046,0.6103565843951546,False
PGD,0.05,318,8,0,0.6321066795380238,0.45907473309608543,0.6976996551692985,False
PGD,0.05,319,5,3,0.7971876083966896,0.64,0.8828555261984468,False
PGD,0.05,320,4,6,0.7835931784346611,0.5471698113207547,0.7900127726312774,False
PGD,0.05,321,8,6,0.6799235081514715,0.25766871165644173,0.7167580222445353,False
PGD,0.05,322,9,1,0.7204965027676036,0.46619217081850534,0.7391153447977332,False
PGD,0.05,323,9,1,0.8136664158141119,0.5451127819548872,0.8040709741966677,False
PGD,0.05,324,1,9,0.7343462795989047,0.46953405017921146,0.6992696049235655,False
PGD,0.05,325,0,8,0.790873260099507,0.5239852398523985,0.8410094117823026,False
PGD,0.05,326,2,0,0.7769989659844418,0.5891472868217055,0.8391343294680071,False
PGD,0.05,327,2,6,0.6713491754975589,0.36666666666666664,0.7254151321173373,False
PGD,0.05,329,3,2,0.6718598381773232,0.5471698113207547,0.5851617344327901,False
PGD,0.05,330,2,6,0.46144262330822317,0.12228260869565218,0.3118160355676791,False
PGD,0.05,331,8,6,0.8745977765268828,0.6465863453815262,0.8817346071446255,False
PGD,0.05,332,0,2,0.7781756239937696,0.4909090909090909,0.8452352923622334,False
PGD,0.05,333,9,8,0.7376372514112809,0.445993031358885,0.8182880577093022,False
PGD,0.05,334,8,6,0.5205153115272808,0.22023809523809523,0.6641458814773207,False
PGD,0.05,335,1,8,0.7231787176432154,0.6720647773279352,0.8273854084835646,False
PGD,0.05,336,4,0,0.8037971789540844,0.583011583011583,0.8750746568952819,False
PGD,0.05,337,1,9,0.8551509630958137,0.6334661354581673,0.9350112296078358,False
PGD,0.05,339,8,2,0.8895765124605253,0.7521367521367521,0.9136593847200566,False
PGD,0.05,340,1,9,0.8196693656624422,0.5769230769230769,0.822341751158156,False
PGD,0.05,342,7,0,0.7747316100585038,0.4855072463768116,0.7154839660410748,False
PGD,0.05,343,9,8,0.7913448266001671,0.43356643356643354,0.7727354109694161,False
PGD,0.05,344,4,2,0.6216752654459525,0.3141025641025641,0.6566934640657779,False
PGD,0.05,345,2,6,0.5359643238683413,0.2654320987654321,0.5256680412498994,False
PGD,0.05,346,7,2,0.16963002476639294,0.04060913705583756,0.19840255685828787,False
PGD,0.05,347,0,3,-0.22074418375933746,0.2298507462686567,0.029319111995446765,False
PGD,0.05,348,7,2,0.4992441272007621,0.2166172106824926,0.45374488647253186,False
PGD,0.05,349,0,2,0.12566591153693255,0.10810810810810811,0.29478725505939884,False
PGD,0.05,350,6,2,0.4757849117553278,0.3183279742765273,0.5056078356232675,False
PGD,0.05,351,6,2,0.6380759618801655,0.3279742765273312,0.6129013623019258,False
PGD,0.05,352,9,1,0.7755205249014316,0.3898305084745763,0.7846638401119767,False
PGD,0.05,353,0,2,0.7715435101038958,0.6666666666666666,0.8543179922802904,False
PGD,0.05,354,9,8,0.8215524907824556,0.553030303030303,0.818590144299777,False
PGD,0.05,356,8,2,0.5728278760033654,0.44876325088339225,0.5712400445925409,False
PGD,0.05,357,7,4,0.7948151454770354,0.6388888888888888,0.7443986353158041,False
PGD,0.05,358,2,3,0.8644763116212286,0.8303571428571429,0.923331546811985,False
PGD,0.05,359,2,3,0.6815016911697117,0.4767025089605735,0.7063992269894527,False
PGD,0.05,360,5,3,0.5195985467615055,0.19186046511627908,0.5687497267025841,False
PGD,0.05,361,1,9,0.7625704708897657,0.4748201438848921,0.8358075887365986,False
PGD,0.05,362,2,0,0.7282568097759324,0.4855072463768116,0.8321397008061733,False
PGD,0.05,363,2,6,0.8911540315172376,0.6872427983539094,0.9490989911788246,False
PGD,0.05,364,9,1,0.7588405908035809,0.553030303030303,0.7985480910692171,False
PGD,0.05,365,3,4,0.6716660328192868,0.5471698113207547,0.8716550362426482,False
PGD,0.05,366,3,9,0.05064194128017173,0.009852216748768473,-0.29456344508159893,False
PGD,0.05,367,9,8,0.9318096011700715,0.7649572649572649,0.9490934153351893,False
PGD,0.05,369,7,2,0.5873868076927056,0.34868421052631576,0.5688428300765231,False
PGD,0.05,370,8,9,0.9274067711195296,0.7446808510638298,0.9594587669614458,False
PGD,0.05,372,0,8,0.4924098835583327,0.3442622950819672,0.4188963131279059,False
PGD,0.05,373,1,8,0.7991089438633806,0.5185185185185185,0.9023088034938487,False
PGD,0.05,374,8,6,0.6681910052057907,0.30990415335463256,0.5770786416434253,False
PGD,0.05,375,2,3,0.7961368813625807,0.4642857142857143,0.8557245069685689,False
PGD,0.05,377,3,4,0.6034149317974611,0.3979591836734694,0.7572890989659756,False
PGD,0.05,378,6,8,0.7651488890750169,0.44366197183098594,0.7591593806041187,False
PGD,0.05,379,1,9,0.7295542084915045,0.5298507462686567,0.7016255954125087,False
PGD,0.05,380,0,9,0.6328094183472839,0.3687707641196013,0.6758103064660401,False
PGD,0.05,381,7,2,0.5395748131245804,0.09018567639257294,0.35774809013193365,False
PGD,0.05,382,3,2,0.48006477388181346,0.24629080118694363,0.656520592213361,False
PGD,0.05,383,7,4,0.8365281525139625,0.6666666666666666,0.8735562084413984,False
PGD,0.05,384,4,2,0.6169175014847658,0.3300970873786408,0.5669784838227122,False
PGD,0.05,385,5,4,0.5511063898013927,0.45390070921985815,0.6003617012859327,False
PGD,0.05,387,0,8,0.543731293803599,0.3355048859934853,0.5869284949809159,False
PGD,0.05,388,2,5,0.8415878602915262,0.6532258064516129,0.937606725941882,False
PGD,0.05,389,9,8,0.9314207636569378,0.626984126984127,0.9753241486981589,False
PGD,0.05,391,4,2,0.3811774869219017,0.23493975903614459,0.2507310993213945,False
PGD,0.05,392,0,6,0.672121623145229,0.4340277777777778,0.834112039572999,False
PGD,0.05,393,6,8,0.6384548752759128,0.34868421052631576,0.7495797801445877,False
PGD,0.05,396,3,6,0.8235517111579342,0.5185185185185185,0.8419134922307666,False
PGD,0.05,397,7,2,0.43267221187874083,0.5222222222222223,0.8444431092439095,False
PGD,0.05,398,3,7,0.5578326418893907,0.5471698113207547,0.5687212982046267,False
PGD,0.05,399,2,6,0.4821737987938552,0.33116883116883117,0.45072858826157947,False
PGD,0.05,400,5,2,0.7593838464931624,0.5185185185185185,0.8136635829694463,False
PGD,0.05,401,3,5,0.8448731082783648,0.6334661354581673,0.9041930138850778,False
PGD,0.05,402,1,9,0.8685651265040657,0.5648854961832062,0.9187368368000935,False
PGD,0.05,403,4,6,0.5021145243599623,0.20588235294117646,0.32225786811441387,False
PGD,0.05,404,9,1,0.7891784366330451,0.5953307392996109,0.7828549091920108,False
PGD,0.05,405,9,8,0.5901368306559674,0.3141025641025641,0.7559743187576596,False
PGD,0.05,406,5,6,0.9210715038183879,0.7903930131004366,0.9588311440370518,False
PGD,0.05,407,7,2,0.6076788661888519,0.3355048859934853,0.687202744321817,False
PGD,0.05,408,0,2,0.7577086716846249,0.55893536121673,0.8346480084360224,False
PGD,0.05,409,2,3,0.8894883999105035,0.7521367521367521,0.948743023647622,False
PGD,0.05,411,2,5,0.07429297669386331,0.06217616580310881,-0.03893141622910539,False
PGD,0.05,412,9,8,0.9400015401946017,0.8061674008810573,0.9541280187017168,False
PGD,0.05,413,3,6,0.6722209550379693,0.41379310344827586,0.686689830526704,False
PGD,0.05,414,9,8,0.9047620631533967,0.64,0.917812419377608,False
PGD,0.05,415,4,2,0.8903136990479463,0.7446808510638298,0.9523634693795409,False
PGD,0.05,417,5,4,0.3151992762978113,0.14206128133704735,0.30260043071161014,False
PGD,0.05,419,5,2,0.5635223919911497,0.5769230769230769,0.8590100711465615,False
PGD,0.05,420,6,2,0.685722981665923,0.42560553633217996,0.6866149962975161,False
PGD,0.05,421,1,8,0.7777067911342757,0.626984126984127,0.7818009503210736,False
PGD,0.05,422,4,2,0.3715731676694794,0.36688311688311687,0.5958045263709334,False
PGD,0.05,423,3,4,0.3313949645758495,0.30158730158730157,0.559557732545345,False
PGD,0.05,424,4,2,0.7467543544005272,0.48014440433212996,0.8132056740642343,False
PGD,0.05,425,4,2,0.9192748667573082,0.8981481481481481,0.9625985933332744,False
PGD,0.05,426,3,6,0.4446600222165873,0.14206128133704735,0.30880972119112704,False
PGD,0.05,427,7,9,0.5345759928727952,0.49635036496350365,0.6849345111480767,False
PGD,0.05,428,8,1,0.6382811885084626,0.29337539432176657,0.814641841078505,False
PGD,0.05,429,3,4,0.7393065189733308,0.5769230769230769,0.8225814642342959,False
PGD,0.05,430,0,8,0.31522093856783506,0.19883040935672514,0.4252116999090872,False
PGD,0.05,431,5,2,0.6005407121065541,0.33986928104575165,0.687662589543965,False
PGD,0.05,432,7,5,0.7343007205770566,0.5147058823529411,0.7369466407960795,False
PGD,0.05,433,6,2,0.6750911480771962,0.5823754789272031,0.7882428349203536,False
PGD,0.05,435,4,5,0.4870361190546888,0.3183279742765273,0.511138194550561,False
PGD,0.05,436,8,3,0.3632903910833053,0.27469135802469136,0.12992550490419152,False
PGD,0.05,437,6,2,0.6964466985116696,0.5526315789473685,0.7865084460043947,False
PGD,0.05,438,8,3,0.7328744568798647,0.553030303030303,0.8300024432593004,False
PGD,0.05,439,5,3,0.6799461046997017,0.5185185185185185,0.790814703710872,False
PGD,0.05,440,5,6,0.6557948771098177,0.3945578231292517,0.8406409764010239,False
PGD,0.05,441,9,1,0.8700130459295927,0.5891472868217055,0.9170460135830967,False
PGD,0.05,442,9,7,0.34697957194621054,0.12912087912087913,0.17727543832464934,False
PGD,0.05,444,0,2,0.5461785937452788,0.45390070921985815,0.660858316853814,False
PGD,0.05,445,1,9,0.8126243679128455,0.578544061302682,0.8105638832424643,False
PGD,0.05,446,0,5,0.2445891679487792,0.3057324840764331,0.4864662407509286,False
PGD,0.05,447,8,4,0.7218977098281567,0.4714285714285714,0.6268344556284523,False
PGD,0.05,448,1,9,0.7322806554389071,0.3945578231292517,0.6999118482245518,False
PGD,0.05,449,1,8,0.934724632364053,0.5907335907335908,0.966718739445657,False
PGD,0.05,450,0,8,0.8033346606517685,0.5298507462686567,0.8889840377216403,False
PGD,0.05,451,2,5,0.8502317405575831,0.680327868852459,0.9615105774515605,False
PGD,0.05,452,0,2,0.7424644321918256,0.4909090909090909,0.7860468494625562,False
PGD,0.05,453,4,2,0.635709054371309,0.6334661354581673,0.7355455625622953,False
PGD,0.05,455,4,2,0.8881720716916245,0.680327868852459,0.9341361661620566,False
PGD,0.05,456,9,1,0.5656544266588236,0.33986928104575165,0.40868913262214973,False
PGD,0.05,457,4,3,0.4402503287365968,0.23867069486404835,0.31669639478300693,False
PGD,0.05,458,7,4,0.7494255508335456,0.5413533834586466,0.8226994227773292,False
PGD,0.05,459,9,0,0.8690774908520766,0.7024793388429752,0.8803139824973655,False
PGD,0.05,460,4,2,0.9105089647177409,0.6666666666666666,0.9312061065608473,False
PGD,0.05,461,5,2,0.7325555919077159,0.5413533834586466,0.8247084944186489,False
PGD,0.05,462,6,4,0.7255766636653412,0.45614035087719296,0.6675924428544758,False
PGD,0.05,463,6,8,0.8849738335027497,0.7903930131004366,0.9556902471582143,False
PGD,0.05,464,1,9,0.877072708802463,0.659919028340081,0.920281865027353,False
PGD,0.05,465,5,3,0.8567759708099111,0.7154811715481172,0.8858274986795797,False
PGD,0.05,466,8,0,0.5162498456209064,0.2654320987654321,0.5105824969786583,False
PGD,0.05,467,5,3,0.7015770747982097,0.44876325088339225,0.6056115701932167,False
PGD,0.05,469,5,2,0.6409137725414014,0.4041095890410959,0.8489706455178468,False
PGD,0.05,470,7,0,0.7561729280746503,0.3069620253164557,0.7572085765728879,False
PGD,0.05,471,0,8,0.7065894145452412,0.6532258064516129,0.9075485998521314,False
PGD,0.05,472,7,4,0.8108750881528007,0.38513513513513514,0.8069077120204038,False
PGD,0.05,473,0,8,0.4828512640990256,0.3519736842105263,0.5730207969989743,False
PGD,0.05,474,5,6,0.30903498925332024,0.07611548556430446,0.16045508420634708,False
PGD,0.05,475,0,2,0.3098541973110498,0.12021857923497267,0.21194965850702688,False
PGD,0.05,476,0,8,0.6658859401052686,0.4645390070921986,0.6725888484432437,False
PGD,0.05,477,4,0,0.6983052623518825,0.7982456140350878,0.9151628561862226,False
PGD,0.05,478,6,2,0.9161658559501524,0.8894009216589862,0.9607155782272861,False
PGD,0.05,479,9,8,0.8942489658851596,0.8149779735682819,0.8802896536825077,False
PGD,0.05,480,9,1,0.8480894532958432,0.6141732283464567,0.8159119598059448,False
PGD,0.05,481,5,8,0.5298214920413454,0.2693498452012384,0.5065958974931943,False
PGD,0.05,482,6,2,0.5989969868217071,0.2724458204334365,0.6653456988481633,False
PGD,0.05,483,6,2,0.6130694944298545,0.46953405017921146,0.7223987249415673,False
PGD,0.05,484,6,2,0.5272627302579194,0.19767441860465115,0.4843568705028307,False
PGD,0.05,485,2,6,0.6833687364109985,0.3268608414239482,0.6418288995234936,False
PGD,0.05,486,0,8,0.43313466950344504,0.27469135802469136,0.4411105387919421,False
PGD,0.05,487,1,9,0.803289772667123,0.6078431372549019,0.7980746215908604,False
PGD,0.05,488,6,9,0.6794255934242357,0.43356643356643354,0.6501383805569568,False
PGD,0.05,489,5,2,0.9048701145592526,0.782608695652174,0.9516005131551646,False
PGD,0.05,490,9,1,0.8406120848858497,0.6205533596837944,0.8491523870441987,False
PGD,0.05,491,1,8,0.7235588251927195,0.38513513513513514,0.6989207350432631,False
PGD,0.05,492,6,2,0.4629639877964255,0.38047138047138046,0.6221236928022851,False
PGD,0.05,493,2,6,0.7604023256558187,0.5241635687732342,0.7466089887636626,False
PGD,0.05,494,5,3,0.7474253143365743,0.6334661354581673,0.7664507301214541,False
PGD,0.05,495,5,3,0.6600632185402971,0.5769230769230769,0.7728649948124954,False
PGD,0.05,497,8,9,0.6996472660912278,0.5241635687732342,0.7870384352263629,False
PGD,0.05,498,5,3,0.6324918464572891,0.43902439024390244,0.666685484502368,False
PGD,0.05,499,9,1,0.7413727968060494,0.41237113402061853,0.8016815252242463,False
PGD,0.05,500,4,2,0.7409357588583901,0.3993174061433447,0.7417849051339859,False
PGD,0.05,501,4,5,0.6818478253846382,0.34868421052631576,0.555213279299976,False
PGD,0.05,502,3,6,0.5665670342195074,0.43859649122807015,0.7766810270413937,False
PGD,0.05,503,2,0,0.8546023047005636,0.729957805907173,0.9250622864796915,False
PGD,0.05,504,0,2,0.2947600895280436,0.09333333333333334,0.5219516727314709,False
PGD,0.05,506,2,3,0.7557906167755267,0.6334661354581673,0.7555795129250061,False
PGD,0.05,507,2,4,0.6073941322246403,0.3898305084745763,0.7768169620424695,False
PGD,0.05,508,3,6,0.3599427711148333,0.15789473684210525,0.36014889451255705,False
PGD,0.05,509,9,8,0.929902462652449,0.6942148760330579,0.9288550740991928,False
PGD,0.05,510,7,3,0.46991632388181703,0.5708812260536399,0.6195314944176232,False
PGD,0.05,511,9,8,0.9517314182759742,0.6639676113360324,0.9612506396346292,False
PGD,0.05,512,2,0,0.6106225709427774,0.36666666666666664,0.5833204261054877,False
PGD,0.05,513,6,3,0.28184767644790404,0.19825072886297376,0.1122922822068515,False
PGD,0.05,514,7,4,0.9181346854514624,0.8222222222222222,0.9336344910403326,False
PGD,0.05,515,1,8,0.68575850617383,0.45907473309608543,0.6857764133614107,False
PGD,0.05,516,3,0,0.08697657508796429,0.04591836734693878,-0.3174988684606135,False
PGD,0.05,517,6,3,0.8707790555068727,0.7012448132780082,0.9318485697470263,False
PGD,0.05,518,6,2,0.5985023734661249,0.3993174061433447,0.7205274568599894,False
PGD,0.05,520,7,2,0.4887746692629608,0.26153846153846155,0.4862900120800509,False
PGD,0.05,521,4,2,0.7137780078995378,0.4909090909090909,0.7623552499860531,False
PGD,0.05,522,0,2,0.18239100161529478,0.15406162464985995,0.19501651925373129,False
PGD,0.05,523,8,6,0.6442984501862792,0.4186851211072664,0.740042032796107,False
PGD,0.05,524,4,3,0.549599572217103,0.35973597359735976,0.5456913135064215,False
PGD,0.05,525,0,2,0.7699835307830007,0.3475409836065574,0.7416080148973868,False
PGD,0.05,526,9,8,0.9438470205259041,0.8230088495575221,0.9639620872655293,False
PGD,0.05,527,3,6,0.6745247691031063,0.33116883116883117,0.8152897036606779,False
PGD,0.05,528,4,2,0.5069645774270375,0.40893470790378006,0.6255583834339767,False
PGD,0.05,529,8,0,0.7732657304987003,0.5891472868217055,0.7715720322119097,False
PGD,0.05,530,9,8,0.5282172332572911,0.25,0.41140581481273797,False
PGD,0.05,531,6,5,0.8306810375070199,0.5945945945945946,0.8704604497363055,False
PGD,0.05,532,9,8,0.91214133658,0.7682403433476395,0.9254493088195155,False
PGD,0.05,533,2,0,0.7701244793788216,0.5648854961832062,0.789474735066301,False
PGD,0.05,534,6,4,0.8363615182950299,0.64,0.8392173326380102,False
PGD,0.05,535,1,0,0.9192397870431991,0.8468468468468469,0.9418508377507243,False
PGD,0.05,536,7,5,0.8679956044318408,0.7748917748917749,0.9475884288637495,False
PGD,0.05,537,3,2,0.2464628754605225,0.11290322580645161,0.21549505710612094,False
PGD,0.05,539,3,6,0.8645255404287542,0.64,0.9132854501637904,False
PGD,0.05,540,8,6,0.6659612455818604,0.5413533834586466,0.7020835692009266,False
PGD,0.05,541,5,3,0.8558188641565085,0.7012448132780082,0.8810351644744888,False
PGD,0.05,542,0,8,0.7215175233208216,0.46953405017921146,0.8078824985812175,False
PGD,0.05,543,2,0,0.6491708585237478,0.5129151291512916,0.6495342269855595,False
PGD,0.05,544,1,9,0.827651060147751,0.64,0.8462636663167518,False
PGD,0.05,545,6,2,0.6695162199204099,0.43859649122807015,0.739004618614242,False
PGD,0.05,546,4,2,0.523603912717773,0.2275449101796407,0.5915931072314208,False
PGD,0.05,547,3,6,0.2547994643724268,0.20579710144927535,0.10521411120658641,False
PGD,0.05,548,3,6,0.6356656528215789,0.38047138047138046,0.7797109742522761,False
PGD,0.05,549,9,1,0.8804558575946904,0.6942148760330579,0.8869091950540776,False
PGD,0.05,550,6,2,0.7197487076535027,0.37583892617449666,0.7566823201655314,False
PGD,0.05,551,9,1,0.8822123086487753,0.6872427983539094,0.9613149480647311,False
PGD,0.05,552,8,0,0.6307756466813077,0.3712374581939799,0.6899315859687737,False
PGD,0.05,553,8,6,0.8489559350325864,0.7012448132780082,0.8850766725327928,False
PGD,0.05,554,5,3,0.4437434036462408,0.1781609195402299,0.43017832904519554,False
PGD,0.05,555,8,9,0.34210543317383446,0.17478510028653296,0.39731965067771097,False
PGD,0.05,556,6,3,0.3999429975175464,0.35313531353135313,0.47784660699020753,False
PGD,0.05,557,6,2,0.5562570197741947,0.2893081761006289,0.44957164821964846,False
PGD,0.05,558,2,3,0.7252463176130102,0.5036496350364964,0.8617021507238248,False
PGD,0.05,559,1,9,0.6606466547033137,0.38047138047138046,0.57792739437835,False
PGD,0.05,560,7,6,0.8078758135498584,0.5891472868217055,0.9005868924853085,False
PGD,0.05,561,7,2,0.5427630335352929,0.2772585669781931,0.5420873896086614,False
PGD,0.05,562,1,9,0.6958797039938044,0.3898305084745763,0.5894277269188057,False
PGD,0.05,563,2,9,0.23443551551323527,0.1232876712328767,0.09622226566042297,False
PGD,0.05,564,7,4,0.9229456143090006,0.7982456140350878,0.9637824200409109,False
PGD,0.05,565,9,1,0.7250627864967789,0.5129151291512916,0.6884753921024344,False
PGD,0.05,566,9,1,0.9143218740203677,0.7226890756302521,0.9327001563720531,False
PGD,0.05,567,4,3,0.5985785290742149,0.3225806451612903,0.8468738171079536,False
PGD,0.05,568,4,7,0.760073031150025,0.5471698113207547,0.9062326632543412,False
PGD,0.05,569,1,9,0.5254422339043144,0.2996845425867508,0.7453756794430388,False
PGD,0.05,570,2,8,0.8469292052839634,0.6078431372549019,0.8462831031639464,False
PGD,0.05,571,5,2,0.9100105131166221,0.8141592920353983,0.9509728938706876,False
PGD,0.05,572,6,2,0.7560649959028826,0.3879598662207358,0.8095625934106131,False
PGD,0.05,573,8,0,0.803403248646732,0.7012448132780082,0.8352388742278483,False
PGD,0.05,574,7,4,0.8217806362453297,0.7154811715481172,0.8392230274037501,False
PGD,0.05,575,6,2,0.4727002520792871,0.2732919254658385,0.29312084940543465,False
PGD,0.05,576,8,9,0.6101551019038042,0.40893470790378006,0.6064806702430572,False
PGD,0.05,577,3,6,0.52577134976767,0.23867069486404835,0.6293529859857351,False
PGD,0.05,578,0,8,0.800203098744683,0.6334661354581673,0.9241123967268314,False
PGD,0.05,579,5,2,0.6001681021012409,0.5413533834586466,0.6916544327585753,False
PGD,0.05,580,5,2,0.585627006634122,0.3898305084745763,0.597003929967242,False
PGD,0.05,581,3,6,0.8830300704162766,0.673469387755102,0.9388214687152558,False
PGD,0.05,582,0,8,0.6221995669852435,0.3141025641025641,0.5526578074831098,False
PGD,0.05,583,7,5,0.7134397362755645,0.5471698113207547,0.7265502965417422,False
PGD,0.05,584,9,8,0.8965404142994853,0.680327868852459,0.9030393506736692,False
PGD,0.05,585,3,6,0.24169693277319051,0.08421052631578947,0.23267102950116597,False
PGD,0.05,586,4,7,0.6039280025343571,0.583011583011583,0.8487780024525997,False
PGD,0.05,587,5,3,0.7271585635973151,0.4642857142857143,0.7189423406933876,False
PGD,0.05,588,3,6,0.29958079147742256,0.09333333333333334,0.19942145804974948,False
PGD,0.05,589,9,2,0.2622274952047207,0.13573407202216067,0.2595643475200681,False
PGD,0.05,590,6,2,0.6250940903734702,0.43859649122807015,0.7326585117312895,False
PGD,0.05,591,9,3,0.7123172555625792,0.6532258064516129,0.7852357447238,False
PGD,0.05,593,1,9,0.621438299074284,0.2654320987654321,0.48770290166088265,False
PGD,0.05,594,1,9,0.5727331918828222,0.35313531353135313,0.6232834123424701,False
PGD,0.05,595,4,6,0.45754549784459086,0.23809523809523808,0.343238974348008,False
PGD,0.05,596,1,9,0.9121696763842769,0.7792207792207793,0.9706323281026543,False
PGD,0.05,597,9,8,0.6036276083944858,0.3712374581939799,0.3407652123402811,False
PGD,0.05,598,4,2,0.575178063295495,0.40955631399317405,0.7044463894693874,False
PGD,0.05,599,7,5,0.7142527389819541,0.5073529411764706,0.6921700809173514,False
PGD,0.05,600,3,2,0.4553762140680213,0.2530487804878049,0.42529899441307023,False
PGD,0.05,602,9,1,0.8721036395201316,0.626984126984127,0.8733640094267328,False
PGD,0.05,603,0,8,0.6398583567045497,0.37919463087248323,0.6434357653069241,False
PGD,0.05,604,1,9,0.6566413616559733,0.45907473309608543,0.5976392708825831,False
PGD,0.05,605,3,5,0.7099964447407681,0.4236111111111111,0.7429890719091009,False
PGD,0.05,606,6,2,0.5013790120613161,0.2613981762917933,0.45779925700425445,False
PGD,0.05,607,3,6,0.682762119967281,0.37333333333333335,0.7934383405151961,False
PGD,0.05,608,3,8,0.7393249420389897,0.48028673835125446,0.8322303662081457,False
PGD,0.05,609,2,5,0.9254787256114582,0.6788617886178862,0.9644853817601046,False
PGD,0.05,611,3,4,0.4176216777830837,0.20943952802359883,0.4030043670827877,False
PGD,0.05,612,1,6,0.816591358308256,0.48375451263537905,0.7779371296900232,False
PGD,0.05,613,0,8,0.22919519498767593,0.08179419525065963,0.09180509222129232,False
PGD,0.05,616,6,2,0.8583808874149295,0.7154811715481172,0.8974629196092246,False
PGD,0.05,617,4,3,0.5691576188253845,0.3183279742765273,0.43384542069921883,False
PGD,0.05,618,8,9,-0.08769933949498038,0.0,-0.5429918240298467,False
PGD,0.05,619,9,8,0.8109068120636883,0.5185185185185185,0.7810567782276943,False
PGD,0.05,621,9,2,0.375558153356938,0.13259668508287292,0.4848138252398558,False
PGD,0.05,623,3,6,0.6219906546258142,0.3712374581939799,0.6010057908648878,False
PGD,0.05,624,3,2,0.7398986621269372,0.5769230769230769,0.8094768918769142,False
PGD,0.05,625,2,0,0.617534909581975,0.20588235294117646,0.5555726394993474,False
PGD,0.05,627,7,4,0.7797956467336099,0.5725190839694656,0.8307366302611578,False
PGD,0.05,628,8,0,0.7788224763418796,0.5298507462686567,0.8019174178555717,False
PGD,0.05,629,3,6,0.6604496090660511,0.3838383838383838,0.6390682325288192,False
PGD,0.05,630,8,0,0.50123738570393,0.20760233918128654,0.3664929932686292,False
PGD,0.05,631,2,4,0.40506077641290583,0.4574468085106383,0.7311933731403519,False
PGD,0.05,632,7,4,0.7891249870199478,0.6205533596837944,0.7789848088658109,False
PGD,0.05,633,5,2,0.39363058328045775,0.30990415335463256,0.48996024972981783,False
PGD,0.05,634,7,4,0.843224869368697,0.8061674008810573,0.8237828709644477,False
PGD,0.05,635,2,6,0.4002310406655297,0.33116883116883117,0.5788884025259826,False
PGD,0.05,636,4,3,0.6873442730342848,0.4355400696864111,0.6744924395985877,False
PGD,0.05,637,8,2,0.4706925317237275,0.29337539432176657,0.3007576235784928,False
PGD,0.05,638,7,2,0.6702428056683513,0.4041095890410959,0.6597273807056652,False
PGD,0.05,639,4,2,0.7599725188720509,0.3898305084745763,0.8343483729583788,False
PGD,0.05,640,2,0,0.20571975065353906,0.13573407202216067,0.17945661532985052,False
PGD,0.05,641,9,7,0.7880132648454615,0.7196652719665272,0.883382248205996,False
PGD,0.05,642,8,0,0.756226772266115,0.6995884773662552,0.8715403244668543,False
PGD,0.05,643,8,6,0.8415459549859078,0.673469387755102,0.8592556639539681,False
PGD,0.05,644,6,2,0.5176365358559359,0.44366197183098594,0.6442463506061548,False
PGD,0.05,646,8,4,0.8406447928244546,0.5953307392996109,0.9178633835038927,False
PGD,0.05,647,7,6,0.865423783659935,0.6532258064516129,0.9440965555018298,False
PGD,0.05,648,4,3,0.8591309863434741,0.7012448132780082,0.9572859171329478,False
PGD,0.05,649,3,6,0.25382346370126213,0.05670103092783505,0.03190289288794667,False
PGD,0.05,650,3,6,0.8166800811225493,0.5769230769230769,0.8561589046825083,False
PGD,0.05,651,8,9,0.7376798680107269,0.6334661354581673,0.7569273979248647,False
PGD,0.05,652,4,7,0.6864975461537933,0.43859649122807015,0.5453863625204088,False
PGD,0.05,653,9,8,0.8772175962755666,0.60546875,0.8871261336734805,False
PGD,0.05,654,4,6,0.8458557874405173,0.8303571428571429,0.9156512902039938,False
PGD,0.05,655,8,0,0.8651593031042074,0.6506024096385542,0.9541383060014441,False
PGD,0.05,656,8,6,0.7406614708036361,0.3519736842105263,0.7295507345531832,False
PGD,0.05,657,1,9,0.7271267496732742,0.34868421052631576,0.6563495700516642,False
PGD,0.05,658,8,9,0.9270105607939895,0.729957805907173,0.9476193646109099,False
PGD,0.05,661,6,2,0.693046948322117,0.43902439024390244,0.8094475437138983,False
PGD,0.05,662,5,3,0.7118520786181181,0.7521367521367521,0.9260344669822912,False
PGD,0.05,663,4,5,0.39362489789677507,0.30990415335463256,0.464196831883077,False
PGD,0.05,665,9,1,0.5196763703037472,0.25766871165644173,0.4576362288953886,False
PGD,0.05,668,1,8,0.7838655725650533,0.657258064516129,0.8671237179798089,False
PGD,0.05,669,4,8,0.7679418000232803,0.5893536121673004,0.7958505132852758,False
PGD,0.05,670,1,9,0.4337170854936383,0.18840579710144928,0.18808176785033998,False
PGD,0.05,672,2,5,0.40098249003210706,0.19533527696793002,0.22204291782425467,False
PGD,0.05,673,7,2,0.7012595515057135,0.4013605442176871,0.7319394768677425,False
PGD,0.05,674,0,8,0.5381818527256595,0.4305555555555556,0.7417926574208586,False
PGD,0.05,675,7,5,0.6039765569723343,0.30990415335463256,0.5798248649565765,False
PGD,0.05,676,9,6,0.2677635826621769,0.3183279742765273,0.6267971461197285,False
PGD,0.05,678,6,8,0.8595997006935481,0.6374501992031872,0.8945603662416943,False
PGD,0.05,679,2,4,0.8605777219918793,0.759656652360515,0.9405714162500666,False
PGD,0.05,680,5,3,0.8099048472279627,0.6141732283464567,0.8719102867458883,False
PGD,0.05,681,9,1,0.750324489736169,0.5488721804511278,0.7700134358675553,False
PGD,0.05,682,2,0,0.7556585860424868,0.6465863453815262,0.7566878344716621,False
PGD,0.05,683,9,8,0.9564113265134879,0.8061674008810573,0.958304315232552,False
PGD,0.05,684,1,9,0.7833971914190513,0.583011583011583,0.7819728695341536,False
PGD,0.05,685,2,3,0.8971950049407383,0.8385650224215246,0.9602798047770582,False
PGD,0.05,686,2,6,0.8504314724598411,0.8468468468468469,0.9678049639039504,False
PGD,0.05,687,6,2,0.6943935766298126,0.49818181818181817,0.7757628708639509,False
PGD,0.05,688,8,0,0.9372107962355811,0.7226890756302521,0.9707393495275191,False
PGD,0.05,689,2,0,0.7263566891293554,0.4041095890410959,0.7270548949337958,False
PGD,0.05,690,1,9,0.8579851179962328,0.6220472440944882,0.8695236880193306,False
PGD,0.05,691,3,5,0.44506310972835617,0.19476744186046513,0.17171204483738958,False
PGD,0.05,692,6,2,0.7670362762798218,0.5968992248062015,0.7532711753115017,False
PGD,0.05,693,6,2,0.6348303632256878,0.41237113402061853,0.7801789238549136,False
PGD,0.05,694,0,7,0.8426244217439516,0.6872427983539094,0.7742952820418811,False
PGD,0.05,695,1,9,0.43346167303492267,0.16147308781869688,0.632571033722557,False
PGD,0.05,696,2,3,0.7648662166482598,0.4909090909090909,0.8276254729872998,False
PGD,0.05,697,7,4,0.889131632870471,0.729957805907173,0.9260441525338081,False
PGD,0.05,698,0,2,0.09450873479308616,0.09333333333333334,0.23643117266340738,False
PGD,0.05,700,4,0,0.6897858515514071,0.3464052287581699,0.7393264798284186,False
PGD,0.05,702,1,9,0.9696755669349749,0.8303571428571429,0.9819464897560256,False
PGD,0.05,703,6,2,0.46933190332802793,0.24242424242424243,0.4624445351261196,False
PGD,0.05,704,4,6,0.2779150339290872,0.19883040935672514,0.3510861834090989,False
PGD,0.05,705,0,2,0.7603924631582591,0.64,0.8546484753590177,False
PGD,0.05,706,2,6,-0.19221040999934286,0.059431524547803614,0.07378023258039569,False
PGD,0.05,708,6,2,0.3017942220686946,0.07611548556430446,0.2681372679583069,False
PGD,0.05,709,0,2,0.5757945909195156,0.40273037542662116,0.8307349704629693,False
PGD,0.05,711,9,1,0.9122716702917624,0.6205533596837944,0.9335773665965418,False
PGD,0.05,712,1,9,0.4429774741372149,0.1839080459770115,0.37989422319841304,False
PGD,0.05,713,7,5,0.7782487178981833,0.680327868852459,0.8590759755440738,False
PGD,0.05,714,6,8,0.6270078090956357,0.34868421052631576,0.6362752694000637,False
PGD,0.05,715,7,6,0.7269688944977063,0.5509433962264151,0.85763233174857,False
PGD,0.05,716,3,5,0.9041668151742255,0.7012448132780082,0.9513044720043943,False
PGD,0.05,717,9,0,0.7095332354219002,0.37583892617449666,0.6424310553689931,False
PGD,0.05,718,6,2,0.6329222301278847,0.4855072463768116,0.7073222820910325,False
PGD,0.05,719,8,0,0.7153258662141816,0.553030303030303,0.7825331550256602,False
PGD,0.05,720,3,0,0.27163784736025987,0.43356643356643354,0.74048541277009,False
PGD,0.05,721,3,6,-0.18892542860270725,0.023923444976076555,-0.06976844411181002,False
PGD,0.05,722,7,2,0.9075033615326741,0.7154811715481172,0.9196194921156357,False
PGD,0.05,723,7,5,0.754711575030498,0.6532258064516129,0.8283408701936573,False
PGD,0.05,725,4,3,0.6926306867448492,0.4186851211072664,0.8584264404267604,False
PGD,0.05,726,7,6,0.5390554022353237,0.24620060790273557,0.5332653759179627,False
PGD,0.05,727,2,6,0.13769122284903196,0.1111111111111111,0.0535238493844532,False
PGD,0.05,728,7,5,0.3906534293786342,0.19186046511627908,0.29276993879643654,False
PGD,0.05,729,1,9,0.5933100114887878,0.30158730158730157,0.6150904118471701,False
PGD,0.05,730,4,0,0.5071964334579772,0.36212624584717606,0.7329040634145584,False
PGD,0.05,731,7,5,0.7500399753352153,0.36212624584717606,0.7249540488598307,False
PGD,0.05,732,4,2,0.6157037419729905,0.4041095890410959,0.43008068547007333,False
PGD,0.05,733,4,2,0.7172220189939942,0.659919028340081,0.6756055046245494,False
PGD,0.05,734,8,0,0.9285113351232201,0.7083333333333334,0.9649543203907834,False
PGD,0.05,735,4,6,0.7702275196561512,0.5298507462686567,0.7405501533252429,False
PGD,0.05,736,7,3,0.7017888909745851,0.5708812260536399,0.7678294298844823,False
PGD,0.05,737,7,5,0.901984723582423,0.615686274509804,0.9211612441503781,False
PGD,0.05,739,7,4,0.8807654561992933,0.680327868852459,0.87657782218019,False
PGD,0.05,740,2,3,0.87478409846418,0.7903930131004366,0.9568957276428973,False
PGD,0.05,741,0,2,0.5203712110920153,0.3183279742765273,0.8275620809178678,False
PGD,0.05,742,8,2,0.8067230687066141,0.6078431372549019,0.8662173932050827,False
PGD,0.05,743,9,8,0.7605846993977854,0.3898305084745763,0.7786964065232421,False
PGD,0.05,744,5,6,0.19678593322995652,0.07049608355091384,0.2370520832735394,False
PGD,0.05,745,8,4,0.5646529151450501,0.34868421052631576,0.6959567499540715,False
PGD,0.05,746,3,2,0.6290965447369026,0.5410447761194029,0.8279404222217065,False
PGD,0.05,747,6,2,0.28083241942714754,0.08465608465608465,0.14481729970029458,False
PGD,0.05,748,2,7,0.5404343717874815,0.37583892617449666,0.7783385575730616,False
PGD,0.05,749,0,8,0.5665707922693529,0.2893081761006289,0.6300933176395087,False
PGD,0.05,750,8,0,0.902666521495616,0.659919028340081,0.9041558580096996,False
PGD,0.05,751,7,4,0.9003821504274769,0.8385650224215246,0.9541878097678005,False
PGD,0.05,752,3,5,0.20137578627120803,0.0327455919395466,-0.16092776121070484,False
PGD,0.05,753,6,2,0.5817205762427257,0.38513513513513514,0.6576973164283391,False
PGD,0.05,754,5,4,0.7655668359624563,0.553030303030303,0.8571276517311684,False
PGD,0.05,755,3,4,0.6733187441851878,0.5725190839694656,0.8096091269398302,False
PGD,0.05,756,1,0,0.8676507673143635,0.6141732283464567,0.9334595434312265,False
PGD,0.05,757,3,6,0.09718139516568561,0.03258145363408521,-0.26937476676069855,False
PGD,0.05,758,2,3,0.5578075637279724,0.23123123123123124,0.6890108181578454,False
PGD,0.05,759,2,5,0.4873431550082096,0.33116883116883117,0.49901634532156086,False
PGD,0.05,760,5,2,0.7658599950504054,0.8475336322869955,0.8201862426034747,False
PGD,0.05,761,4,3,0.5470657431618338,0.6872427983539094,0.7083473515435507,False
PGD,0.05,762,1,0,0.45381453906884417,0.5018181818181818,0.8138046114977375,False
PGD,0.05,763,2,4,0.4899816932873084,0.25,0.28982274964638144,False
PGD,0.05,764,9,2,0.356625695744207,0.17765042979942694,0.3208024951868197,False
PGD,0.05,765,2,0,0.9243994594149335,0.659919028340081,0.9666554356942797,False
PGD,0.05,766,7,3,0.6312266744441799,0.41580756013745707,0.727735327712808,False
PGD,0.05,767,0,8,0.7259644812149321,0.55893536121673,0.7931975051849344,False
PGD,0.05,768,7,5,0.7286934834872593,0.5129151291512916,0.6440680168536121,False
PGD,0.05,769,2,0,0.6108797470206869,0.2893081761006289,0.6849309280809047,False
PGD,0.05,770,1,9,0.5319582293438312,0.2772585669781931,0.46508137481773276,False
PGD,0.05,771,3,2,0.45290540490013503,0.6205533596837944,0.7635345056378967,False
PGD,0.05,772,2,4,0.5950021505894514,0.3898305084745763,0.6449150108909031,False
PGD,0.05,773,2,6,0.3982243579211328,0.21301775147928995,0.3722424732610044,False
PGD,0.05,774,4,3,0.7221852321557966,0.4927536231884058,0.6948896657440333,False
PGD,0.05,775,7,2,0.38277828124237795,0.15492957746478872,0.27232715099579025,False
PGD,0.05,776,9,1,0.854680912293626,0.6666666666666666,0.8494515435315622,False
PGD,0.05,777,8,0,0.7546949135966202,0.5129151291512916,0.6981820893645165,False
PGD,0.05,779,0,6,0.7094462402550691,0.5451127819548872,0.8484963488462429,False
PGD,0.05,780,7,3,0.5869623731937846,0.3712374581939799,0.61594278976287,False
PGD,0.05,781,7,4,0.7188990701585126,0.4855072463768116,0.8203483267825047,False
PGD,0.05,782,0,8,0.8338619877181991,0.6666666666666666,0.8768923482127495,False
PGD,0.05,783,8,6,0.7779403059748855,0.583011583011583,0.8732147803284648,False
PGD,0.05,784,4,2,0.6825021804481216,0.43859649122807015,0.7326668093589861,False
PGD,0.05,785,6,2,0.5660466140441971,0.23123123123123124,0.5107051634348541,False
PGD,0.05,786,3,6,0.21428345118158026,0.09333333333333334,0.05229816935967022,False
PGD,0.05,787,3,2,0.5962876032090046,0.44876325088339225,0.7707711405175426,False
PGD,0.05,788,0,8,0.6071374816213839,0.48014440433212996,0.7292524859742673,False
PGD,0.05,789,1,9,0.7690938737177284,0.4855072463768116,0.7620475362425043,False
PGD,0.05,790,3,6,0.6838448993380687,0.4645390070921986,0.803592240948226,False
PGD,0.05,791,7,3,0.40828152138570367,0.20588235294117646,0.19329319116623195,False
PGD,0.05,792,0,8,0.4767464742742302,0.22255192878338279,0.34430555290490045,False
PGD,0.05,793,1,9,0.18985992105289903,0.01485148514851485,-0.18324014504909739,False
PGD,0.05,794,3,6,0.651270317707277,0.3141025641025641,0.7097474095342433,False
PGD,0.05,795,1,9,0.7354356927146926,0.49635036496350365,0.7038572253668004,False
PGD,0.05,796,4,6,0.8048550416260803,0.6983471074380165,0.9704618044901591,False
PGD,0.05,797,2,6,0.644150110446578,0.5708812260536399,0.8794421026954915,False
PGD,0.05,798,3,8,0.742348014237738,0.5185185185185185,0.8831397803884141,False
PGD,0.05,799,8,3,0.691243086054304,0.7166666666666667,0.8492863538118367,False
PGD,0.05,800,4,2,0.6091012672201549,0.3475409836065574,0.6451913260282791,False
PGD,0.05,801,2,3,0.872526017695489,0.7446808510638298,0.9029496558629648,False
PGD,0.05,802,3,2,0.7128190265061918,0.34201954397394135,0.7988821655425656,False
PGD,0.05,803,7,2,0.2135100823065222,0.16292134831460675,0.112778561907685,False
PGD,0.05,804,8,0,0.9410678679068413,0.7310924369747899,0.9668092439954008,False
PGD,0.05,807,0,8,0.18026091234197775,0.11684782608695653,0.06242288674361421,False
PGD,0.05,808,9,8,0.8829931761689219,0.64,0.9248957122702888,False
PGD,0.05,809,0,8,0.21482706822712988,0.11716621253405994,-0.1255317569270521,False
PGD,0.05,810,0,8,0.3105674905154149,0.19883040935672514,0.3737271408203568,False
PGD,0.05,811,1,6,0.6832947280304782,0.44366197183098594,0.6767658807508612,False
PGD,0.05,812,4,6,0.8156680624336886,0.673469387755102,0.894442459176765,False
PGD,0.05,813,4,5,0.6893277908076075,0.5355805243445693,0.7224142364172095,False
PGD,0.05,814,6,2,0.7303992642228183,0.6015625,0.8515611911907454,False
PGD,0.05,815,7,3,0.8352351737092938,0.7748917748917749,0.9091647377515174,False
PGD,0.05,817,1,9,0.7402266284682342,0.4909090909090909,0.7576596070141625,False
PGD,0.05,818,1,9,0.6398955369142598,0.42857142857142855,0.5504629321902146,False
PGD,0.05,819,3,6,0.8489983123258726,0.680327868852459,0.9507514252803443,False
PGD,0.05,820,7,4,0.7948387001128592,0.5298507462686567,0.7587763700124484,False
PGD,0.05,822,5,2,0.6319830354915164,0.34868421052631576,0.8207771723274473,False
PGD,0.05,823,2,6,0.7117039333425701,0.37209302325581395,0.7664757277776509,False
PGD,0.05,824,6,2,0.5547992829453839,0.5355805243445693,0.6026367862201908,False
PGD,0.05,825,6,2,0.718021498893845,0.44876325088339225,0.7132204832191874,False
PGD,0.05,826,5,6,0.5508426209479796,0.24242424242424243,0.4400711723869145,False
PGD,0.05,827,8,2,0.7283726012936625,0.4909090909090909,0.8778924662302988,False
PGD,0.05,829,1,8,0.764181208244343,0.5891472868217055,0.8040871995915251,False
PGD,0.05,830,6,2,0.8318772823412037,0.7415254237288136,0.9555643358234233,False
PGD,0.05,831,8,0,0.9198565547900087,0.771551724137931,0.9502355720736773,False
PGD,0.05,832,8,1,0.5005141398476811,0.2974683544303797,0.7262698229374221,False
PGD,0.05,834,3,6,0.6811969999841155,0.4236111111111111,0.8357813668695591,False
PGD,0.05,835,0,3,0.6978500301535682,0.45422535211267606,0.8733210752264126,False
PGD,0.05,836,4,2,0.2723630174311476,0.15819209039548024,0.19606551380871784,False
PGD,0.05,837,0,8,0.4514892357066597,0.26153846153846155,0.5860287434998709,False
PGD,0.05,838,1,9,0.6416861232516174,0.4041095890410959,0.5634063192903828,False
PGD,0.05,840,8,3,0.6799094880870461,0.4421052631578947,0.702662196538579,False
PGD,0.05,841,8,0,0.3690292555370407,0.18497109826589594,0.7545077238383087,False
PGD,0.05,842,0,2,0.6971647136630463,0.4186851211072664,0.6825709131051602,False
PGD,0.05,843,6,2,0.12977921372141238,0.035175879396984924,0.00648498458549202,False
PGD,0.05,844,9,1,0.665608391226352,0.4748201438848921,0.6096898987999891,False
PGD,0.05,845,9,0,0.642276449013259,0.5128205128205128,0.6884483027502092,False
PGD,0.05,847,5,0,0.34925185590028385,0.22551928783382788,0.26588671398620295,False
PGD,0.05,848,8,2,0.6734531463623962,0.3993174061433447,0.7480061847026561,False
PGD,0.05,849,0,2,0.8086692670569617,0.45390070921985815,0.8052249628370085,False
PGD,0.05,850,0,8,0.6938819706346289,0.6078431372549019,0.8320903772413739,False
PGD,0.05,851,4,2,0.7306993520865492,0.42214532871972316,0.5881480962988421,False
PGD,0.05,852,2,5,0.6366779677434766,0.4642857142857143,0.578912221068186,False
PGD,0.05,853,3,2,0.7191265653929061,0.626984126984127,0.8089373676536631,False
PGD,0.05,855,7,5,0.7437091912873112,0.45907473309608543,0.884114973373825,False
PGD,0.05,856,2,3,0.9286203513131339,0.8141592920353983,0.9625863190973403,False
PGD,0.05,857,2,3,0.7243878640340897,0.5708812260536399,0.7005642745063501,False
PGD,0.05,858,5,4,0.8837011289402578,0.7012448132780082,0.8768442198682447,False
PGD,0.05,859,9,1,0.8315877482824071,0.5708812260536399,0.8594405532625942,False
PGD,0.05,860,8,0,0.877320501402285,0.7066115702479339,0.8826293719266471,False
PGD,0.05,861,9,1,0.5453615398545744,0.2834890965732087,0.3942858391760561,False
PGD,0.05,862,1,9,0.1184813852605173,0.06217616580310881,-0.1807474606291506,False
PGD,0.05,863,7,5,0.8726705310579675,0.7446808510638298,0.9467304720769419,False
PGD,0.05,865,0,8,0.6814387316578592,0.5129151291512916,0.8657241361076583,False
PGD,0.05,866,0,2,0.3849498220139387,0.1896551724137931,0.3738151702411853,False
PGD,0.05,867,1,9,0.7284673246032883,0.3939393939393939,0.7682663967856637,False
PGD,0.05,868,8,1,0.7463335329170763,0.4236111111111111,0.893444146885031,False
PGD,0.05,869,3,2,0.32332217196324986,0.23423423423423423,0.23000134315234574,False
PGD,0.05,870,9,0,0.8838920254238258,0.7426160337552743,0.9712790902045202,False
PGD,0.05,871,6,2,0.7283268616918673,0.5073529411764706,0.8898175706608096,False
PGD,0.05,872,4,6,0.7098104359482872,0.553030303030303,0.8372618661054094,False
PGD,0.05,873,7,4,0.8620718260841257,0.7649572649572649,0.8925929888331533,False
PGD,0.05,874,0,8,0.38262917274490726,0.18911174785100288,0.70869705771986,False
PGD,0.05,875,3,6,0.09300353567878172,0.37333333333333335,0.5614229296592727,False
PGD,0.05,876,7,5,0.8168749431886616,0.46953405017921146,0.835681982913912,False
PGD,0.05,877,8,1,0.5996163877385892,0.3576158940397351,0.7531631208670975,False
PGD,0.05,878,9,1,0.9005088670366614,0.7521367521367521,0.8606062636905694,False
PGD,0.05,879,1,8,0.8738999328846057,0.6465863453815262,0.9402936540296214,False
PGD,0.05,880,1,8,0.5790894165567602,0.3898305084745763,0.7332597527109765,False
PGD,0.05,881,6,3,0.2782391305828946,0.18155619596541786,0.43625585175971765,False
PGD,0.05,882,6,2,0.5696085442026818,0.24242424242424243,0.5587258760013545,False
PGD,0.05,883,6,5,0.5248355753471822,0.4471830985915493,0.7652042252263677,False
PGD,0.05,885,9,0,0.6019023955198963,0.33876221498371334,0.5483116121686855,False
PGD,0.05,886,1,9,0.65517167095646,0.33986928104575165,0.5221323384834623,False
PGD,0.05,887,9,1,0.8940742763100996,0.7903930131004366,0.9227298347397528,False
PGD,0.05,888,9,1,0.9116281024979417,0.8981481481481481,0.9789908260487432,False
PGD,0.05,889,4,2,0.622419504253483,0.30158730158730157,0.705386049726977,False
PGD,0.05,890,2,3,0.3201215692330238,0.025,0.4873937190539668,False
PGD,0.05,891,1,8,0.909033400071344,0.7748917748917749,0.9307750065982977,False
PGD,0.05,892,7,8,0.6972697524453056,0.626984126984127,0.7826079451182263,False
PGD,0.05,893,0,8,0.5898869254691086,0.33766233766233766,0.6085029112950653,False
PGD,0.05,894,6,2,0.6453898565612248,0.44366197183098594,0.8188954137809268,False
PGD,0.05,895,8,0,0.6973567446859101,0.48736462093862815,0.733525564434921,False
PGD,0.05,897,9,1,0.8763359002989425,0.7521367521367521,0.8582708097588816,False
PGD,0.05,898,2,3,0.5411931467554243,0.30990415335463256,0.7854953046728578,False
PGD,0.05,899,9,0,0.665580560362997,0.29874213836477986,0.8348563032584971,False
PGD,0.05,900,0,3,0.05915706602611449,0.07329842931937172,-0.1184166341286546,False
PGD,0.05,901,4,2,0.5769006724289575,0.35313531353135313,0.6087010621093331,False
PGD,0.05,902,7,4,0.6527969204109801,0.44366197183098594,0.5732937789110383,False
PGD,0.05,903,8,0,0.8605949531733637,0.7446808510638298,0.8337509000848438,False
PGD,0.05,904,3,5,0.8802047070314193,0.8061674008810573,0.9054830319655306,False
PGD,0.05,905,1,9,0.6186944430230045,0.24620060790273557,0.6331116285136197,False
PGD,0.05,906,2,0,0.3629120053126008,0.626984126984127,0.7679650338749008,False
PGD,0.05,907,0,8,0.4512694290579343,0.2996845425867508,0.5060834473929618,False
PGD,0.05,908,1,9,0.7882583267854516,0.45390070921985815,0.7987807390697579,False
PGD,0.05,909,5,3,0.7119054725536933,0.40955631399317405,0.8142015557375043,False
PGD,0.05,910,8,0,0.9079863501371012,0.5708812260536399,0.9213848344472949,False
PGD,0.05,911,4,3,0.5896347591583893,0.40476190476190477,0.6629353112276342,False
PGD,0.05,912,3,6,0.5151850216383612,0.37583892617449666,0.6124751900616857,False
PGD,0.05,913,8,6,0.44604704848121435,0.1781609195402299,0.28250438782601534,False
PGD,0.05,914,1,9,0.5164579321746026,0.20943952802359883,0.507842226040656,False
PGD,0.05,915,3,2,0.3971191492357385,0.21301775147928995,0.38294540084342044,False
PGD,0.05,916,8,1,0.8497525944867717,0.5298507462686567,0.8908270186830393,False
PGD,0.05,917,5,3,0.9155451774420823,0.7982456140350878,0.9504954622795293,False
PGD,0.05,919,8,4,0.5086190796208557,0.3057324840764331,0.4489188015033915,False
PGD,0.05,920,4,3,0.6291368658538665,0.7083333333333334,0.8043259916643586,False
PGD,0.05,921,8,3,0.6093111678630048,0.3442622950819672,0.5938044526630846,False
PGD,0.05,922,1,9,0.8795990266743496,0.6465863453815262,0.9129421549783939,False
PGD,0.05,923,1,9,0.6658390299665063,0.3268608414239482,0.5479605973489978,False
PGD,0.05,924,8,0,0.8010010639503158,0.7457627118644068,0.9147112724280954,False
PGD,0.05,925,9,8,0.5153238563123297,0.3654485049833887,0.45243851421020514,False
PGD,0.05,926,6,8,0.6539122740250389,0.38513513513513514,0.5872988700074275,False
PGD,0.05,927,0,2,0.8652449208780153,0.8061674008810573,0.9754890122505919,False
PGD,0.05,928,8,3,0.7375935713744023,0.6141732283464567,0.9093908895336725,False
PGD,0.05,929,6,2,0.6417022962674234,0.46099290780141844,0.7025354880971033,False
PGD,0.05,930,1,9,0.7728530692498712,0.48014440433212996,0.8011954084485633,False
PGD,0.05,931,3,6,0.843654178082943,0.64,0.9146561772356194,False
PGD,0.05,932,4,2,0.18050774392987376,0.20588235294117646,0.47512570021264733,False
PGD,0.05,933,1,9,0.6839715079456077,0.3268608414239482,0.699905373049809,False
PGD,0.05,934,0,8,0.7895926105288359,0.673469387755102,0.8647752238049837,False
PGD,0.05,936,1,8,0.8859111296795529,0.7083333333333334,0.9469645952505451,False
PGD,0.05,937,0,8,0.6628537016136148,0.42857142857142855,0.7789785345435523,False
PGD,0.05,938,0,2,0.7618055211913293,0.6078431372549019,0.8340442881942829,False
PGD,0.05,939,3,5,0.4804347818896461,0.2654320987654321,0.687831281233172,False
PGD,0.05,940,5,2,0.5863330283335867,0.38047138047138046,0.699343154353745,False
PGD,0.05,941,0,6,0.9014553613740311,0.729957805907173,0.882901192597949,False
PGD,0.05,942,0,8,0.7106219863618267,0.5185185185185185,0.7908584470539838,False
PGD,0.05,943,6,2,0.45844111240333907,0.3687707641196013,0.7379892000485433,False
PGD,0.05,944,6,2,0.5260756330229838,0.26461538461538464,0.6724932877003928,False
PGD,0.05,945,3,5,0.9013459717733621,0.6078431372549019,0.954607519721873,False
PGD,0.05,946,3,0,0.8609669939477063,0.6666666666666666,0.9339037548509797,False
PGD,0.05,947,6,2,0.2555024494342444,0.20234604105571846,0.2962321267843382,False
PGD,0.05,948,3,6,0.2595744892882842,0.11413043478260869,-0.09000999272451012,False
PGD,0.05,950,6,2,0.6149462000549545,0.60546875,0.6286290496238709,False
PGD,0.05,951,0,2,0.5727866593026418,0.41379310344827586,0.6165646013177756,False
PGD,0.05,952,7,9,0.433406704908117,0.20943952802359883,0.23555899787520765,False
PGD,0.05,953,2,3,0.902295065878411,0.7372881355932204,0.9200035094561393,False
PGD,0.05,956,2,7,-0.20991692645544152,0.11842105263157894,0.03983720803420834,False
PGD,0.05,957,8,0,0.8901866554508547,0.5241635687732342,0.9269379657284055,False
PGD,0.05,958,5,3,0.8249289116893823,0.5073529411764706,0.84693358933262,False
PGD,0.05,959,2,6,0.7612683455840018,0.44912280701754387,0.7278747569329879,False
PGD,0.05,960,1,8,0.94751682304419,0.8721461187214612,0.9664515313159794,False
PGD,0.05,961,1,9,0.43413376980481844,0.19533527696793002,0.3706897204010127,False
PGD,0.05,964,2,6,0.2533638607659797,0.05128205128205128,-0.10114860165797197,False
PGD,0.05,965,3,2,0.520187770408446,0.33116883116883117,0.6930585744248295,False
PGD,0.05,966,1,9,0.6623746738851776,0.4855072463768116,0.6076330379646993,False
PGD,0.05,967,5,2,0.6498570920260259,0.49097472924187724,0.716055649283467,False
PGD,0.05,968,3,4,0.5472960156008336,0.26380368098159507,0.5102953886740108,False
PGD,0.05,969,7,6,0.6602469387487646,0.43356643356643354,0.7547814727255482,False
PGD,0.05,970,6,1,0.5466468086157589,0.33876221498371334,0.5780950243225212,False
PGD,0.05,971,8,6,0.9026337601024018,0.691358024691358,0.9336773491862614,False
PGD,0.05,972,9,1,0.815263213755111,0.37583892617449666,0.8724940935805096,False
PGD,0.05,973,1,6,0.7861325957487921,0.6205533596837944,0.8974901595683846,False
PGD,0.05,974,6,2,0.7201912602817518,0.6788617886178862,0.9142733433979958,False
PGD,0.05,975,4,3,0.6154326555235091,0.36212624584717606,0.6031277761148754,False
PGD,0.05,976,9,6,0.3635101704255501,0.2298507462686567,0.458818083177454,False
PGD,0.05,977,3,9,0.28619764257853914,0.43902439024390244,0.4760722066566663,False
PGD,0.05,978,9,1,0.5355693736174226,0.30063291139240506,0.38866683017533094,False
PGD,0.05,979,0,8,0.8518304884345573,0.7372881355932204,0.9014306475055672,False
PGD,0.05,980,9,3,0.8899872750043869,0.7446808510638298,0.95344423467048,False
PGD,0.05,981,6,3,0.39040551491780207,0.16477272727272727,0.33282633129462397,False
PGD,0.05,982,3,5,0.7165030136968317,0.4856115107913669,0.8059805067134209,False
PGD,0.05,984,7,4,0.8055694904729459,0.7083333333333334,0.79312355039094,False
PGD,0.05,986,8,0,0.63542009688557,0.3675496688741722,0.5133162504702319,False
PGD,0.05,987,0,8,0.6007092968588653,0.33986928104575165,0.7402169868235087,False
PGD,0.05,988,0,8,0.6595611493957377,0.4041095890410959,0.6875700641696187,False
PGD,0.05,989,6,3,0.7427486438120263,0.583011583011583,0.8673909520596419,False
PGD,0.05,990,6,2,0.7852239996613659,0.4186851211072664,0.8228935967767188,False
PGD,0.05,991,9,8,0.633102219043604,0.3355048859934853,0.8838815509887089,False
PGD,0.05,992,4,5,0.6698741264436008,0.27076923076923076,0.7009737513883952,False
PGD,0.05,993,6,3,0.7362259779588358,0.6942148760330579,0.7165519438355117,False
PGD,0.05,994,3,4,0.5569153793193431,0.3141025641025641,0.5547259942654281,False
PGD,0.05,995,6,2,0.6737646568200094,0.37583892617449666,0.5436738074396663,False
PGD,0.05,996,0,2,0.6751008143141513,0.583011583011583,0.7890547289534332,False
PGD,0.05,997,8,0,0.8818183614040268,0.8303571428571429,0.868608953007421,False
PGD,0.05,998,6,3,0.20668814280869427,0.16477272727272727,0.3056565788958162,False
PGD,0.05,999,0,3,0.2417304129146016,0.12021857923497267,0.18532385984766106,False
